<All keys matched successfully>
[transformers] Detected the usage of `get_extended_attention_mask`: This function is deprecated and will be removed in v5.12.0. Please use the new API in `transformers.masking_utils`

────────────────────────────────────────────────────────────
Phase: System Analysis
────────────────────────────────────────────────────────────
[Component analysis] start
[Component analysis] at node: initial; tool calls: [memory]
[Component analysis] at node: tools
[Component analysis] at node: tool_result; tool calls: [list_files]
[Component analysis] at node: tools
[Component analysis] at node: tool_result; tool calls: [memory]
[Component analysis] at node: tools
[Component analysis] at node: tool_result; tool calls: [get_file, get_file]
[Component analysis] at node: tools
[Component analysis] at node: tool_result; tool calls: [get_file, get_file]
[Component analysis] at node: tools
[Component analysis] at node: tool_result; tool calls: [get_file, get_file]
[Component analysis] at node: tools
[Component analysis] at node: tool_result; tool calls: [get_file, get_file]
[Component analysis] at node: tools
[Component analysis] at node: tool_result; tool calls: [get_file, get_file]
[Component analysis] at node: tools
[Component analysis] at node: tool_result; tool calls: [get_file, get_file]
[Component analysis] at node: tools
[Component analysis] at node: tool_result; tool calls: [get_file, get_file]
[Component analysis] at node: tools
[Component analysis] at node: tool_result; tool calls: [get_file, get_file]
[Component analysis] at node: tools
[Component analysis] at node: tool_result; tool calls: [get_file, get_file]
[Component analysis] at node: tools
[Component analysis] at node: tool_result; tool calls: [get_file, get_file]
[Component analysis] at node: tools
[Component analysis] at node: tool_result; tool calls: [get_file]
[Component analysis] at node: tools
[Component analysis] at node: tool_result; tool calls: [memory]
[Component analysis] at node: tools
[Component analysis] at node: tool_result; tool calls: [write_rough_draft]
[Component analysis] at node: tools
[Component analysis] at node: tool_result; tool calls: [read_rough_draft]
[Component analysis] at node: tools
[Component analysis] at node: tool_result; tool calls: [result]
[Component analysis] at node: tools
[Component analysis] at node: tool_result; tool calls: [result]
[Component analysis] at node: tools
[Component analysis] end
[System Analysis] ✓ done

────────────────────────────────────────────────────────────
Phase: Auto Setup
────────────────────────────────────────────────────────────
[Harness Analysis] start
[Harness Analysis] at node: initial; tool calls: [memory]
[Harness Analysis] at node: tools
[Harness Analysis] at node: tool_result; tool calls: [list_files]
[Harness Analysis] at node: tools
[Harness Analysis] at node: tool_result; tool calls: [get_file]
[Harness Analysis] at node: tools
[Harness Analysis] at node: tool_result; tool calls: [get_file, get_file]
[Harness Analysis] at node: tools
[Harness Analysis] at node: tool_result; tool calls: [get_file, get_file]
[Harness Analysis] at node: tools
[Harness Analysis] at node: tool_result; tool calls: [get_file, get_file]
[Harness Analysis] at node: tools
[Harness Analysis] at node: tool_result; tool calls: [get_file]
[Harness Analysis] at node: tools
[Harness Analysis] at node: tool_result; tool calls: [get_file]
[Harness Analysis] at node: tools
[Harness Analysis] at node: tool_result; tool calls: [get_file]
[Harness Analysis] at node: tools
[Harness Analysis] at node: tool_result; tool calls: [get_file, get_file]
[Harness Analysis] at node: tools
[Harness Analysis] at node: tool_result; tool calls: [get_file, get_file]
[Harness Analysis] at node: tools
[Harness Analysis] at node: tool_result; tool calls: [get_file]
[Harness Analysis] at node: tools
[Harness Analysis] at node: tool_result; tool calls: [get_file]
[Harness Analysis] at node: tools
[Harness Analysis] at node: tool_result; tool calls: [get_file, get_file]
[Harness Analysis] at node: tools
[Harness Analysis] at node: tool_result; tool calls: [get_file, get_file]
[Harness Analysis] at node: tools
[Harness Analysis] at node: tool_result; tool calls: [get_file, get_file]
[Harness Analysis] at node: tools
[Harness Analysis] at node: tool_result; tool calls: [get_file]
[Harness Analysis] at node: tools
[Harness Analysis] at node: tool_result; tool calls: [memory]
[Harness Analysis] at node: tools
[Harness Analysis] at node: tool_result; tool calls: [memory]
[Harness Analysis] at node: tools
[Harness Analysis] at node: tool_result; tool calls: [memory]
[Harness Analysis] at node: tools
[Harness Analysis] at node: tool_result; tool calls: [memory]
[Harness Analysis] at node: tools
[Harness Analysis] at node: summarize
[Harness Analysis] at node: tool_result; tool calls: [memory]
[Harness Analysis] at node: tools
[Harness Analysis] at node: tool_result; tool calls: [memory, memory, memory]
[Harness Analysis] at node: tools
[Harness Analysis] at node: tool_result; tool calls: [memory]
[Harness Analysis] at node: tools
[Harness Analysis] at node: tool_result; tool calls: [memory]
[Harness Analysis] at node: tools
[Harness Analysis] at node: tool_result; tool calls: [result]
[Harness Analysis] at node: tools
[Harness Analysis] end
[Auto Setup] ✓ done

────────────────────────────────────────────────────────────
Phase: Custom Summaries
────────────────────────────────────────────────────────────
[Custom summaries] start
[Custom summaries] at node: initial; tool calls: [memory]
[Custom summaries] at node: tools
[Custom summaries] at node: tool_result; tool calls: [get_file]
[Custom summaries] at node: tools
[Custom summaries] at node: tool_result; tool calls: [grep_files]
[Custom summaries] at node: tools
[Custom summaries] at node: tool_result; tool calls: [get_file]
[Custom summaries] at node: tools
[Custom summaries] at node: tool_result; tool calls: [cvl_research, cvl_research]
[Custom summaries / CVL Researcher] start  (via tool: toolu_017p3sfDh4SNUWCZG6MsJvnV)
[Custom summaries / CVL Researcher] start  (via tool: toolu_01XU77hDFGeKJHLPKaaiYZVn)
[Custom summaries / CVL Researcher] at node: initial; tool calls: [cvl_manual_search, cvl_keyword_search]
[Custom summaries / CVL Researcher] at node: tools
[Custom summaries / CVL Researcher] at node: initial; tool calls: [cvl_manual_search, cvl_keyword_search]
[Custom summaries / CVL Researcher] at node: tools
[Custom summaries / CVL Researcher] at node: tool_result; tool calls: [get_cvl_manual_section, get_cvl_manual_section]
[Custom summaries / CVL Researcher] at node: tools
[Custom summaries / CVL Researcher] at node: tool_result; tool calls: [get_cvl_manual_section, get_cvl_manual_section]
[Custom summaries / CVL Researcher] at node: tools
[Custom summaries / CVL Researcher] at node: tool_result; tool calls: [get_cvl_manual_section, cvl_manual_search]
[Custom summaries / CVL Researcher] at node: tools
[Custom summaries / CVL Researcher] at node: tool_result; tool calls: [write_rough_draft]
[Custom summaries / CVL Researcher] at node: tools
[Custom summaries / CVL Researcher] at node: tool_result; tool calls: [read_rough_draft]
[Custom summaries / CVL Researcher] at node: tools
[Custom summaries / CVL Researcher] at node: tool_result; tool calls: [write_rough_draft]
[Custom summaries / CVL Researcher] at node: tools
[Custom summaries / CVL Researcher] at node: tool_result; tool calls: [read_rough_draft]
[Custom summaries / CVL Researcher] at node: tools
[Custom summaries / CVL Researcher] at node: tool_result; tool calls: [result]
[Custom summaries / CVL Researcher] at node: tools
[Custom summaries / CVL Researcher] end
[Custom summaries / CVL Researcher] at node: tool_result; tool calls: [result]
[Custom summaries / CVL Researcher] at node: tools
[Custom summaries / CVL Researcher] end
[Custom summaries] at node: tools
[Custom summaries] at node: tool_result; tool calls: [cvl_research]
[Custom summaries / CVL Researcher] start  (via tool: toolu_01FcugreGxaGf54wwWv18aPW)
[Custom summaries / CVL Researcher] at node: initial; tool calls: [cvl_keyword_search, cvl_manual_search]
[Custom summaries / CVL Researcher] at node: tools
[Custom summaries / CVL Researcher] at node: tool_result; tool calls: [get_cvl_manual_section, cvl_keyword_search]
[Custom summaries / CVL Researcher] at node: tools
[Custom summaries / CVL Researcher] at node: tool_result; tool calls: [get_cvl_manual_section, cvl_manual_search]
[Custom summaries / CVL Researcher] at node: tools
[Custom summaries / CVL Researcher] at node: tool_result; tool calls: [scan_knowledge_base]
[Custom summaries / CVL Researcher] at node: tools
[Custom summaries / CVL Researcher] at node: tool_result; tool calls: [write_rough_draft]
[Custom summaries / CVL Researcher] at node: tools
[Custom summaries / CVL Researcher] at node: tool_result; tool calls: [read_rough_draft]
[Custom summaries / CVL Researcher] at node: tools
[Custom summaries / CVL Researcher] at node: tool_result; tool calls: [result]
[Custom summaries / CVL Researcher] at node: tools
[Custom summaries / CVL Researcher] end
[Custom summaries] at node: tools
[Custom summaries] at node: tool_result; tool calls: [plan_write]
[Custom summaries] at node: tools
[Custom summaries] at node: tool_result; tool calls: [read_plan]
[Custom summaries] at node: tools
[Custom summaries] at node: tool_result; tool calls: [memory]
[Custom summaries] at node: tools
[Custom summaries] at node: tool_result; tool calls: [put_cvl_raw]
[Custom summaries] at node: tools
[Custom summaries] at node: tool_result; tool calls: [typechecker]
[Custom summaries] at node: tools
[Custom summaries] at node: tool_result; tool calls: [get_cvl]
[Custom summaries] at node: tools
[Custom summaries] at node: tool_result; tool calls: [result]
[Custom summaries] at node: tools
[Custom summaries] end
[Custom Summaries] ✓ done

────────────────────────────────────────────────────────────
Phase: Structural Invariants
────────────────────────────────────────────────────────────
[Structural invariant formulation] start
[Structural invariant formulation] at node: initial; tool calls: [memory]
[Structural invariant formulation] at node: tools
[Structural invariant formulation] at node: tool_result; tool calls: [list_files]
[Structural invariant formulation] at node: tools
[Structural invariant formulation] at node: tool_result; tool calls: [get_file]
[Structural invariant formulation] at node: tools
[Structural invariant formulation] at node: tool_result; tool calls: [get_file, get_file]
[Structural invariant formulation] at node: tools
[Structural invariant formulation] at node: tool_result; tool calls: [get_file, get_file]
[Structural invariant formulation] at node: tools
[Structural invariant formulation] at node: tool_result; tool calls: [get_file, get_file]
[Structural invariant formulation] at node: tools
[Structural invariant formulation] at node: tool_result; tool calls: [get_file]
[Structural invariant formulation] at node: tools
[Structural invariant formulation] at node: tool_result; tool calls: [get_file]
[Structural invariant formulation] at node: tools
[Structural invariant formulation] at node: tool_result; tool calls: [get_file, get_file]
[Structural invariant formulation] at node: tools
[Structural invariant formulation] at node: tool_result; tool calls: [get_file, get_file]
[Structural invariant formulation] at node: tools
[Structural invariant formulation] at node: tool_result; tool calls: [get_file]
[Structural invariant formulation] at node: tools
[Structural invariant formulation] at node: tool_result; tool calls: [get_file, get_file]
[Structural invariant formulation] at node: tools
[Structural invariant formulation] at node: tool_result; tool calls: [get_file]
[Structural invariant formulation] at node: tools
[Structural invariant formulation] at node: tool_result; tool calls: [get_file, get_file]
[Structural invariant formulation] at node: tools
[Structural invariant formulation] at node: tool_result; tool calls: [get_file]
[Structural invariant formulation] at node: tools
[Structural invariant formulation] at node: tool_result; tool calls: [get_file]
[Structural invariant formulation] at node: tools
[Structural invariant formulation] at node: tool_result; tool calls: [memory]
[Structural invariant formulation] at node: tools
[Structural invariant formulation] at node: tool_result; tool calls: [invariant_feedback, invariant_feedback, invariant_feedback, invariant_feedback, invariant_feedback, invariant_feedback, invariant_feedback]
[Structural invariant formulation / Invariant feedback: total_shares_eq_sum_of_balances] start  (via tool: toolu_01MUQpzyi9v5yB4Hi2BvBrFS)
[Structural invariant formulation / Invariant feedback: individual_balance_le_total_supply] start  (via tool: toolu_017E98LiaDpyMjywcnR8VoXB)
[Structural invariant formulation / Invariant feedback: global_fee_le_basis_points_max] start  (via tool: toolu_01JSJTE5jz9xG41qxs3URnPk)
[Structural invariant formulation / Invariant feedback: total_shares_eq_sum_of_balances] at node: initial; tool calls: [memory]
[Structural invariant formulation / Invariant feedback: total_shares_eq_sum_of_balances] at node: tools
[Structural invariant formulation / Invariant feedback: individual_balance_le_total_supply] at node: initial; tool calls: [memory]
[Structural invariant formulation / Invariant feedback: individual_balance_le_total_supply] at node: tools
[Structural invariant formulation / Invariant feedback: global_fee_le_basis_points_max] at node: initial; tool calls: [memory]
[Structural invariant formulation / Invariant feedback: global_fee_le_basis_points_max] at node: tools
[Structural invariant formulation / Invariant feedback: total_shares_eq_sum_of_balances] at node: tool_result; tool calls: [list_files]
[Structural invariant formulation / Invariant feedback: global_fee_le_basis_points_max] at node: tool_result; tool calls: [list_files]
[Structural invariant formulation / Invariant feedback: total_shares_eq_sum_of_balances] at node: tools
[Structural invariant formulation / Invariant feedback: individual_balance_le_total_supply] at node: tool_result; tool calls: [list_files, memory]
[Structural invariant formulation / Invariant feedback: global_fee_le_basis_points_max] at node: tools
[Structural invariant formulation / Invariant feedback: individual_balance_le_total_supply] at node: tools
[Structural invariant formulation / Invariant feedback: total_shares_eq_sum_of_balances] at node: tool_result; tool calls: [get_file, get_file, get_file]
[Structural invariant formulation / Invariant feedback: total_shares_eq_sum_of_balances] at node: tools
[Structural invariant formulation / Invariant feedback: global_fee_le_basis_points_max] at node: tool_result; tool calls: [get_file, get_file]
[Structural invariant formulation / Invariant feedback: global_fee_le_basis_points_max] at node: tools
[Structural invariant formulation / Invariant feedback: individual_balance_le_total_supply] at node: tool_result; tool calls: [get_file, get_file, get_file]
[Structural invariant formulation / Invariant feedback: individual_balance_le_total_supply] at node: tools
[Structural invariant formulation / Invariant feedback: global_fee_le_basis_points_max] at node: tool_result; tool calls: [get_file, grep_files]
[Structural invariant formulation / Invariant feedback: global_fee_le_basis_points_max] at node: tools
[Structural invariant formulation / Invariant feedback: individual_balance_le_total_supply] at node: tool_result; tool calls: [get_file, get_file]
[Structural invariant formulation / Invariant feedback: individual_balance_le_total_supply] at node: tools
[Structural invariant formulation / Invariant feedback: global_fee_le_basis_points_max] at node: tool_result; tool calls: [grep_files]
[Structural invariant formulation / Invariant feedback: global_fee_le_basis_points_max] at node: tools
[Structural invariant formulation / Invariant feedback: global_fee_le_basis_points_max] at node: tool_result; tool calls: [get_file]
[Structural invariant formulation / Invariant feedback: global_fee_le_basis_points_max] at node: tools
[Structural invariant formulation / Invariant feedback: total_shares_eq_sum_of_balances] at node: tool_result; tool calls: [get_file, get_file]
[Structural invariant formulation / Invariant feedback: total_shares_eq_sum_of_balances] at node: tools
[Structural invariant formulation / Invariant feedback: global_fee_le_basis_points_max] at node: tool_result; tool calls: [get_file]
[Structural invariant formulation / Invariant feedback: global_fee_le_basis_points_max] at node: tools
[Structural invariant formulation / Invariant feedback: global_fee_le_basis_points_max] at node: tool_result; tool calls: [write_rough_draft]
[Structural invariant formulation / Invariant feedback: global_fee_le_basis_points_max] at node: tools
[Structural invariant formulation / Invariant feedback: global_fee_le_basis_points_max] at node: tool_result; tool calls: [read_rough_draft]
[Structural invariant formulation / Invariant feedback: global_fee_le_basis_points_max] at node: tools
[Structural invariant formulation / Invariant feedback: total_shares_eq_sum_of_balances] at node: tool_result; tool calls: [write_rough_draft]
[Structural invariant formulation / Invariant feedback: total_shares_eq_sum_of_balances] at node: tools
[Structural invariant formulation / Invariant feedback: total_shares_eq_sum_of_balances] at node: tool_result; tool calls: [read_rough_draft]
[Structural invariant formulation / Invariant feedback: total_shares_eq_sum_of_balances] at node: tools
[Structural invariant formulation / Invariant feedback: global_fee_le_basis_points_max] at node: tool_result; tool calls: [result]
[Structural invariant formulation / Invariant feedback: global_fee_le_basis_points_max] at node: tools
[Structural invariant formulation / Invariant feedback: global_fee_le_basis_points_max] end
[Structural invariant formulation / Invariant feedback: committed_balance_multiple_of_deposit_size] start  (via tool: toolu_01FVkgUP7j3eQCYiFSmN5v4F)
[Structural invariant formulation / Invariant feedback: committed_balance_multiple_of_deposit_size] at node: initial; tool calls: [memory]
[Structural invariant formulation / Invariant feedback: committed_balance_multiple_of_deposit_size] at node: tools
[Structural invariant formulation / Invariant feedback: committed_balance_multiple_of_deposit_size] at node: tool_result; tool calls: [memory]
[Structural invariant formulation / Invariant feedback: committed_balance_multiple_of_deposit_size] at node: tools
[Structural invariant formulation / Invariant feedback: individual_balance_le_total_supply] at node: tool_result; tool calls: [code_explorer, get_file]
[Structural invariant formulation / Invariant feedback: individual_balance_le_total_supply / Code Explorer: Where is _burnRawShares called in the codebase, and what are the conditions/checks before it gets called? What external functions ultimately lead to _burnRawShares being invoked?] start  (via tool: toolu_01U7MD3i1yJMpeJJkLhPjL4S)
[Structural invariant formulation / Invariant feedback: individual_balance_le_total_supply / Code Explorer: Where is _burnRawShares called in the codebase, and what are the conditions/checks before it gets called? What external functions ultimately lead to _burnRawShares being invoked?] at node: initial; tool calls: [grep_files]
[Structural invariant formulation / Invariant feedback: committed_balance_multiple_of_deposit_size] at node: tool_result; tool calls: [code_explorer, code_explorer]
[Structural invariant formulation / Invariant feedback: total_shares_eq_sum_of_balances] at node: tool_result; tool calls: [result]
[Structural invariant formulation / Invariant feedback: total_shares_eq_sum_of_balances] at node: tools
[Structural invariant formulation / Invariant feedback: total_shares_eq_sum_of_balances] end
[Structural invariant formulation / Invariant feedback: cl_validator_count_le_deposited_count] start  (via tool: toolu_012SvXcn8v5MKnJ34xTfQ8ta)
[Structural invariant formulation / Invariant feedback: committed_balance_multiple_of_deposit_size / Code Explorer: What is CommittedBalance, how is it stored, and where is it incremented and decremented? Specifically look at _commitBalanceToDeposit and depositToConsensusLayerWithDepositRoot functions and how they modify CommittedBalance.] start  (via tool: toolu_01EpSgzt6hkiTdGL1Rn1M9FW)
[Structural invariant formulation / Invariant feedback: committed_balance_multiple_of_deposit_size / Code Explorer: What is DEPOSIT_SIZE in RiverV1 and what value does it have? Is it a constant?] start  (via tool: toolu_012RusDXPEurpXfABAaKtxci)
[Structural invariant formulation / Invariant feedback: individual_balance_le_total_supply / Code Explorer: Where is _burnRawShares called in the codebase, and what are the conditions/checks before it gets called? What external functions ultimately lead to _burnRawShares being invoked?] at node: tools
[Structural invariant formulation / Invariant feedback: cl_validator_count_le_deposited_count] at node: initial; tool calls: [memory]
[Structural invariant formulation / Invariant feedback: cl_validator_count_le_deposited_count] at node: tools
[Structural invariant formulation / Invariant feedback: individual_balance_le_total_supply / Code Explorer: Where is _burnRawShares called in the codebase, and what are the conditions/checks before it gets called? What external functions ultimately lead to _burnRawShares being invoked?] at node: tool_result; tool calls: [get_file, get_file]
[Structural invariant formulation / Invariant feedback: individual_balance_le_total_supply / Code Explorer: Where is _burnRawShares called in the codebase, and what are the conditions/checks before it gets called? What external functions ultimately lead to _burnRawShares being invoked?] at node: tools
[Structural invariant formulation / Invariant feedback: cl_validator_count_le_deposited_count] at node: tool_result; tool calls: [memory]
[Structural invariant formulation / Invariant feedback: committed_balance_multiple_of_deposit_size / Code Explorer: What is DEPOSIT_SIZE in RiverV1 and what value does it have? Is it a constant?] at node: initial; tool calls: [grep_files]
[Structural invariant formulation / Invariant feedback: cl_validator_count_le_deposited_count] at node: tools
[Structural invariant formulation / Invariant feedback: committed_balance_multiple_of_deposit_size / Code Explorer: What is DEPOSIT_SIZE in RiverV1 and what value does it have? Is it a constant?] at node: tools
[Structural invariant formulation / Invariant feedback: individual_balance_le_total_supply / Code Explorer: Where is _burnRawShares called in the codebase, and what are the conditions/checks before it gets called? What external functions ultimately lead to _burnRawShares being invoked?] at node: tool_result; tool calls: [get_file, get_file]
[Structural invariant formulation / Invariant feedback: individual_balance_le_total_supply / Code Explorer: Where is _burnRawShares called in the codebase, and what are the conditions/checks before it gets called? What external functions ultimately lead to _burnRawShares being invoked?] at node: tools
[Structural invariant formulation / Invariant feedback: committed_balance_multiple_of_deposit_size / Code Explorer: What is CommittedBalance, how is it stored, and where is it incremented and decremented? Specifically look at _commitBalanceToDeposit and depositToConsensusLayerWithDepositRoot functions and how they modify CommittedBalance.] at node: initial; tool calls: [grep_files, grep_files]
[Structural invariant formulation / Invariant feedback: committed_balance_multiple_of_deposit_size / Code Explorer: What is DEPOSIT_SIZE in RiverV1 and what value does it have? Is it a constant?] at node: tool_result; tool calls: [get_file]
[Structural invariant formulation / Invariant feedback: committed_balance_multiple_of_deposit_size / Code Explorer: What is DEPOSIT_SIZE in RiverV1 and what value does it have? Is it a constant?] at node: tools
[Structural invariant formulation / Invariant feedback: individual_balance_le_total_supply / Code Explorer: Where is _burnRawShares called in the codebase, and what are the conditions/checks before it gets called? What external functions ultimately lead to _burnRawShares being invoked?] at node: tool_result; tool calls: [get_file, get_file]
[Structural invariant formulation / Invariant feedback: individual_balance_le_total_supply / Code Explorer: Where is _burnRawShares called in the codebase, and what are the conditions/checks before it gets called? What external functions ultimately lead to _burnRawShares being invoked?] at node: tools
[Structural invariant formulation / Invariant feedback: cl_validator_count_le_deposited_count] at node: tool_result; tool calls: [memory]
[Structural invariant formulation / Invariant feedback: cl_validator_count_le_deposited_count] at node: tools
[Structural invariant formulation / Invariant feedback: individual_balance_le_total_supply / Code Explorer: Where is _burnRawShares called in the codebase, and what are the conditions/checks before it gets called? What external functions ultimately lead to _burnRawShares being invoked?] at node: tool_result; tool calls: [grep_files]
[Structural invariant formulation / Invariant feedback: cl_validator_count_le_deposited_count] at node: tool_result; tool calls: [code_explorer, code_explorer]
[Structural invariant formulation / Invariant feedback: cl_validator_count_le_deposited_count / Code Explorer: Where is LastConsensusLayerReport stored and what does its validatorsCount field represent? How is it set or updated in the contract?] start  (via tool: toolu_01LyyE5D2n6yjtYAsPmntkPX)
[Structural invariant formulation / Invariant feedback: cl_validator_count_le_deposited_count / Code Explorer: What is DepositedValidatorCount in RiverV1? How is it stored, initialized, and incremented?] start  (via tool: toolu_01Y1t39kVUrJCuPLJVYDMtZX)
[Structural invariant formulation / Invariant feedback: committed_balance_multiple_of_deposit_size / Code Explorer: What is CommittedBalance, how is it stored, and where is it incremented and decremented? Specifically look at _commitBalanceToDeposit and depositToConsensusLayerWithDepositRoot functions and how they modify CommittedBalance.] at node: tools
[Structural invariant formulation / Invariant feedback: individual_balance_le_total_supply / Code Explorer: Where is _burnRawShares called in the codebase, and what are the conditions/checks before it gets called? What external functions ultimately lead to _burnRawShares being invoked?] at node: tools
[Structural invariant formulation / Invariant feedback: committed_balance_multiple_of_deposit_size / Code Explorer: What is DEPOSIT_SIZE in RiverV1 and what value does it have? Is it a constant?] at node: tool_result; tool calls: [result]
[Structural invariant formulation / Invariant feedback: committed_balance_multiple_of_deposit_size / Code Explorer: What is DEPOSIT_SIZE in RiverV1 and what value does it have? Is it a constant?] at node: tools
[Structural invariant formulation / Invariant feedback: committed_balance_multiple_of_deposit_size / Code Explorer: What is DEPOSIT_SIZE in RiverV1 and what value does it have? Is it a constant?] end
[Structural invariant formulation / Invariant feedback: cl_validator_count_le_deposited_count / Code Explorer: What is DepositedValidatorCount in RiverV1? How is it stored, initialized, and incremented?] at node: initial; tool calls: [grep_files]
[Structural invariant formulation / Invariant feedback: cl_validator_count_le_deposited_count / Code Explorer: Where is LastConsensusLayerReport stored and what does its validatorsCount field represent? How is it set or updated in the contract?] at node: initial; tool calls: [grep_files, grep_files]
[Structural invariant formulation / Invariant feedback: individual_balance_le_total_supply / Code Explorer: Where is _burnRawShares called in the codebase, and what are the conditions/checks before it gets called? What external functions ultimately lead to _burnRawShares being invoked?] at node: tool_result; tool calls: [get_file]
[Structural invariant formulation / Invariant feedback: individual_balance_le_total_supply / Code Explorer: Where is _burnRawShares called in the codebase, and what are the conditions/checks before it gets called? What external functions ultimately lead to _burnRawShares being invoked?] at node: tools
[Structural invariant formulation / Invariant feedback: individual_balance_le_total_supply / Code Explorer: Where is _burnRawShares called in the codebase, and what are the conditions/checks before it gets called? What external functions ultimately lead to _burnRawShares being invoked?] at node: tool_result; tool calls: [grep_files]
[Structural invariant formulation / Invariant feedback: committed_balance_multiple_of_deposit_size / Code Explorer: What is CommittedBalance, how is it stored, and where is it incremented and decremented? Specifically look at _commitBalanceToDeposit and depositToConsensusLayerWithDepositRoot functions and how they modify CommittedBalance.] at node: tool_result; tool calls: [get_file, get_file]
[Structural invariant formulation / Invariant feedback: committed_balance_multiple_of_deposit_size / Code Explorer: What is CommittedBalance, how is it stored, and where is it incremented and decremented? Specifically look at _commitBalanceToDeposit and depositToConsensusLayerWithDepositRoot functions and how they modify CommittedBalance.] at node: tools
[Structural invariant formulation / Invariant feedback: cl_validator_count_le_deposited_count / Code Explorer: What is DepositedValidatorCount in RiverV1? How is it stored, initialized, and incremented?] at node: tools
[Structural invariant formulation / Invariant feedback: committed_balance_multiple_of_deposit_size / Code Explorer: What is CommittedBalance, how is it stored, and where is it incremented and decremented? Specifically look at _commitBalanceToDeposit and depositToConsensusLayerWithDepositRoot functions and how they modify CommittedBalance.] at node: tool_result; tool calls: [get_file, get_file]
[Structural invariant formulation / Invariant feedback: committed_balance_multiple_of_deposit_size / Code Explorer: What is CommittedBalance, how is it stored, and where is it incremented and decremented? Specifically look at _commitBalanceToDeposit and depositToConsensusLayerWithDepositRoot functions and how they modify CommittedBalance.] at node: tools
[Structural invariant formulation / Invariant feedback: cl_validator_count_le_deposited_count / Code Explorer: What is DepositedValidatorCount in RiverV1? How is it stored, initialized, and incremented?] at node: tool_result; tool calls: [get_file, get_file]
[Structural invariant formulation / Invariant feedback: cl_validator_count_le_deposited_count / Code Explorer: What is DepositedValidatorCount in RiverV1? How is it stored, initialized, and incremented?] at node: tools
[Structural invariant formulation / Invariant feedback: committed_balance_multiple_of_deposit_size / Code Explorer: What is CommittedBalance, how is it stored, and where is it incremented and decremented? Specifically look at _commitBalanceToDeposit and depositToConsensusLayerWithDepositRoot functions and how they modify CommittedBalance.] at node: tool_result; tool calls: [get_file, get_file]
[Structural invariant formulation / Invariant feedback: committed_balance_multiple_of_deposit_size / Code Explorer: What is CommittedBalance, how is it stored, and where is it incremented and decremented? Specifically look at _commitBalanceToDeposit and depositToConsensusLayerWithDepositRoot functions and how they modify CommittedBalance.] at node: tools
[Structural invariant formulation / Invariant feedback: cl_validator_count_le_deposited_count / Code Explorer: Where is LastConsensusLayerReport stored and what does its validatorsCount field represent? How is it set or updated in the contract?] at node: tools
[Structural invariant formulation / Invariant feedback: cl_validator_count_le_deposited_count / Code Explorer: What is DepositedValidatorCount in RiverV1? How is it stored, initialized, and incremented?] at node: tool_result; tool calls: [get_file, get_file]
[Structural invariant formulation / Invariant feedback: cl_validator_count_le_deposited_count / Code Explorer: What is DepositedValidatorCount in RiverV1? How is it stored, initialized, and incremented?] at node: tools
[Structural invariant formulation / Invariant feedback: individual_balance_le_total_supply / Code Explorer: Where is _burnRawShares called in the codebase, and what are the conditions/checks before it gets called? What external functions ultimately lead to _burnRawShares being invoked?] at node: tools
[Structural invariant formulation / Invariant feedback: individual_balance_le_total_supply / Code Explorer: Where is _burnRawShares called in the codebase, and what are the conditions/checks before it gets called? What external functions ultimately lead to _burnRawShares being invoked?] at node: tool_result; tool calls: [get_file]
[Structural invariant formulation / Invariant feedback: individual_balance_le_total_supply / Code Explorer: Where is _burnRawShares called in the codebase, and what are the conditions/checks before it gets called? What external functions ultimately lead to _burnRawShares being invoked?] at node: tools
[Structural invariant formulation / Invariant feedback: committed_balance_multiple_of_deposit_size / Code Explorer: What is CommittedBalance, how is it stored, and where is it incremented and decremented? Specifically look at _commitBalanceToDeposit and depositToConsensusLayerWithDepositRoot functions and how they modify CommittedBalance.] at node: tool_result; tool calls: [get_file, get_file]
[Structural invariant formulation / Invariant feedback: committed_balance_multiple_of_deposit_size / Code Explorer: What is CommittedBalance, how is it stored, and where is it incremented and decremented? Specifically look at _commitBalanceToDeposit and depositToConsensusLayerWithDepositRoot functions and how they modify CommittedBalance.] at node: tools
[Structural invariant formulation / Invariant feedback: cl_validator_count_le_deposited_count / Code Explorer: What is DepositedValidatorCount in RiverV1? How is it stored, initialized, and incremented?] at node: tool_result; tool calls: [get_file]
[Structural invariant formulation / Invariant feedback: cl_validator_count_le_deposited_count / Code Explorer: What is DepositedValidatorCount in RiverV1? How is it stored, initialized, and incremented?] at node: tools
[Structural invariant formulation / Invariant feedback: cl_validator_count_le_deposited_count / Code Explorer: Where is LastConsensusLayerReport stored and what does its validatorsCount field represent? How is it set or updated in the contract?] at node: tool_result; tool calls: [get_file, get_file]
[Structural invariant formulation / Invariant feedback: cl_validator_count_le_deposited_count / Code Explorer: Where is LastConsensusLayerReport stored and what does its validatorsCount field represent? How is it set or updated in the contract?] at node: tools
[Structural invariant formulation / Invariant feedback: cl_validator_count_le_deposited_count / Code Explorer: Where is LastConsensusLayerReport stored and what does its validatorsCount field represent? How is it set or updated in the contract?] at node: tool_result; tool calls: [get_file, get_file]
[Structural invariant formulation / Invariant feedback: cl_validator_count_le_deposited_count / Code Explorer: Where is LastConsensusLayerReport stored and what does its validatorsCount field represent? How is it set or updated in the contract?] at node: tools
[Structural invariant formulation / Invariant feedback: individual_balance_le_total_supply / Code Explorer: Where is _burnRawShares called in the codebase, and what are the conditions/checks before it gets called? What external functions ultimately lead to _burnRawShares being invoked?] at node: tool_result; tool calls: [get_file]
[Structural invariant formulation / Invariant feedback: individual_balance_le_total_supply / Code Explorer: Where is _burnRawShares called in the codebase, and what are the conditions/checks before it gets called? What external functions ultimately lead to _burnRawShares being invoked?] at node: tools
[Structural invariant formulation / Invariant feedback: cl_validator_count_le_deposited_count / Code Explorer: What is DepositedValidatorCount in RiverV1? How is it stored, initialized, and incremented?] at node: tool_result; tool calls: [grep_files]
[Structural invariant formulation / Invariant feedback: cl_validator_count_le_deposited_count / Code Explorer: Where is LastConsensusLayerReport stored and what does its validatorsCount field represent? How is it set or updated in the contract?] at node: tool_result; tool calls: [get_file, get_file]
[Structural invariant formulation / Invariant feedback: cl_validator_count_le_deposited_count / Code Explorer: Where is LastConsensusLayerReport stored and what does its validatorsCount field represent? How is it set or updated in the contract?] at node: tools
[Structural invariant formulation / Invariant feedback: cl_validator_count_le_deposited_count / Code Explorer: What is DepositedValidatorCount in RiverV1? How is it stored, initialized, and incremented?] at node: tools
[Structural invariant formulation / Invariant feedback: cl_validator_count_le_deposited_count / Code Explorer: What is DepositedValidatorCount in RiverV1? How is it stored, initialized, and incremented?] at node: tool_result; tool calls: [get_file]
[Structural invariant formulation / Invariant feedback: cl_validator_count_le_deposited_count / Code Explorer: Where is LastConsensusLayerReport stored and what does its validatorsCount field represent? How is it set or updated in the contract?] at node: tool_result; tool calls: [get_file]
[Structural invariant formulation / Invariant feedback: cl_validator_count_le_deposited_count / Code Explorer: What is DepositedValidatorCount in RiverV1? How is it stored, initialized, and incremented?] at node: tools
[Structural invariant formulation / Invariant feedback: cl_validator_count_le_deposited_count / Code Explorer: Where is LastConsensusLayerReport stored and what does its validatorsCount field represent? How is it set or updated in the contract?] at node: tools
[Structural invariant formulation / Invariant feedback: cl_validator_count_le_deposited_count / Code Explorer: Where is LastConsensusLayerReport stored and what does its validatorsCount field represent? How is it set or updated in the contract?] at node: tool_result; tool calls: [get_file]
[Structural invariant formulation / Invariant feedback: cl_validator_count_le_deposited_count / Code Explorer: Where is LastConsensusLayerReport stored and what does its validatorsCount field represent? How is it set or updated in the contract?] at node: tools
[Structural invariant formulation / Invariant feedback: cl_validator_count_le_deposited_count / Code Explorer: Where is LastConsensusLayerReport stored and what does its validatorsCount field represent? How is it set or updated in the contract?] at node: tool_result; tool calls: [get_file]
[Structural invariant formulation / Invariant feedback: cl_validator_count_le_deposited_count / Code Explorer: Where is LastConsensusLayerReport stored and what does its validatorsCount field represent? How is it set or updated in the contract?] at node: tools
[Structural invariant formulation / Invariant feedback: individual_balance_le_total_supply / Code Explorer: Where is _burnRawShares called in the codebase, and what are the conditions/checks before it gets called? What external functions ultimately lead to _burnRawShares being invoked?] at node: tool_result; tool calls: [get_file]
[Structural invariant formulation / Invariant feedback: individual_balance_le_total_supply / Code Explorer: Where is _burnRawShares called in the codebase, and what are the conditions/checks before it gets called? What external functions ultimately lead to _burnRawShares being invoked?] at node: tools
[Structural invariant formulation / Invariant feedback: individual_balance_le_total_supply / Code Explorer: Where is _burnRawShares called in the codebase, and what are the conditions/checks before it gets called? What external functions ultimately lead to _burnRawShares being invoked?] at node: tool_result; tool calls: [get_file]
[Structural invariant formulation / Invariant feedback: individual_balance_le_total_supply / Code Explorer: Where is _burnRawShares called in the codebase, and what are the conditions/checks before it gets called? What external functions ultimately lead to _burnRawShares being invoked?] at node: tools
[Structural invariant formulation / Invariant feedback: cl_validator_count_le_deposited_count / Code Explorer: What is DepositedValidatorCount in RiverV1? How is it stored, initialized, and incremented?] at node: tool_result; tool calls: [result]
[Structural invariant formulation / Invariant feedback: cl_validator_count_le_deposited_count / Code Explorer: What is DepositedValidatorCount in RiverV1? How is it stored, initialized, and incremented?] at node: tools
[Structural invariant formulation / Invariant feedback: cl_validator_count_le_deposited_count / Code Explorer: What is DepositedValidatorCount in RiverV1? How is it stored, initialized, and incremented?] end
[Structural invariant formulation / Invariant feedback: committed_balance_multiple_of_deposit_size / Code Explorer: What is CommittedBalance, how is it stored, and where is it incremented and decremented? Specifically look at _commitBalanceToDeposit and depositToConsensusLayerWithDepositRoot functions and how they modify CommittedBalance.] at node: tool_result; tool calls: [result]
[Structural invariant formulation / Invariant feedback: committed_balance_multiple_of_deposit_size / Code Explorer: What is CommittedBalance, how is it stored, and where is it incremented and decremented? Specifically look at _commitBalanceToDeposit and depositToConsensusLayerWithDepositRoot functions and how they modify CommittedBalance.] at node: tools
[Structural invariant formulation / Invariant feedback: committed_balance_multiple_of_deposit_size / Code Explorer: What is CommittedBalance, how is it stored, and where is it incremented and decremented? Specifically look at _commitBalanceToDeposit and depositToConsensusLayerWithDepositRoot functions and how they modify CommittedBalance.] end
[Structural invariant formulation / Invariant feedback: cl_validator_count_le_deposited_count / Code Explorer: Where is LastConsensusLayerReport stored and what does its validatorsCount field represent? How is it set or updated in the contract?] at node: tool_result; tool calls: [result]
[Structural invariant formulation / Invariant feedback: cl_validator_count_le_deposited_count / Code Explorer: Where is LastConsensusLayerReport stored and what does its validatorsCount field represent? How is it set or updated in the contract?] at node: tools
[Structural invariant formulation / Invariant feedback: cl_validator_count_le_deposited_count / Code Explorer: Where is LastConsensusLayerReport stored and what does its validatorsCount field represent? How is it set or updated in the contract?] end
[Structural invariant formulation / Invariant feedback: individual_balance_le_total_supply / Code Explorer: Where is _burnRawShares called in the codebase, and what are the conditions/checks before it gets called? What external functions ultimately lead to _burnRawShares being invoked?] at node: tool_result; tool calls: [result]
[Structural invariant formulation / Invariant feedback: individual_balance_le_total_supply / Code Explorer: Where is _burnRawShares called in the codebase, and what are the conditions/checks before it gets called? What external functions ultimately lead to _burnRawShares being invoked?] at node: tools
[Structural invariant formulation / Invariant feedback: individual_balance_le_total_supply / Code Explorer: Where is _burnRawShares called in the codebase, and what are the conditions/checks before it gets called? What external functions ultimately lead to _burnRawShares being invoked?] end
[Structural invariant formulation / Invariant feedback: committed_balance_multiple_of_deposit_size] at node: tools
[Structural invariant formulation / Invariant feedback: cl_validator_count_le_deposited_count] at node: tools
[Structural invariant formulation / Invariant feedback: individual_balance_le_total_supply] at node: tools
[Structural invariant formulation / Invariant feedback: cl_validator_count_le_deposited_count] at node: tool_result; tool calls: [code_explorer]
[Structural invariant formulation / Invariant feedback: cl_validator_count_le_deposited_count / Code Explorer: What is CLValidatorCount? Where is it defined and set? And in initOracleManagerV1_1, is there any check that CLValidatorCount <= DepositedValidatorCount before seeding the LastConsensusLayerReport?] start  (via tool: toolu_01XwEMaLbGCuC5EKpp7euZzZ)
[Structural invariant formulation / Invariant feedback: committed_balance_multiple_of_deposit_size] at node: tool_result; tool calls: [write_rough_draft]
[Structural invariant formulation / Invariant feedback: committed_balance_multiple_of_deposit_size] at node: tools
[Structural invariant formulation / Invariant feedback: cl_validator_count_le_deposited_count / Code Explorer: What is CLValidatorCount? Where is it defined and set? And in initOracleManagerV1_1, is there any check that CLValidatorCount <= DepositedValidatorCount before seeding the LastConsensusLayerReport?] at node: initial; tool calls: [grep_files, grep_files]
[Structural invariant formulation / Invariant feedback: committed_balance_multiple_of_deposit_size] at node: tool_result; tool calls: [read_rough_draft]
[Structural invariant formulation / Invariant feedback: committed_balance_multiple_of_deposit_size] at node: tools
[Structural invariant formulation / Invariant feedback: individual_balance_le_total_supply] at node: tool_result; tool calls: [write_rough_draft]
[Structural invariant formulation / Invariant feedback: individual_balance_le_total_supply] at node: tools
[Structural invariant formulation / Invariant feedback: cl_validator_count_le_deposited_count / Code Explorer: What is CLValidatorCount? Where is it defined and set? And in initOracleManagerV1_1, is there any check that CLValidatorCount <= DepositedValidatorCount before seeding the LastConsensusLayerReport?] at node: tools
[Structural invariant formulation / Invariant feedback: individual_balance_le_total_supply] at node: tool_result; tool calls: [read_rough_draft]
[Structural invariant formulation / Invariant feedback: individual_balance_le_total_supply] at node: tools
[Structural invariant formulation / Invariant feedback: cl_validator_count_le_deposited_count / Code Explorer: What is CLValidatorCount? Where is it defined and set? And in initOracleManagerV1_1, is there any check that CLValidatorCount <= DepositedValidatorCount before seeding the LastConsensusLayerReport?] at node: tool_result; tool calls: [get_file, get_file]
[Structural invariant formulation / Invariant feedback: cl_validator_count_le_deposited_count / Code Explorer: What is CLValidatorCount? Where is it defined and set? And in initOracleManagerV1_1, is there any check that CLValidatorCount <= DepositedValidatorCount before seeding the LastConsensusLayerReport?] at node: tools
[Structural invariant formulation / Invariant feedback: cl_validator_count_le_deposited_count / Code Explorer: What is CLValidatorCount? Where is it defined and set? And in initOracleManagerV1_1, is there any check that CLValidatorCount <= DepositedValidatorCount before seeding the LastConsensusLayerReport?] at node: tool_result; tool calls: [grep_files]
[Structural invariant formulation / Invariant feedback: cl_validator_count_le_deposited_count / Code Explorer: What is CLValidatorCount? Where is it defined and set? And in initOracleManagerV1_1, is there any check that CLValidatorCount <= DepositedValidatorCount before seeding the LastConsensusLayerReport?] at node: tools
[Structural invariant formulation / Invariant feedback: committed_balance_multiple_of_deposit_size] at node: tool_result; tool calls: [memory]
[Structural invariant formulation / Invariant feedback: committed_balance_multiple_of_deposit_size] at node: tools
[Structural invariant formulation / Invariant feedback: individual_balance_le_total_supply] at node: tool_result; tool calls: [memory]
[Structural invariant formulation / Invariant feedback: individual_balance_le_total_supply] at node: tools
[Structural invariant formulation / Invariant feedback: cl_validator_count_le_deposited_count / Code Explorer: What is CLValidatorCount? Where is it defined and set? And in initOracleManagerV1_1, is there any check that CLValidatorCount <= DepositedValidatorCount before seeding the LastConsensusLayerReport?] at node: tool_result; tool calls: [grep_files]
[Structural invariant formulation / Invariant feedback: individual_balance_le_total_supply] at node: tool_result; tool calls: [memory]
[Structural invariant formulation / Invariant feedback: individual_balance_le_total_supply] at node: tools
[Structural invariant formulation / Invariant feedback: cl_validator_count_le_deposited_count / Code Explorer: What is CLValidatorCount? Where is it defined and set? And in initOracleManagerV1_1, is there any check that CLValidatorCount <= DepositedValidatorCount before seeding the LastConsensusLayerReport?] at node: tools
[Structural invariant formulation / Invariant feedback: committed_balance_multiple_of_deposit_size] at node: tool_result; tool calls: [memory]
[Structural invariant formulation / Invariant feedback: committed_balance_multiple_of_deposit_size] at node: tools
[Structural invariant formulation / Invariant feedback: cl_validator_count_le_deposited_count / Code Explorer: What is CLValidatorCount? Where is it defined and set? And in initOracleManagerV1_1, is there any check that CLValidatorCount <= DepositedValidatorCount before seeding the LastConsensusLayerReport?] at node: tool_result; tool calls: [grep_files]
[Structural invariant formulation / Invariant feedback: cl_validator_count_le_deposited_count / Code Explorer: What is CLValidatorCount? Where is it defined and set? And in initOracleManagerV1_1, is there any check that CLValidatorCount <= DepositedValidatorCount before seeding the LastConsensusLayerReport?] at node: tools
[Structural invariant formulation / Invariant feedback: cl_validator_count_le_deposited_count / Code Explorer: What is CLValidatorCount? Where is it defined and set? And in initOracleManagerV1_1, is there any check that CLValidatorCount <= DepositedValidatorCount before seeding the LastConsensusLayerReport?] at node: tool_result; tool calls: [grep_files, get_file]
[Structural invariant formulation / Invariant feedback: individual_balance_le_total_supply] at node: tool_result; tool calls: [memory]
[Structural invariant formulation / Invariant feedback: individual_balance_le_total_supply] at node: tools
[Structural invariant formulation / Invariant feedback: cl_validator_count_le_deposited_count / Code Explorer: What is CLValidatorCount? Where is it defined and set? And in initOracleManagerV1_1, is there any check that CLValidatorCount <= DepositedValidatorCount before seeding the LastConsensusLayerReport?] at node: tools
[Structural invariant formulation / Invariant feedback: committed_balance_multiple_of_deposit_size] at node: tool_result; tool calls: [result]
[Structural invariant formulation / Invariant feedback: committed_balance_multiple_of_deposit_size] at node: tools
[Structural invariant formulation / Invariant feedback: committed_balance_multiple_of_deposit_size] end
[Structural invariant formulation / Invariant feedback: balance_to_redeem_is_zero] start  (via tool: toolu_01Ew8fgySboGFDdfaKhw66By)
[Structural invariant formulation / Invariant feedback: cl_validator_count_le_deposited_count / Code Explorer: What is CLValidatorCount? Where is it defined and set? And in initOracleManagerV1_1, is there any check that CLValidatorCount <= DepositedValidatorCount before seeding the LastConsensusLayerReport?] at node: tool_result; tool calls: [grep_files, get_file]
[Structural invariant formulation / Invariant feedback: cl_validator_count_le_deposited_count / Code Explorer: What is CLValidatorCount? Where is it defined and set? And in initOracleManagerV1_1, is there any check that CLValidatorCount <= DepositedValidatorCount before seeding the LastConsensusLayerReport?] at node: tools
[Structural invariant formulation / Invariant feedback: balance_to_redeem_is_zero] at node: initial; tool calls: [memory]
[Structural invariant formulation / Invariant feedback: balance_to_redeem_is_zero] at node: tools
[Structural invariant formulation / Invariant feedback: balance_to_redeem_is_zero] at node: tool_result; tool calls: [memory]
[Structural invariant formulation / Invariant feedback: balance_to_redeem_is_zero] at node: tools
[Structural invariant formulation / Invariant feedback: individual_balance_le_total_supply] at node: tool_result; tool calls: [result]
[Structural invariant formulation / Invariant feedback: individual_balance_le_total_supply] at node: tools
[Structural invariant formulation / Invariant feedback: individual_balance_le_total_supply] end
[Structural invariant formulation / Invariant feedback: no_assets_no_shares] start  (via tool: toolu_01HT7g69PBhoKW2qL86H7dHG)
[Structural invariant formulation / Invariant feedback: cl_validator_count_le_deposited_count / Code Explorer: What is CLValidatorCount? Where is it defined and set? And in initOracleManagerV1_1, is there any check that CLValidatorCount <= DepositedValidatorCount before seeding the LastConsensusLayerReport?] at node: tool_result; tool calls: [grep_files]
[Structural invariant formulation / Invariant feedback: cl_validator_count_le_deposited_count / Code Explorer: What is CLValidatorCount? Where is it defined and set? And in initOracleManagerV1_1, is there any check that CLValidatorCount <= DepositedValidatorCount before seeding the LastConsensusLayerReport?] at node: tools
[Structural invariant formulation / Invariant feedback: no_assets_no_shares] at node: initial; tool calls: [memory]
[Structural invariant formulation / Invariant feedback: no_assets_no_shares] at node: tools
[Structural invariant formulation / Invariant feedback: cl_validator_count_le_deposited_count / Code Explorer: What is CLValidatorCount? Where is it defined and set? And in initOracleManagerV1_1, is there any check that CLValidatorCount <= DepositedValidatorCount before seeding the LastConsensusLayerReport?] at node: tool_result; tool calls: [list_files]
[Structural invariant formulation / Invariant feedback: balance_to_redeem_is_zero] at node: tool_result; tool calls: [code_explorer, list_files]
[Structural invariant formulation / Invariant feedback: no_assets_no_shares] at node: tool_result; tool calls: [memory]
[Structural invariant formulation / Invariant feedback: no_assets_no_shares] at node: tools
[Structural invariant formulation / Invariant feedback: balance_to_redeem_is_zero / Code Explorer: What is BalanceToRedeem? Where is it declared, read, and modified? Show me all relevant code including _pullCLFunds, _skimExcessBalanceToRedeem, and setConsensusLayerData related to BalanceToRedeem.] start  (via tool: toolu_01QoLEpohuWanCBDZwmZoQBL)
[Structural invariant formulation / Invariant feedback: balance_to_redeem_is_zero / Code Explorer: What is BalanceToRedeem? Where is it declared, read, and modified? Show me all relevant code including _pullCLFunds, _skimExcessBalanceToRedeem, and setConsensusLayerData related to BalanceToRedeem.] at node: initial; tool calls: [grep_files, list_files]
[Structural invariant formulation / Invariant feedback: cl_validator_count_le_deposited_count / Code Explorer: What is CLValidatorCount? Where is it defined and set? And in initOracleManagerV1_1, is there any check that CLValidatorCount <= DepositedValidatorCount before seeding the LastConsensusLayerReport?] at node: tools
[Structural invariant formulation / Invariant feedback: no_assets_no_shares] at node: tool_result; tool calls: [code_explorer, code_explorer]
[Structural invariant formulation / Invariant feedback: no_assets_no_shares / Code Explorer: What does the _assetBalance() function return in RiverV1? Where is it defined and what state variables does it depend on?] start  (via tool: toolu_01QTgSBCLsd5tKv2ouo2puck)
[Structural invariant formulation / Invariant feedback: no_assets_no_shares / Code Explorer: What is the relationship between _assetBalance() and totalSupply() in RiverV1? Is there any invariant enforced or documented relating the two? When can one be zero while the other is non-zero?] start  (via tool: toolu_01JZtqySxB448yzQm89UxiRF)
[Structural invariant formulation / Invariant feedback: cl_validator_count_le_deposited_count / Code Explorer: What is CLValidatorCount? Where is it defined and set? And in initOracleManagerV1_1, is there any check that CLValidatorCount <= DepositedValidatorCount before seeding the LastConsensusLayerReport?] at node: tool_result; tool calls: [grep_files, get_file]
[Structural invariant formulation / Invariant feedback: no_assets_no_shares / Code Explorer: What is the relationship between _assetBalance() and totalSupply() in RiverV1? Is there any invariant enforced or documented relating the two? When can one be zero while the other is non-zero?] at node: initial; tool calls: [grep_files, grep_files]
[Structural invariant formulation / Invariant feedback: no_assets_no_shares / Code Explorer: What does the _assetBalance() function return in RiverV1? Where is it defined and what state variables does it depend on?] at node: initial; tool calls: [grep_files]
[Structural invariant formulation / Invariant feedback: balance_to_redeem_is_zero / Code Explorer: What is BalanceToRedeem? Where is it declared, read, and modified? Show me all relevant code including _pullCLFunds, _skimExcessBalanceToRedeem, and setConsensusLayerData related to BalanceToRedeem.] at node: tools
[Structural invariant formulation / Invariant feedback: balance_to_redeem_is_zero / Code Explorer: What is BalanceToRedeem? Where is it declared, read, and modified? Show me all relevant code including _pullCLFunds, _skimExcessBalanceToRedeem, and setConsensusLayerData related to BalanceToRedeem.] at node: tool_result; tool calls: [get_file, get_file]
[Structural invariant formulation / Invariant feedback: balance_to_redeem_is_zero / Code Explorer: What is BalanceToRedeem? Where is it declared, read, and modified? Show me all relevant code including _pullCLFunds, _skimExcessBalanceToRedeem, and setConsensusLayerData related to BalanceToRedeem.] at node: tools
[Structural invariant formulation / Invariant feedback: balance_to_redeem_is_zero / Code Explorer: What is BalanceToRedeem? Where is it declared, read, and modified? Show me all relevant code including _pullCLFunds, _skimExcessBalanceToRedeem, and setConsensusLayerData related to BalanceToRedeem.] at node: tool_result; tool calls: [get_file, get_file]
[Structural invariant formulation / Invariant feedback: balance_to_redeem_is_zero / Code Explorer: What is BalanceToRedeem? Where is it declared, read, and modified? Show me all relevant code including _pullCLFunds, _skimExcessBalanceToRedeem, and setConsensusLayerData related to BalanceToRedeem.] at node: tools
[Structural invariant formulation / Invariant feedback: cl_validator_count_le_deposited_count / Code Explorer: What is CLValidatorCount? Where is it defined and set? And in initOracleManagerV1_1, is there any check that CLValidatorCount <= DepositedValidatorCount before seeding the LastConsensusLayerReport?] at node: tools
[Structural invariant formulation / Invariant feedback: balance_to_redeem_is_zero / Code Explorer: What is BalanceToRedeem? Where is it declared, read, and modified? Show me all relevant code including _pullCLFunds, _skimExcessBalanceToRedeem, and setConsensusLayerData related to BalanceToRedeem.] at node: tool_result; tool calls: [get_file, get_file]
[Structural invariant formulation / Invariant feedback: balance_to_redeem_is_zero / Code Explorer: What is BalanceToRedeem? Where is it declared, read, and modified? Show me all relevant code including _pullCLFunds, _skimExcessBalanceToRedeem, and setConsensusLayerData related to BalanceToRedeem.] at node: tools
[Structural invariant formulation / Invariant feedback: no_assets_no_shares / Code Explorer: What is the relationship between _assetBalance() and totalSupply() in RiverV1? Is there any invariant enforced or documented relating the two? When can one be zero while the other is non-zero?] at node: tools
[Structural invariant formulation / Invariant feedback: no_assets_no_shares / Code Explorer: What does the _assetBalance() function return in RiverV1? Where is it defined and what state variables does it depend on?] at node: tools
[Structural invariant formulation / Invariant feedback: cl_validator_count_le_deposited_count / Code Explorer: What is CLValidatorCount? Where is it defined and set? And in initOracleManagerV1_1, is there any check that CLValidatorCount <= DepositedValidatorCount before seeding the LastConsensusLayerReport?] at node: tool_result; tool calls: [grep_files, get_file]
[Structural invariant formulation / Invariant feedback: cl_validator_count_le_deposited_count / Code Explorer: What is CLValidatorCount? Where is it defined and set? And in initOracleManagerV1_1, is there any check that CLValidatorCount <= DepositedValidatorCount before seeding the LastConsensusLayerReport?] at node: tools
[Structural invariant formulation / Invariant feedback: no_assets_no_shares / Code Explorer: What is the relationship between _assetBalance() and totalSupply() in RiverV1? Is there any invariant enforced or documented relating the two? When can one be zero while the other is non-zero?] at node: tool_result; tool calls: [get_file, get_file]
[Structural invariant formulation / Invariant feedback: no_assets_no_shares / Code Explorer: What is the relationship between _assetBalance() and totalSupply() in RiverV1? Is there any invariant enforced or documented relating the two? When can one be zero while the other is non-zero?] at node: tools
[Structural invariant formulation / Invariant feedback: no_assets_no_shares / Code Explorer: What does the _assetBalance() function return in RiverV1? Where is it defined and what state variables does it depend on?] at node: tool_result; tool calls: [get_file]
[Structural invariant formulation / Invariant feedback: no_assets_no_shares / Code Explorer: What does the _assetBalance() function return in RiverV1? Where is it defined and what state variables does it depend on?] at node: tools
[Structural invariant formulation / Invariant feedback: no_assets_no_shares / Code Explorer: What does the _assetBalance() function return in RiverV1? Where is it defined and what state variables does it depend on?] at node: tool_result; tool calls: [grep_files, grep_files]
[Structural invariant formulation / Invariant feedback: no_assets_no_shares / Code Explorer: What is the relationship between _assetBalance() and totalSupply() in RiverV1? Is there any invariant enforced or documented relating the two? When can one be zero while the other is non-zero?] at node: tool_result; tool calls: [get_file, get_file]
[Structural invariant formulation / Invariant feedback: no_assets_no_shares / Code Explorer: What is the relationship between _assetBalance() and totalSupply() in RiverV1? Is there any invariant enforced or documented relating the two? When can one be zero while the other is non-zero?] at node: tools
[Structural invariant formulation / Invariant feedback: no_assets_no_shares / Code Explorer: What is the relationship between _assetBalance() and totalSupply() in RiverV1? Is there any invariant enforced or documented relating the two? When can one be zero while the other is non-zero?] at node: tool_result; tool calls: [get_file]
[Structural invariant formulation / Invariant feedback: no_assets_no_shares / Code Explorer: What is the relationship between _assetBalance() and totalSupply() in RiverV1? Is there any invariant enforced or documented relating the two? When can one be zero while the other is non-zero?] at node: tools
[Structural invariant formulation / Invariant feedback: no_assets_no_shares / Code Explorer: What does the _assetBalance() function return in RiverV1? Where is it defined and what state variables does it depend on?] at node: tools
[Structural invariant formulation / Invariant feedback: no_assets_no_shares / Code Explorer: What does the _assetBalance() function return in RiverV1? Where is it defined and what state variables does it depend on?] at node: tool_result; tool calls: [get_file, get_file]
[Structural invariant formulation / Invariant feedback: no_assets_no_shares / Code Explorer: What does the _assetBalance() function return in RiverV1? Where is it defined and what state variables does it depend on?] at node: tools
[Structural invariant formulation / Invariant feedback: no_assets_no_shares / Code Explorer: What is the relationship between _assetBalance() and totalSupply() in RiverV1? Is there any invariant enforced or documented relating the two? When can one be zero while the other is non-zero?] at node: tool_result; tool calls: [get_file]
[Structural invariant formulation / Invariant feedback: no_assets_no_shares / Code Explorer: What is the relationship between _assetBalance() and totalSupply() in RiverV1? Is there any invariant enforced or documented relating the two? When can one be zero while the other is non-zero?] at node: tools
[Structural invariant formulation / Invariant feedback: no_assets_no_shares / Code Explorer: What does the _assetBalance() function return in RiverV1? Where is it defined and what state variables does it depend on?] at node: tool_result; tool calls: [grep_files, grep_files]
[Structural invariant formulation / Invariant feedback: no_assets_no_shares / Code Explorer: What is the relationship between _assetBalance() and totalSupply() in RiverV1? Is there any invariant enforced or documented relating the two? When can one be zero while the other is non-zero?] at node: tool_result; tool calls: [get_file, get_file]
[Structural invariant formulation / Invariant feedback: no_assets_no_shares / Code Explorer: What is the relationship between _assetBalance() and totalSupply() in RiverV1? Is there any invariant enforced or documented relating the two? When can one be zero while the other is non-zero?] at node: tools
[Structural invariant formulation / Invariant feedback: balance_to_redeem_is_zero / Code Explorer: What is BalanceToRedeem? Where is it declared, read, and modified? Show me all relevant code including _pullCLFunds, _skimExcessBalanceToRedeem, and setConsensusLayerData related to BalanceToRedeem.] at node: tool_result; tool calls: [get_file]
[Structural invariant formulation / Invariant feedback: balance_to_redeem_is_zero / Code Explorer: What is BalanceToRedeem? Where is it declared, read, and modified? Show me all relevant code including _pullCLFunds, _skimExcessBalanceToRedeem, and setConsensusLayerData related to BalanceToRedeem.] at node: tools
[Structural invariant formulation / Invariant feedback: no_assets_no_shares / Code Explorer: What is the relationship between _assetBalance() and totalSupply() in RiverV1? Is there any invariant enforced or documented relating the two? When can one be zero while the other is non-zero?] at node: tool_result; tool calls: [get_file, get_file]
[Structural invariant formulation / Invariant feedback: no_assets_no_shares / Code Explorer: What is the relationship between _assetBalance() and totalSupply() in RiverV1? Is there any invariant enforced or documented relating the two? When can one be zero while the other is non-zero?] at node: tools
[Structural invariant formulation / Invariant feedback: no_assets_no_shares / Code Explorer: What does the _assetBalance() function return in RiverV1? Where is it defined and what state variables does it depend on?] at node: tools
[Structural invariant formulation / Invariant feedback: cl_validator_count_le_deposited_count / Code Explorer: What is CLValidatorCount? Where is it defined and set? And in initOracleManagerV1_1, is there any check that CLValidatorCount <= DepositedValidatorCount before seeding the LastConsensusLayerReport?] at node: tool_result; tool calls: [get_file]
[Structural invariant formulation / Invariant feedback: cl_validator_count_le_deposited_count / Code Explorer: What is CLValidatorCount? Where is it defined and set? And in initOracleManagerV1_1, is there any check that CLValidatorCount <= DepositedValidatorCount before seeding the LastConsensusLayerReport?] at node: tools
[Structural invariant formulation / Invariant feedback: no_assets_no_shares / Code Explorer: What is the relationship between _assetBalance() and totalSupply() in RiverV1? Is there any invariant enforced or documented relating the two? When can one be zero while the other is non-zero?] at node: tool_result; tool calls: [get_file, get_file]
[Structural invariant formulation / Invariant feedback: no_assets_no_shares / Code Explorer: What is the relationship between _assetBalance() and totalSupply() in RiverV1? Is there any invariant enforced or documented relating the two? When can one be zero while the other is non-zero?] at node: tools
[Structural invariant formulation / Invariant feedback: no_assets_no_shares / Code Explorer: What does the _assetBalance() function return in RiverV1? Where is it defined and what state variables does it depend on?] at node: tool_result; tool calls: [get_file, get_file]
[Structural invariant formulation / Invariant feedback: no_assets_no_shares / Code Explorer: What does the _assetBalance() function return in RiverV1? Where is it defined and what state variables does it depend on?] at node: tools
[Structural invariant formulation / Invariant feedback: no_assets_no_shares / Code Explorer: What is the relationship between _assetBalance() and totalSupply() in RiverV1? Is there any invariant enforced or documented relating the two? When can one be zero while the other is non-zero?] at node: tool_result; tool calls: [get_file, grep_files]
[Structural invariant formulation / Invariant feedback: no_assets_no_shares / Code Explorer: What does the _assetBalance() function return in RiverV1? Where is it defined and what state variables does it depend on?] at node: tool_result; tool calls: [grep_files]
[Structural invariant formulation / Invariant feedback: no_assets_no_shares / Code Explorer: What is the relationship between _assetBalance() and totalSupply() in RiverV1? Is there any invariant enforced or documented relating the two? When can one be zero while the other is non-zero?] at node: tools
[Structural invariant formulation / Invariant feedback: no_assets_no_shares / Code Explorer: What does the _assetBalance() function return in RiverV1? Where is it defined and what state variables does it depend on?] at node: tools
[Structural invariant formulation / Invariant feedback: no_assets_no_shares / Code Explorer: What does the _assetBalance() function return in RiverV1? Where is it defined and what state variables does it depend on?] at node: tool_result; tool calls: [get_file]
[Structural invariant formulation / Invariant feedback: no_assets_no_shares / Code Explorer: What does the _assetBalance() function return in RiverV1? Where is it defined and what state variables does it depend on?] at node: tools
[Structural invariant formulation / Invariant feedback: no_assets_no_shares / Code Explorer: What is the relationship between _assetBalance() and totalSupply() in RiverV1? Is there any invariant enforced or documented relating the two? When can one be zero while the other is non-zero?] at node: tool_result; tool calls: [get_file]
[Structural invariant formulation / Invariant feedback: no_assets_no_shares / Code Explorer: What is the relationship between _assetBalance() and totalSupply() in RiverV1? Is there any invariant enforced or documented relating the two? When can one be zero while the other is non-zero?] at node: tools
[Structural invariant formulation / Invariant feedback: cl_validator_count_le_deposited_count / Code Explorer: What is CLValidatorCount? Where is it defined and set? And in initOracleManagerV1_1, is there any check that CLValidatorCount <= DepositedValidatorCount before seeding the LastConsensusLayerReport?] at node: tool_result; tool calls: [result]
[Structural invariant formulation / Invariant feedback: cl_validator_count_le_deposited_count / Code Explorer: What is CLValidatorCount? Where is it defined and set? And in initOracleManagerV1_1, is there any check that CLValidatorCount <= DepositedValidatorCount before seeding the LastConsensusLayerReport?] at node: tools
[Structural invariant formulation / Invariant feedback: cl_validator_count_le_deposited_count / Code Explorer: What is CLValidatorCount? Where is it defined and set? And in initOracleManagerV1_1, is there any check that CLValidatorCount <= DepositedValidatorCount before seeding the LastConsensusLayerReport?] end
[Structural invariant formulation / Invariant feedback: cl_validator_count_le_deposited_count] at node: tools
[Structural invariant formulation / Invariant feedback: no_assets_no_shares / Code Explorer: What does the _assetBalance() function return in RiverV1? Where is it defined and what state variables does it depend on?] at node: tool_result; tool calls: [result]
[Structural invariant formulation / Invariant feedback: no_assets_no_shares / Code Explorer: What does the _assetBalance() function return in RiverV1? Where is it defined and what state variables does it depend on?] at node: tools
[Structural invariant formulation / Invariant feedback: no_assets_no_shares / Code Explorer: What does the _assetBalance() function return in RiverV1? Where is it defined and what state variables does it depend on?] end
[Structural invariant formulation / Invariant feedback: cl_validator_count_le_deposited_count] at node: tool_result; tool calls: [code_explorer]
[Structural invariant formulation / Invariant feedback: cl_validator_count_le_deposited_count / Code Explorer: Does initOracleManagerV1_1 have an initializer modifier or guard that prevents it from being called more than once? What calls this function?] start  (via tool: toolu_01BhvoBPSfn1wSRFFd64pQSN)
[Structural invariant formulation / Invariant feedback: balance_to_redeem_is_zero / Code Explorer: What is BalanceToRedeem? Where is it declared, read, and modified? Show me all relevant code including _pullCLFunds, _skimExcessBalanceToRedeem, and setConsensusLayerData related to BalanceToRedeem.] at node: tool_result; tool calls: [result]
[Structural invariant formulation / Invariant feedback: balance_to_redeem_is_zero / Code Explorer: What is BalanceToRedeem? Where is it declared, read, and modified? Show me all relevant code including _pullCLFunds, _skimExcessBalanceToRedeem, and setConsensusLayerData related to BalanceToRedeem.] at node: tools
[Structural invariant formulation / Invariant feedback: balance_to_redeem_is_zero / Code Explorer: What is BalanceToRedeem? Where is it declared, read, and modified? Show me all relevant code including _pullCLFunds, _skimExcessBalanceToRedeem, and setConsensusLayerData related to BalanceToRedeem.] end
[Structural invariant formulation / Invariant feedback: cl_validator_count_le_deposited_count / Code Explorer: Does initOracleManagerV1_1 have an initializer modifier or guard that prevents it from being called more than once? What calls this function?] at node: initial; tool calls: [grep_files]
[Structural invariant formulation / Invariant feedback: cl_validator_count_le_deposited_count / Code Explorer: Does initOracleManagerV1_1 have an initializer modifier or guard that prevents it from being called more than once? What calls this function?] at node: tools
[Structural invariant formulation / Invariant feedback: cl_validator_count_le_deposited_count / Code Explorer: Does initOracleManagerV1_1 have an initializer modifier or guard that prevents it from being called more than once? What calls this function?] at node: tool_result; tool calls: [get_file, get_file]
[Structural invariant formulation / Invariant feedback: cl_validator_count_le_deposited_count / Code Explorer: Does initOracleManagerV1_1 have an initializer modifier or guard that prevents it from being called more than once? What calls this function?] at node: tools
[Structural invariant formulation / Invariant feedback: cl_validator_count_le_deposited_count / Code Explorer: Does initOracleManagerV1_1 have an initializer modifier or guard that prevents it from being called more than once? What calls this function?] at node: tool_result; tool calls: [get_file]
[Structural invariant formulation / Invariant feedback: cl_validator_count_le_deposited_count / Code Explorer: Does initOracleManagerV1_1 have an initializer modifier or guard that prevents it from being called more than once? What calls this function?] at node: tools
[Structural invariant formulation / Invariant feedback: cl_validator_count_le_deposited_count / Code Explorer: Does initOracleManagerV1_1 have an initializer modifier or guard that prevents it from being called more than once? What calls this function?] at node: tool_result; tool calls: [grep_files, get_file]
[Structural invariant formulation / Invariant feedback: cl_validator_count_le_deposited_count / Code Explorer: Does initOracleManagerV1_1 have an initializer modifier or guard that prevents it from being called more than once? What calls this function?] at node: tools
[Structural invariant formulation / Invariant feedback: cl_validator_count_le_deposited_count / Code Explorer: Does initOracleManagerV1_1 have an initializer modifier or guard that prevents it from being called more than once? What calls this function?] at node: tool_result; tool calls: [get_file]
[Structural invariant formulation / Invariant feedback: cl_validator_count_le_deposited_count / Code Explorer: Does initOracleManagerV1_1 have an initializer modifier or guard that prevents it from being called more than once? What calls this function?] at node: tools
[Structural invariant formulation / Invariant feedback: cl_validator_count_le_deposited_count / Code Explorer: Does initOracleManagerV1_1 have an initializer modifier or guard that prevents it from being called more than once? What calls this function?] at node: tool_result; tool calls: [grep_files]
[Structural invariant formulation / Invariant feedback: cl_validator_count_le_deposited_count / Code Explorer: Does initOracleManagerV1_1 have an initializer modifier or guard that prevents it from being called more than once? What calls this function?] at node: tools
[Structural invariant formulation / Invariant feedback: balance_to_redeem_is_zero] at node: tools
[Structural invariant formulation / Invariant feedback: cl_validator_count_le_deposited_count / Code Explorer: Does initOracleManagerV1_1 have an initializer modifier or guard that prevents it from being called more than once? What calls this function?] at node: tool_result; tool calls: [result]
[Structural invariant formulation / Invariant feedback: cl_validator_count_le_deposited_count / Code Explorer: Does initOracleManagerV1_1 have an initializer modifier or guard that prevents it from being called more than once? What calls this function?] at node: tools
[Structural invariant formulation / Invariant feedback: cl_validator_count_le_deposited_count / Code Explorer: Does initOracleManagerV1_1 have an initializer modifier or guard that prevents it from being called more than once? What calls this function?] end
[Structural invariant formulation / Invariant feedback: no_assets_no_shares / Code Explorer: What is the relationship between _assetBalance() and totalSupply() in RiverV1? Is there any invariant enforced or documented relating the two? When can one be zero while the other is non-zero?] at node: tool_result; tool calls: [get_file, get_file]
[Structural invariant formulation / Invariant feedback: no_assets_no_shares / Code Explorer: What is the relationship between _assetBalance() and totalSupply() in RiverV1? Is there any invariant enforced or documented relating the two? When can one be zero while the other is non-zero?] at node: tools
[Structural invariant formulation / Invariant feedback: no_assets_no_shares / Code Explorer: What is the relationship between _assetBalance() and totalSupply() in RiverV1? Is there any invariant enforced or documented relating the two? When can one be zero while the other is non-zero?] at node: tool_result; tool calls: [get_file]
[Structural invariant formulation / Invariant feedback: no_assets_no_shares / Code Explorer: What is the relationship between _assetBalance() and totalSupply() in RiverV1? Is there any invariant enforced or documented relating the two? When can one be zero while the other is non-zero?] at node: tools
[Structural invariant formulation / Invariant feedback: cl_validator_count_le_deposited_count] at node: tools
[Structural invariant formulation / Invariant feedback: no_assets_no_shares / Code Explorer: What is the relationship between _assetBalance() and totalSupply() in RiverV1? Is there any invariant enforced or documented relating the two? When can one be zero while the other is non-zero?] at node: tool_result; tool calls: [get_file]
[Structural invariant formulation / Invariant feedback: no_assets_no_shares / Code Explorer: What is the relationship between _assetBalance() and totalSupply() in RiverV1? Is there any invariant enforced or documented relating the two? When can one be zero while the other is non-zero?] at node: tools
[Structural invariant formulation / Invariant feedback: balance_to_redeem_is_zero] at node: tool_result; tool calls: [write_rough_draft]
[Structural invariant formulation / Invariant feedback: balance_to_redeem_is_zero] at node: tools
[Structural invariant formulation / Invariant feedback: no_assets_no_shares / Code Explorer: What is the relationship between _assetBalance() and totalSupply() in RiverV1? Is there any invariant enforced or documented relating the two? When can one be zero while the other is non-zero?] at node: tool_result; tool calls: [grep_files]
[Structural invariant formulation / Invariant feedback: balance_to_redeem_is_zero] at node: tool_result; tool calls: [read_rough_draft]
[Structural invariant formulation / Invariant feedback: balance_to_redeem_is_zero] at node: tools
[Structural invariant formulation / Invariant feedback: no_assets_no_shares / Code Explorer: What is the relationship between _assetBalance() and totalSupply() in RiverV1? Is there any invariant enforced or documented relating the two? When can one be zero while the other is non-zero?] at node: tools
[Structural invariant formulation / Invariant feedback: balance_to_redeem_is_zero] at node: tool_result; tool calls: [memory]
[Structural invariant formulation / Invariant feedback: balance_to_redeem_is_zero] at node: tools
[Structural invariant formulation / Invariant feedback: no_assets_no_shares / Code Explorer: What is the relationship between _assetBalance() and totalSupply() in RiverV1? Is there any invariant enforced or documented relating the two? When can one be zero while the other is non-zero?] at node: tool_result; tool calls: [get_file]
[Structural invariant formulation / Invariant feedback: no_assets_no_shares / Code Explorer: What is the relationship between _assetBalance() and totalSupply() in RiverV1? Is there any invariant enforced or documented relating the two? When can one be zero while the other is non-zero?] at node: tools
[Structural invariant formulation / Invariant feedback: no_assets_no_shares / Code Explorer: What is the relationship between _assetBalance() and totalSupply() in RiverV1? Is there any invariant enforced or documented relating the two? When can one be zero while the other is non-zero?] at node: tool_result; tool calls: [get_file]
[Structural invariant formulation / Invariant feedback: no_assets_no_shares / Code Explorer: What is the relationship between _assetBalance() and totalSupply() in RiverV1? Is there any invariant enforced or documented relating the two? When can one be zero while the other is non-zero?] at node: tools
[Structural invariant formulation / Invariant feedback: no_assets_no_shares / Code Explorer: What is the relationship between _assetBalance() and totalSupply() in RiverV1? Is there any invariant enforced or documented relating the two? When can one be zero while the other is non-zero?] at node: tool_result; tool calls: [get_file]
[Structural invariant formulation / Invariant feedback: no_assets_no_shares / Code Explorer: What is the relationship between _assetBalance() and totalSupply() in RiverV1? Is there any invariant enforced or documented relating the two? When can one be zero while the other is non-zero?] at node: tools
[Structural invariant formulation / Invariant feedback: balance_to_redeem_is_zero] at node: tool_result; tool calls: [memory]
[Structural invariant formulation / Invariant feedback: balance_to_redeem_is_zero] at node: tools
[Structural invariant formulation / Invariant feedback: cl_validator_count_le_deposited_count] at node: tool_result; tool calls: [write_rough_draft]
[Structural invariant formulation / Invariant feedback: cl_validator_count_le_deposited_count] at node: tools
[Structural invariant formulation / Invariant feedback: cl_validator_count_le_deposited_count] at node: tool_result; tool calls: [read_rough_draft]
[Structural invariant formulation / Invariant feedback: cl_validator_count_le_deposited_count] at node: tools
[Structural invariant formulation / Invariant feedback: balance_to_redeem_is_zero] at node: tool_result; tool calls: [result]
[Structural invariant formulation / Invariant feedback: balance_to_redeem_is_zero] at node: tools
[Structural invariant formulation / Invariant feedback: balance_to_redeem_is_zero] end
[Structural invariant formulation / Invariant feedback: cl_validator_count_le_deposited_count] at node: tool_result; tool calls: [memory]
[Structural invariant formulation / Invariant feedback: cl_validator_count_le_deposited_count] at node: tools
[Structural invariant formulation / Invariant feedback: cl_validator_count_le_deposited_count] at node: tool_result; tool calls: [memory]
[Structural invariant formulation / Invariant feedback: cl_validator_count_le_deposited_count] at node: tools
[Structural invariant formulation / Invariant feedback: cl_validator_count_le_deposited_count] at node: tool_result; tool calls: [memory]
[Structural invariant formulation / Invariant feedback: cl_validator_count_le_deposited_count] at node: tools
[Structural invariant formulation / Invariant feedback: no_assets_no_shares / Code Explorer: What is the relationship between _assetBalance() and totalSupply() in RiverV1? Is there any invariant enforced or documented relating the two? When can one be zero while the other is non-zero?] at node: tool_result; tool calls: [get_file]
[Structural invariant formulation / Invariant feedback: no_assets_no_shares / Code Explorer: What is the relationship between _assetBalance() and totalSupply() in RiverV1? Is there any invariant enforced or documented relating the two? When can one be zero while the other is non-zero?] at node: tools
[Structural invariant formulation / Invariant feedback: no_assets_no_shares / Code Explorer: What is the relationship between _assetBalance() and totalSupply() in RiverV1? Is there any invariant enforced or documented relating the two? When can one be zero while the other is non-zero?] at node: tool_result; tool calls: [get_file]
[Structural invariant formulation / Invariant feedback: no_assets_no_shares / Code Explorer: What is the relationship between _assetBalance() and totalSupply() in RiverV1? Is there any invariant enforced or documented relating the two? When can one be zero while the other is non-zero?] at node: tools
[Structural invariant formulation / Invariant feedback: no_assets_no_shares / Code Explorer: What is the relationship between _assetBalance() and totalSupply() in RiverV1? Is there any invariant enforced or documented relating the two? When can one be zero while the other is non-zero?] at node: tool_result; tool calls: [get_file]
[Structural invariant formulation / Invariant feedback: no_assets_no_shares / Code Explorer: What is the relationship between _assetBalance() and totalSupply() in RiverV1? Is there any invariant enforced or documented relating the two? When can one be zero while the other is non-zero?] at node: tools
[Structural invariant formulation / Invariant feedback: no_assets_no_shares / Code Explorer: What is the relationship between _assetBalance() and totalSupply() in RiverV1? Is there any invariant enforced or documented relating the two? When can one be zero while the other is non-zero?] at node: tool_result; tool calls: [get_file]
[Structural invariant formulation / Invariant feedback: no_assets_no_shares / Code Explorer: What is the relationship between _assetBalance() and totalSupply() in RiverV1? Is there any invariant enforced or documented relating the two? When can one be zero while the other is non-zero?] at node: tools
[Structural invariant formulation / Invariant feedback: cl_validator_count_le_deposited_count] at node: tool_result; tool calls: [memory]
[Structural invariant formulation / Invariant feedback: cl_validator_count_le_deposited_count] at node: tools
[Structural invariant formulation / Invariant feedback: cl_validator_count_le_deposited_count] at node: tool_result; tool calls: [result]
[Structural invariant formulation / Invariant feedback: cl_validator_count_le_deposited_count] at node: tools
[Structural invariant formulation / Invariant feedback: cl_validator_count_le_deposited_count] end
[Structural invariant formulation / Invariant feedback: no_assets_no_shares / Code Explorer: What is the relationship between _assetBalance() and totalSupply() in RiverV1? Is there any invariant enforced or documented relating the two? When can one be zero while the other is non-zero?] at node: summarize
[Structural invariant formulation / Invariant feedback: no_assets_no_shares / Code Explorer: What is the relationship between _assetBalance() and totalSupply() in RiverV1? Is there any invariant enforced or documented relating the two? When can one be zero while the other is non-zero?] at node: tool_result; tool calls: [result]
[Structural invariant formulation / Invariant feedback: no_assets_no_shares / Code Explorer: What is the relationship between _assetBalance() and totalSupply() in RiverV1? Is there any invariant enforced or documented relating the two? When can one be zero while the other is non-zero?] at node: tools
[Structural invariant formulation / Invariant feedback: no_assets_no_shares / Code Explorer: What is the relationship between _assetBalance() and totalSupply() in RiverV1? Is there any invariant enforced or documented relating the two? When can one be zero while the other is non-zero?] end
[Structural invariant formulation / Invariant feedback: no_assets_no_shares] at node: tools
[Structural invariant formulation / Invariant feedback: no_assets_no_shares] at node: tool_result; tool calls: [code_explorer, code_explorer]
[Structural invariant formulation / Invariant feedback: no_assets_no_shares / Code Explorer: In setConsensusLayerData (the oracle update function), when exactly is _burnRawShares called? What conditions trigger share burning during oracle updates?] start  (via tool: toolu_01DAVoaQknvQAHQgpMeiK9Qz)
[Structural invariant formulation / Invariant feedback: no_assets_no_shares / Code Explorer: What happens in the deposit flow (depositAndTransfer or similar functions) when totalSupply() is 0? Specifically, how are shares minted when totalSupply == 0 but _assetBalance() > 0? Is there any explicit check preventing _assetBalance from becoming 0 while totalSupply > 0?] start  (via tool: toolu_01DHr4wVaEtwMcQpsre5Cckx)
[Structural invariant formulation / Invariant feedback: no_assets_no_shares / Code Explorer: In setConsensusLayerData (the oracle update function), when exactly is _burnRawShares called? What conditions trigger share burning during oracle updates?] at node: initial; tool calls: [grep_files, grep_files]
[Structural invariant formulation / Invariant feedback: no_assets_no_shares / Code Explorer: What happens in the deposit flow (depositAndTransfer or similar functions) when totalSupply() is 0? Specifically, how are shares minted when totalSupply == 0 but _assetBalance() > 0? Is there any explicit check preventing _assetBalance from becoming 0 while totalSupply > 0?] at node: initial; tool calls: [grep_files, grep_files]
[Structural invariant formulation / Invariant feedback: no_assets_no_shares / Code Explorer: In setConsensusLayerData (the oracle update function), when exactly is _burnRawShares called? What conditions trigger share burning during oracle updates?] at node: tools
[Structural invariant formulation / Invariant feedback: no_assets_no_shares / Code Explorer: What happens in the deposit flow (depositAndTransfer or similar functions) when totalSupply() is 0? Specifically, how are shares minted when totalSupply == 0 but _assetBalance() > 0? Is there any explicit check preventing _assetBalance from becoming 0 while totalSupply > 0?] at node: tools
[Structural invariant formulation / Invariant feedback: no_assets_no_shares / Code Explorer: In setConsensusLayerData (the oracle update function), when exactly is _burnRawShares called? What conditions trigger share burning during oracle updates?] at node: tool_result; tool calls: [get_file, get_file]
[Structural invariant formulation / Invariant feedback: no_assets_no_shares / Code Explorer: In setConsensusLayerData (the oracle update function), when exactly is _burnRawShares called? What conditions trigger share burning during oracle updates?] at node: tools
[Structural invariant formulation / Invariant feedback: no_assets_no_shares / Code Explorer: What happens in the deposit flow (depositAndTransfer or similar functions) when totalSupply() is 0? Specifically, how are shares minted when totalSupply == 0 but _assetBalance() > 0? Is there any explicit check preventing _assetBalance from becoming 0 while totalSupply > 0?] at node: tool_result; tool calls: [list_files]
[Structural invariant formulation / Invariant feedback: no_assets_no_shares / Code Explorer: What happens in the deposit flow (depositAndTransfer or similar functions) when totalSupply() is 0? Specifically, how are shares minted when totalSupply == 0 but _assetBalance() > 0? Is there any explicit check preventing _assetBalance from becoming 0 while totalSupply > 0?] at node: tools
[Structural invariant formulation / Invariant feedback: no_assets_no_shares / Code Explorer: What happens in the deposit flow (depositAndTransfer or similar functions) when totalSupply() is 0? Specifically, how are shares minted when totalSupply == 0 but _assetBalance() > 0? Is there any explicit check preventing _assetBalance from becoming 0 while totalSupply > 0?] at node: tool_result; tool calls: [get_file]
[Structural invariant formulation / Invariant feedback: no_assets_no_shares / Code Explorer: What happens in the deposit flow (depositAndTransfer or similar functions) when totalSupply() is 0? Specifically, how are shares minted when totalSupply == 0 but _assetBalance() > 0? Is there any explicit check preventing _assetBalance from becoming 0 while totalSupply > 0?] at node: tools
[Structural invariant formulation / Invariant feedback: no_assets_no_shares / Code Explorer: What happens in the deposit flow (depositAndTransfer or similar functions) when totalSupply() is 0? Specifically, how are shares minted when totalSupply == 0 but _assetBalance() > 0? Is there any explicit check preventing _assetBalance from becoming 0 while totalSupply > 0?] at node: tool_result; tool calls: [get_file, grep_files]
[Structural invariant formulation / Invariant feedback: no_assets_no_shares / Code Explorer: What happens in the deposit flow (depositAndTransfer or similar functions) when totalSupply() is 0? Specifically, how are shares minted when totalSupply == 0 but _assetBalance() > 0? Is there any explicit check preventing _assetBalance from becoming 0 while totalSupply > 0?] at node: tools
[Structural invariant formulation / Invariant feedback: no_assets_no_shares / Code Explorer: What happens in the deposit flow (depositAndTransfer or similar functions) when totalSupply() is 0? Specifically, how are shares minted when totalSupply == 0 but _assetBalance() > 0? Is there any explicit check preventing _assetBalance from becoming 0 while totalSupply > 0?] at node: tool_result; tool calls: [grep_files, grep_files]
[Structural invariant formulation / Invariant feedback: no_assets_no_shares / Code Explorer: In setConsensusLayerData (the oracle update function), when exactly is _burnRawShares called? What conditions trigger share burning during oracle updates?] at node: tool_result; tool calls: [get_file]
[Structural invariant formulation / Invariant feedback: no_assets_no_shares / Code Explorer: In setConsensusLayerData (the oracle update function), when exactly is _burnRawShares called? What conditions trigger share burning during oracle updates?] at node: tools
[Structural invariant formulation / Invariant feedback: no_assets_no_shares / Code Explorer: What happens in the deposit flow (depositAndTransfer or similar functions) when totalSupply() is 0? Specifically, how are shares minted when totalSupply == 0 but _assetBalance() > 0? Is there any explicit check preventing _assetBalance from becoming 0 while totalSupply > 0?] at node: tools
[Structural invariant formulation / Invariant feedback: no_assets_no_shares / Code Explorer: What happens in the deposit flow (depositAndTransfer or similar functions) when totalSupply() is 0? Specifically, how are shares minted when totalSupply == 0 but _assetBalance() > 0? Is there any explicit check preventing _assetBalance from becoming 0 while totalSupply > 0?] at node: tool_result; tool calls: [grep_files, grep_files]
[Structural invariant formulation / Invariant feedback: no_assets_no_shares / Code Explorer: What happens in the deposit flow (depositAndTransfer or similar functions) when totalSupply() is 0? Specifically, how are shares minted when totalSupply == 0 but _assetBalance() > 0? Is there any explicit check preventing _assetBalance from becoming 0 while totalSupply > 0?] at node: tools
[Structural invariant formulation / Invariant feedback: no_assets_no_shares / Code Explorer: What happens in the deposit flow (depositAndTransfer or similar functions) when totalSupply() is 0? Specifically, how are shares minted when totalSupply == 0 but _assetBalance() > 0? Is there any explicit check preventing _assetBalance from becoming 0 while totalSupply > 0?] at node: tool_result; tool calls: [get_file]
[Structural invariant formulation / Invariant feedback: no_assets_no_shares / Code Explorer: What happens in the deposit flow (depositAndTransfer or similar functions) when totalSupply() is 0? Specifically, how are shares minted when totalSupply == 0 but _assetBalance() > 0? Is there any explicit check preventing _assetBalance from becoming 0 while totalSupply > 0?] at node: tools
[Structural invariant formulation / Invariant feedback: no_assets_no_shares / Code Explorer: What happens in the deposit flow (depositAndTransfer or similar functions) when totalSupply() is 0? Specifically, how are shares minted when totalSupply == 0 but _assetBalance() > 0? Is there any explicit check preventing _assetBalance from becoming 0 while totalSupply > 0?] at node: tool_result; tool calls: [grep_files, grep_files]
[Structural invariant formulation / Invariant feedback: no_assets_no_shares / Code Explorer: In setConsensusLayerData (the oracle update function), when exactly is _burnRawShares called? What conditions trigger share burning during oracle updates?] at node: tool_result; tool calls: [result]
[Structural invariant formulation / Invariant feedback: no_assets_no_shares / Code Explorer: In setConsensusLayerData (the oracle update function), when exactly is _burnRawShares called? What conditions trigger share burning during oracle updates?] at node: tools
[Structural invariant formulation / Invariant feedback: no_assets_no_shares / Code Explorer: In setConsensusLayerData (the oracle update function), when exactly is _burnRawShares called? What conditions trigger share burning during oracle updates?] end
[Structural invariant formulation / Invariant feedback: no_assets_no_shares / Code Explorer: What happens in the deposit flow (depositAndTransfer or similar functions) when totalSupply() is 0? Specifically, how are shares minted when totalSupply == 0 but _assetBalance() > 0? Is there any explicit check preventing _assetBalance from becoming 0 while totalSupply > 0?] at node: tools
[Structural invariant formulation / Invariant feedback: no_assets_no_shares / Code Explorer: What happens in the deposit flow (depositAndTransfer or similar functions) when totalSupply() is 0? Specifically, how are shares minted when totalSupply == 0 but _assetBalance() > 0? Is there any explicit check preventing _assetBalance from becoming 0 while totalSupply > 0?] at node: tool_result; tool calls: [get_file, get_file]
[Structural invariant formulation / Invariant feedback: no_assets_no_shares / Code Explorer: What happens in the deposit flow (depositAndTransfer or similar functions) when totalSupply() is 0? Specifically, how are shares minted when totalSupply == 0 but _assetBalance() > 0? Is there any explicit check preventing _assetBalance from becoming 0 while totalSupply > 0?] at node: tools
[Structural invariant formulation / Invariant feedback: no_assets_no_shares / Code Explorer: What happens in the deposit flow (depositAndTransfer or similar functions) when totalSupply() is 0? Specifically, how are shares minted when totalSupply == 0 but _assetBalance() > 0? Is there any explicit check preventing _assetBalance from becoming 0 while totalSupply > 0?] at node: tool_result; tool calls: [grep_files]
[Structural invariant formulation / Invariant feedback: no_assets_no_shares / Code Explorer: What happens in the deposit flow (depositAndTransfer or similar functions) when totalSupply() is 0? Specifically, how are shares minted when totalSupply == 0 but _assetBalance() > 0? Is there any explicit check preventing _assetBalance from becoming 0 while totalSupply > 0?] at node: tools
[Structural invariant formulation / Invariant feedback: no_assets_no_shares / Code Explorer: What happens in the deposit flow (depositAndTransfer or similar functions) when totalSupply() is 0? Specifically, how are shares minted when totalSupply == 0 but _assetBalance() > 0? Is there any explicit check preventing _assetBalance from becoming 0 while totalSupply > 0?] at node: tool_result; tool calls: [grep_files]
[Structural invariant formulation / Invariant feedback: no_assets_no_shares / Code Explorer: What happens in the deposit flow (depositAndTransfer or similar functions) when totalSupply() is 0? Specifically, how are shares minted when totalSupply == 0 but _assetBalance() > 0? Is there any explicit check preventing _assetBalance from becoming 0 while totalSupply > 0?] at node: tools
[Structural invariant formulation / Invariant feedback: no_assets_no_shares / Code Explorer: What happens in the deposit flow (depositAndTransfer or similar functions) when totalSupply() is 0? Specifically, how are shares minted when totalSupply == 0 but _assetBalance() > 0? Is there any explicit check preventing _assetBalance from becoming 0 while totalSupply > 0?] at node: tool_result; tool calls: [grep_files]
[Structural invariant formulation / Invariant feedback: no_assets_no_shares / Code Explorer: What happens in the deposit flow (depositAndTransfer or similar functions) when totalSupply() is 0? Specifically, how are shares minted when totalSupply == 0 but _assetBalance() > 0? Is there any explicit check preventing _assetBalance from becoming 0 while totalSupply > 0?] at node: tools
[Structural invariant formulation / Invariant feedback: no_assets_no_shares / Code Explorer: What happens in the deposit flow (depositAndTransfer or similar functions) when totalSupply() is 0? Specifically, how are shares minted when totalSupply == 0 but _assetBalance() > 0? Is there any explicit check preventing _assetBalance from becoming 0 while totalSupply > 0?] at node: tool_result; tool calls: [get_file]
[Structural invariant formulation / Invariant feedback: no_assets_no_shares / Code Explorer: What happens in the deposit flow (depositAndTransfer or similar functions) when totalSupply() is 0? Specifically, how are shares minted when totalSupply == 0 but _assetBalance() > 0? Is there any explicit check preventing _assetBalance from becoming 0 while totalSupply > 0?] at node: tools
[Structural invariant formulation / Invariant feedback: no_assets_no_shares / Code Explorer: What happens in the deposit flow (depositAndTransfer or similar functions) when totalSupply() is 0? Specifically, how are shares minted when totalSupply == 0 but _assetBalance() > 0? Is there any explicit check preventing _assetBalance from becoming 0 while totalSupply > 0?] at node: tool_result; tool calls: [grep_files]
[Structural invariant formulation / Invariant feedback: no_assets_no_shares / Code Explorer: What happens in the deposit flow (depositAndTransfer or similar functions) when totalSupply() is 0? Specifically, how are shares minted when totalSupply == 0 but _assetBalance() > 0? Is there any explicit check preventing _assetBalance from becoming 0 while totalSupply > 0?] at node: tools
[Structural invariant formulation / Invariant feedback: no_assets_no_shares / Code Explorer: What happens in the deposit flow (depositAndTransfer or similar functions) when totalSupply() is 0? Specifically, how are shares minted when totalSupply == 0 but _assetBalance() > 0? Is there any explicit check preventing _assetBalance from becoming 0 while totalSupply > 0?] at node: tool_result; tool calls: [grep_files]
[Structural invariant formulation / Invariant feedback: no_assets_no_shares / Code Explorer: What happens in the deposit flow (depositAndTransfer or similar functions) when totalSupply() is 0? Specifically, how are shares minted when totalSupply == 0 but _assetBalance() > 0? Is there any explicit check preventing _assetBalance from becoming 0 while totalSupply > 0?] at node: tools
[Structural invariant formulation / Invariant feedback: no_assets_no_shares / Code Explorer: What happens in the deposit flow (depositAndTransfer or similar functions) when totalSupply() is 0? Specifically, how are shares minted when totalSupply == 0 but _assetBalance() > 0? Is there any explicit check preventing _assetBalance from becoming 0 while totalSupply > 0?] at node: tool_result; tool calls: [get_file]
[Structural invariant formulation / Invariant feedback: no_assets_no_shares / Code Explorer: What happens in the deposit flow (depositAndTransfer or similar functions) when totalSupply() is 0? Specifically, how are shares minted when totalSupply == 0 but _assetBalance() > 0? Is there any explicit check preventing _assetBalance from becoming 0 while totalSupply > 0?] at node: tools
[Structural invariant formulation / Invariant feedback: no_assets_no_shares / Code Explorer: What happens in the deposit flow (depositAndTransfer or similar functions) when totalSupply() is 0? Specifically, how are shares minted when totalSupply == 0 but _assetBalance() > 0? Is there any explicit check preventing _assetBalance from becoming 0 while totalSupply > 0?] at node: tool_result; tool calls: [get_file]
[Structural invariant formulation / Invariant feedback: no_assets_no_shares / Code Explorer: What happens in the deposit flow (depositAndTransfer or similar functions) when totalSupply() is 0? Specifically, how are shares minted when totalSupply == 0 but _assetBalance() > 0? Is there any explicit check preventing _assetBalance from becoming 0 while totalSupply > 0?] at node: tools
[Structural invariant formulation / Invariant feedback: no_assets_no_shares / Code Explorer: What happens in the deposit flow (depositAndTransfer or similar functions) when totalSupply() is 0? Specifically, how are shares minted when totalSupply == 0 but _assetBalance() > 0? Is there any explicit check preventing _assetBalance from becoming 0 while totalSupply > 0?] at node: tool_result; tool calls: [get_file]
[Structural invariant formulation / Invariant feedback: no_assets_no_shares / Code Explorer: What happens in the deposit flow (depositAndTransfer or similar functions) when totalSupply() is 0? Specifically, how are shares minted when totalSupply == 0 but _assetBalance() > 0? Is there any explicit check preventing _assetBalance from becoming 0 while totalSupply > 0?] at node: tools
[Structural invariant formulation / Invariant feedback: no_assets_no_shares / Code Explorer: What happens in the deposit flow (depositAndTransfer or similar functions) when totalSupply() is 0? Specifically, how are shares minted when totalSupply == 0 but _assetBalance() > 0? Is there any explicit check preventing _assetBalance from becoming 0 while totalSupply > 0?] at node: tool_result; tool calls: [result]
[Structural invariant formulation / Invariant feedback: no_assets_no_shares / Code Explorer: What happens in the deposit flow (depositAndTransfer or similar functions) when totalSupply() is 0? Specifically, how are shares minted when totalSupply == 0 but _assetBalance() > 0? Is there any explicit check preventing _assetBalance from becoming 0 while totalSupply > 0?] at node: tools
[Structural invariant formulation / Invariant feedback: no_assets_no_shares / Code Explorer: What happens in the deposit flow (depositAndTransfer or similar functions) when totalSupply() is 0? Specifically, how are shares minted when totalSupply == 0 but _assetBalance() > 0? Is there any explicit check preventing _assetBalance from becoming 0 while totalSupply > 0?] end
[Structural invariant formulation / Invariant feedback: no_assets_no_shares] at node: tools
[Structural invariant formulation / Invariant feedback: no_assets_no_shares] at node: tool_result; tool calls: [code_explorer]
[Structural invariant formulation / Invariant feedback: no_assets_no_shares / Code Explorer: What are the APR lower-bound and upper-bound checks in setConsensusLayerData? Do they prevent validatorsBalance from reaching 0? What are the specific bounds/thresholds used?] start  (via tool: toolu_01TxkDYGZQbUnR7Njj1BakAF)
[Structural invariant formulation / Invariant feedback: no_assets_no_shares / Code Explorer: What are the APR lower-bound and upper-bound checks in setConsensusLayerData? Do they prevent validatorsBalance from reaching 0? What are the specific bounds/thresholds used?] at node: initial; tool calls: [grep_files, grep_files]
[Structural invariant formulation / Invariant feedback: no_assets_no_shares / Code Explorer: What are the APR lower-bound and upper-bound checks in setConsensusLayerData? Do they prevent validatorsBalance from reaching 0? What are the specific bounds/thresholds used?] at node: tools
[Structural invariant formulation / Invariant feedback: no_assets_no_shares / Code Explorer: What are the APR lower-bound and upper-bound checks in setConsensusLayerData? Do they prevent validatorsBalance from reaching 0? What are the specific bounds/thresholds used?] at node: tool_result; tool calls: [list_files]
[Structural invariant formulation / Invariant feedback: no_assets_no_shares / Code Explorer: What are the APR lower-bound and upper-bound checks in setConsensusLayerData? Do they prevent validatorsBalance from reaching 0? What are the specific bounds/thresholds used?] at node: tools
[Structural invariant formulation / Invariant feedback: no_assets_no_shares / Code Explorer: What are the APR lower-bound and upper-bound checks in setConsensusLayerData? Do they prevent validatorsBalance from reaching 0? What are the specific bounds/thresholds used?] at node: tool_result; tool calls: [get_file, get_file]
[Structural invariant formulation / Invariant feedback: no_assets_no_shares / Code Explorer: What are the APR lower-bound and upper-bound checks in setConsensusLayerData? Do they prevent validatorsBalance from reaching 0? What are the specific bounds/thresholds used?] at node: tools
[Structural invariant formulation / Invariant feedback: no_assets_no_shares / Code Explorer: What are the APR lower-bound and upper-bound checks in setConsensusLayerData? Do they prevent validatorsBalance from reaching 0? What are the specific bounds/thresholds used?] at node: tool_result; tool calls: [get_file, grep_files]
[Structural invariant formulation / Invariant feedback: no_assets_no_shares / Code Explorer: What are the APR lower-bound and upper-bound checks in setConsensusLayerData? Do they prevent validatorsBalance from reaching 0? What are the specific bounds/thresholds used?] at node: tools
[Structural invariant formulation / Invariant feedback: no_assets_no_shares / Code Explorer: What are the APR lower-bound and upper-bound checks in setConsensusLayerData? Do they prevent validatorsBalance from reaching 0? What are the specific bounds/thresholds used?] at node: tool_result; tool calls: [grep_files, grep_files]
[Structural invariant formulation / Invariant feedback: no_assets_no_shares / Code Explorer: What are the APR lower-bound and upper-bound checks in setConsensusLayerData? Do they prevent validatorsBalance from reaching 0? What are the specific bounds/thresholds used?] at node: tools
[Structural invariant formulation / Invariant feedback: no_assets_no_shares / Code Explorer: What are the APR lower-bound and upper-bound checks in setConsensusLayerData? Do they prevent validatorsBalance from reaching 0? What are the specific bounds/thresholds used?] at node: tool_result; tool calls: [grep_files]
[Structural invariant formulation / Invariant feedback: no_assets_no_shares / Code Explorer: What are the APR lower-bound and upper-bound checks in setConsensusLayerData? Do they prevent validatorsBalance from reaching 0? What are the specific bounds/thresholds used?] at node: tools
[Structural invariant formulation / Invariant feedback: no_assets_no_shares / Code Explorer: What are the APR lower-bound and upper-bound checks in setConsensusLayerData? Do they prevent validatorsBalance from reaching 0? What are the specific bounds/thresholds used?] at node: tool_result; tool calls: [get_file]
[Structural invariant formulation / Invariant feedback: no_assets_no_shares / Code Explorer: What are the APR lower-bound and upper-bound checks in setConsensusLayerData? Do they prevent validatorsBalance from reaching 0? What are the specific bounds/thresholds used?] at node: tools
[Structural invariant formulation / Invariant feedback: no_assets_no_shares / Code Explorer: What are the APR lower-bound and upper-bound checks in setConsensusLayerData? Do they prevent validatorsBalance from reaching 0? What are the specific bounds/thresholds used?] at node: tool_result; tool calls: [grep_files]
[Structural invariant formulation / Invariant feedback: no_assets_no_shares / Code Explorer: What are the APR lower-bound and upper-bound checks in setConsensusLayerData? Do they prevent validatorsBalance from reaching 0? What are the specific bounds/thresholds used?] at node: tools
[Structural invariant formulation / Invariant feedback: no_assets_no_shares / Code Explorer: What are the APR lower-bound and upper-bound checks in setConsensusLayerData? Do they prevent validatorsBalance from reaching 0? What are the specific bounds/thresholds used?] at node: tool_result; tool calls: [grep_files]
[Structural invariant formulation / Invariant feedback: no_assets_no_shares / Code Explorer: What are the APR lower-bound and upper-bound checks in setConsensusLayerData? Do they prevent validatorsBalance from reaching 0? What are the specific bounds/thresholds used?] at node: tools
[Structural invariant formulation / Invariant feedback: no_assets_no_shares / Code Explorer: What are the APR lower-bound and upper-bound checks in setConsensusLayerData? Do they prevent validatorsBalance from reaching 0? What are the specific bounds/thresholds used?] at node: tool_result; tool calls: [get_file]
[Structural invariant formulation / Invariant feedback: no_assets_no_shares / Code Explorer: What are the APR lower-bound and upper-bound checks in setConsensusLayerData? Do they prevent validatorsBalance from reaching 0? What are the specific bounds/thresholds used?] at node: tools
[Structural invariant formulation / Invariant feedback: no_assets_no_shares / Code Explorer: What are the APR lower-bound and upper-bound checks in setConsensusLayerData? Do they prevent validatorsBalance from reaching 0? What are the specific bounds/thresholds used?] at node: tool_result; tool calls: [get_file, get_file]
[Structural invariant formulation / Invariant feedback: no_assets_no_shares / Code Explorer: What are the APR lower-bound and upper-bound checks in setConsensusLayerData? Do they prevent validatorsBalance from reaching 0? What are the specific bounds/thresholds used?] at node: tools
[Structural invariant formulation / Invariant feedback: no_assets_no_shares / Code Explorer: What are the APR lower-bound and upper-bound checks in setConsensusLayerData? Do they prevent validatorsBalance from reaching 0? What are the specific bounds/thresholds used?] at node: tool_result; tool calls: [grep_files, grep_files]
[Structural invariant formulation / Invariant feedback: no_assets_no_shares / Code Explorer: What are the APR lower-bound and upper-bound checks in setConsensusLayerData? Do they prevent validatorsBalance from reaching 0? What are the specific bounds/thresholds used?] at node: tools
[Structural invariant formulation / Invariant feedback: no_assets_no_shares / Code Explorer: What are the APR lower-bound and upper-bound checks in setConsensusLayerData? Do they prevent validatorsBalance from reaching 0? What are the specific bounds/thresholds used?] at node: tool_result; tool calls: [grep_files, get_file]
[Structural invariant formulation / Invariant feedback: no_assets_no_shares / Code Explorer: What are the APR lower-bound and upper-bound checks in setConsensusLayerData? Do they prevent validatorsBalance from reaching 0? What are the specific bounds/thresholds used?] at node: tools
[Structural invariant formulation / Invariant feedback: no_assets_no_shares / Code Explorer: What are the APR lower-bound and upper-bound checks in setConsensusLayerData? Do they prevent validatorsBalance from reaching 0? What are the specific bounds/thresholds used?] at node: tool_result; tool calls: [get_file]
[Structural invariant formulation / Invariant feedback: no_assets_no_shares / Code Explorer: What are the APR lower-bound and upper-bound checks in setConsensusLayerData? Do they prevent validatorsBalance from reaching 0? What are the specific bounds/thresholds used?] at node: tools
[Structural invariant formulation / Invariant feedback: no_assets_no_shares / Code Explorer: What are the APR lower-bound and upper-bound checks in setConsensusLayerData? Do they prevent validatorsBalance from reaching 0? What are the specific bounds/thresholds used?] at node: tool_result; tool calls: [result]
[Structural invariant formulation / Invariant feedback: no_assets_no_shares / Code Explorer: What are the APR lower-bound and upper-bound checks in setConsensusLayerData? Do they prevent validatorsBalance from reaching 0? What are the specific bounds/thresholds used?] at node: tools
[Structural invariant formulation / Invariant feedback: no_assets_no_shares / Code Explorer: What are the APR lower-bound and upper-bound checks in setConsensusLayerData? Do they prevent validatorsBalance from reaching 0? What are the specific bounds/thresholds used?] end
[Structural invariant formulation / Invariant feedback: no_assets_no_shares] at node: tools
[Structural invariant formulation / Invariant feedback: no_assets_no_shares] at node: tool_result; tool calls: [write_rough_draft]
[Structural invariant formulation / Invariant feedback: no_assets_no_shares] at node: tools
[Structural invariant formulation / Invariant feedback: no_assets_no_shares] at node: tool_result; tool calls: [read_rough_draft]
[Structural invariant formulation / Invariant feedback: no_assets_no_shares] at node: tools
[Structural invariant formulation / Invariant feedback: no_assets_no_shares] at node: tool_result; tool calls: [memory]
[Structural invariant formulation / Invariant feedback: no_assets_no_shares] at node: tools
[Structural invariant formulation / Invariant feedback: no_assets_no_shares] at node: tool_result; tool calls: [result]
[Structural invariant formulation / Invariant feedback: no_assets_no_shares] at node: tools
[Structural invariant formulation / Invariant feedback: no_assets_no_shares] end
[Structural invariant formulation] at node: summarize
[Structural invariant formulation] at node: tool_result; tool calls: [memory]
[Structural invariant formulation] at node: tools
[Structural invariant formulation] at node: tool_result; tool calls: [memory]
[Structural invariant formulation] at node: tools
[Structural invariant formulation] at node: tool_result; tool calls: [invariant_feedback]
[Structural invariant formulation / Invariant feedback: no_shares_means_no_assets] start  (via tool: toolu_01GLdTZofw8sw5nWXmi4gE53)
[Structural invariant formulation / Invariant feedback: no_shares_means_no_assets] at node: initial; tool calls: [memory]
[Structural invariant formulation / Invariant feedback: no_shares_means_no_assets] at node: tools
[Structural invariant formulation / Invariant feedback: no_shares_means_no_assets] at node: tool_result; tool calls: [memory]
[Structural invariant formulation / Invariant feedback: no_shares_means_no_assets] at node: tools
[Structural invariant formulation / Invariant feedback: no_shares_means_no_assets] at node: tool_result; tool calls: [code_explorer, code_explorer]
[Structural invariant formulation / Invariant feedback: no_shares_means_no_assets / Code Explorer: What does totalUnderlyingSupply() return in RiverV1? How is it computed and what state variables does it depend on?] start  (via tool: toolu_01RbbJXdrQvHmVHoodT2aPiw)
[Structural invariant formulation / Invariant feedback: no_shares_means_no_assets / Code Explorer: In RiverV1, when is totalSupply() zero? What operations can set totalSupply to zero, and what happens to the underlying ETH balance tracked by the protocol in that case?] start  (via tool: toolu_018gmbDcqgfha39mPaWPnHqx)
[Structural invariant formulation / Invariant feedback: no_shares_means_no_assets / Code Explorer: What does totalUnderlyingSupply() return in RiverV1? How is it computed and what state variables does it depend on?] at node: initial; tool calls: [grep_files]
[Structural invariant formulation / Invariant feedback: no_shares_means_no_assets / Code Explorer: What does totalUnderlyingSupply() return in RiverV1? How is it computed and what state variables does it depend on?] at node: tools
[Structural invariant formulation / Invariant feedback: no_shares_means_no_assets / Code Explorer: In RiverV1, when is totalSupply() zero? What operations can set totalSupply to zero, and what happens to the underlying ETH balance tracked by the protocol in that case?] at node: initial; tool calls: [grep_files, grep_files]
[Structural invariant formulation / Invariant feedback: no_shares_means_no_assets / Code Explorer: What does totalUnderlyingSupply() return in RiverV1? How is it computed and what state variables does it depend on?] at node: tool_result; tool calls: [get_file]
[Structural invariant formulation / Invariant feedback: no_shares_means_no_assets / Code Explorer: What does totalUnderlyingSupply() return in RiverV1? How is it computed and what state variables does it depend on?] at node: tools
[Structural invariant formulation / Invariant feedback: no_shares_means_no_assets / Code Explorer: What does totalUnderlyingSupply() return in RiverV1? How is it computed and what state variables does it depend on?] at node: tool_result; tool calls: [get_file]
[Structural invariant formulation / Invariant feedback: no_shares_means_no_assets / Code Explorer: What does totalUnderlyingSupply() return in RiverV1? How is it computed and what state variables does it depend on?] at node: tools
[Structural invariant formulation / Invariant feedback: no_shares_means_no_assets / Code Explorer: In RiverV1, when is totalSupply() zero? What operations can set totalSupply to zero, and what happens to the underlying ETH balance tracked by the protocol in that case?] at node: tools
[Structural invariant formulation / Invariant feedback: no_shares_means_no_assets / Code Explorer: What does totalUnderlyingSupply() return in RiverV1? How is it computed and what state variables does it depend on?] at node: tool_result; tool calls: [grep_files]
[Structural invariant formulation / Invariant feedback: no_shares_means_no_assets / Code Explorer: In RiverV1, when is totalSupply() zero? What operations can set totalSupply to zero, and what happens to the underlying ETH balance tracked by the protocol in that case?] at node: tool_result; tool calls: [list_files]
[Structural invariant formulation / Invariant feedback: no_shares_means_no_assets / Code Explorer: In RiverV1, when is totalSupply() zero? What operations can set totalSupply to zero, and what happens to the underlying ETH balance tracked by the protocol in that case?] at node: tools
[Structural invariant formulation / Invariant feedback: no_shares_means_no_assets / Code Explorer: What does totalUnderlyingSupply() return in RiverV1? How is it computed and what state variables does it depend on?] at node: tools
[Structural invariant formulation / Invariant feedback: no_shares_means_no_assets / Code Explorer: What does totalUnderlyingSupply() return in RiverV1? How is it computed and what state variables does it depend on?] at node: tool_result; tool calls: [get_file]
[Structural invariant formulation / Invariant feedback: no_shares_means_no_assets / Code Explorer: What does totalUnderlyingSupply() return in RiverV1? How is it computed and what state variables does it depend on?] at node: tools
[Structural invariant formulation / Invariant feedback: no_shares_means_no_assets / Code Explorer: In RiverV1, when is totalSupply() zero? What operations can set totalSupply to zero, and what happens to the underlying ETH balance tracked by the protocol in that case?] at node: tool_result; tool calls: [get_file]
[Structural invariant formulation / Invariant feedback: no_shares_means_no_assets / Code Explorer: In RiverV1, when is totalSupply() zero? What operations can set totalSupply to zero, and what happens to the underlying ETH balance tracked by the protocol in that case?] at node: tools
[Structural invariant formulation / Invariant feedback: no_shares_means_no_assets / Code Explorer: In RiverV1, when is totalSupply() zero? What operations can set totalSupply to zero, and what happens to the underlying ETH balance tracked by the protocol in that case?] at node: tool_result; tool calls: [grep_files, get_file]
[Structural invariant formulation / Invariant feedback: no_shares_means_no_assets / Code Explorer: In RiverV1, when is totalSupply() zero? What operations can set totalSupply to zero, and what happens to the underlying ETH balance tracked by the protocol in that case?] at node: tools
[Structural invariant formulation / Invariant feedback: no_shares_means_no_assets / Code Explorer: In RiverV1, when is totalSupply() zero? What operations can set totalSupply to zero, and what happens to the underlying ETH balance tracked by the protocol in that case?] at node: tool_result; tool calls: [grep_files, get_file]
[Structural invariant formulation / Invariant feedback: no_shares_means_no_assets / Code Explorer: In RiverV1, when is totalSupply() zero? What operations can set totalSupply to zero, and what happens to the underlying ETH balance tracked by the protocol in that case?] at node: tools
[Structural invariant formulation / Invariant feedback: no_shares_means_no_assets / Code Explorer: In RiverV1, when is totalSupply() zero? What operations can set totalSupply to zero, and what happens to the underlying ETH balance tracked by the protocol in that case?] at node: tool_result; tool calls: [get_file, get_file]
[Structural invariant formulation / Invariant feedback: no_shares_means_no_assets / Code Explorer: In RiverV1, when is totalSupply() zero? What operations can set totalSupply to zero, and what happens to the underlying ETH balance tracked by the protocol in that case?] at node: tools
[Structural invariant formulation / Invariant feedback: no_shares_means_no_assets / Code Explorer: What does totalUnderlyingSupply() return in RiverV1? How is it computed and what state variables does it depend on?] at node: tool_result; tool calls: [result]
[Structural invariant formulation / Invariant feedback: no_shares_means_no_assets / Code Explorer: What does totalUnderlyingSupply() return in RiverV1? How is it computed and what state variables does it depend on?] at node: tools
[Structural invariant formulation / Invariant feedback: no_shares_means_no_assets / Code Explorer: What does totalUnderlyingSupply() return in RiverV1? How is it computed and what state variables does it depend on?] end
[Structural invariant formulation / Invariant feedback: no_shares_means_no_assets / Code Explorer: In RiverV1, when is totalSupply() zero? What operations can set totalSupply to zero, and what happens to the underlying ETH balance tracked by the protocol in that case?] at node: tool_result; tool calls: [grep_files, get_file]
[Structural invariant formulation / Invariant feedback: no_shares_means_no_assets / Code Explorer: In RiverV1, when is totalSupply() zero? What operations can set totalSupply to zero, and what happens to the underlying ETH balance tracked by the protocol in that case?] at node: tools
[Structural invariant formulation / Invariant feedback: no_shares_means_no_assets / Code Explorer: In RiverV1, when is totalSupply() zero? What operations can set totalSupply to zero, and what happens to the underlying ETH balance tracked by the protocol in that case?] at node: tool_result; tool calls: [grep_files]
[Structural invariant formulation / Invariant feedback: no_shares_means_no_assets / Code Explorer: In RiverV1, when is totalSupply() zero? What operations can set totalSupply to zero, and what happens to the underlying ETH balance tracked by the protocol in that case?] at node: tools
[Structural invariant formulation / Invariant feedback: no_shares_means_no_assets / Code Explorer: In RiverV1, when is totalSupply() zero? What operations can set totalSupply to zero, and what happens to the underlying ETH balance tracked by the protocol in that case?] at node: tool_result; tool calls: [grep_files, grep_files]
[Structural invariant formulation / Invariant feedback: no_shares_means_no_assets / Code Explorer: In RiverV1, when is totalSupply() zero? What operations can set totalSupply to zero, and what happens to the underlying ETH balance tracked by the protocol in that case?] at node: tools
[Structural invariant formulation / Invariant feedback: no_shares_means_no_assets / Code Explorer: In RiverV1, when is totalSupply() zero? What operations can set totalSupply to zero, and what happens to the underlying ETH balance tracked by the protocol in that case?] at node: tool_result; tool calls: [get_file]
[Structural invariant formulation / Invariant feedback: no_shares_means_no_assets / Code Explorer: In RiverV1, when is totalSupply() zero? What operations can set totalSupply to zero, and what happens to the underlying ETH balance tracked by the protocol in that case?] at node: tools
[Structural invariant formulation / Invariant feedback: no_shares_means_no_assets / Code Explorer: In RiverV1, when is totalSupply() zero? What operations can set totalSupply to zero, and what happens to the underlying ETH balance tracked by the protocol in that case?] at node: tool_result; tool calls: [grep_files]
[Structural invariant formulation / Invariant feedback: no_shares_means_no_assets / Code Explorer: In RiverV1, when is totalSupply() zero? What operations can set totalSupply to zero, and what happens to the underlying ETH balance tracked by the protocol in that case?] at node: tools
[Structural invariant formulation / Invariant feedback: no_shares_means_no_assets / Code Explorer: In RiverV1, when is totalSupply() zero? What operations can set totalSupply to zero, and what happens to the underlying ETH balance tracked by the protocol in that case?] at node: tool_result; tool calls: [grep_files]
[Structural invariant formulation / Invariant feedback: no_shares_means_no_assets / Code Explorer: In RiverV1, when is totalSupply() zero? What operations can set totalSupply to zero, and what happens to the underlying ETH balance tracked by the protocol in that case?] at node: tools
[Structural invariant formulation / Invariant feedback: no_shares_means_no_assets / Code Explorer: In RiverV1, when is totalSupply() zero? What operations can set totalSupply to zero, and what happens to the underlying ETH balance tracked by the protocol in that case?] at node: tool_result; tool calls: [get_file]
[Structural invariant formulation / Invariant feedback: no_shares_means_no_assets / Code Explorer: In RiverV1, when is totalSupply() zero? What operations can set totalSupply to zero, and what happens to the underlying ETH balance tracked by the protocol in that case?] at node: tools
[Structural invariant formulation / Invariant feedback: no_shares_means_no_assets / Code Explorer: In RiverV1, when is totalSupply() zero? What operations can set totalSupply to zero, and what happens to the underlying ETH balance tracked by the protocol in that case?] at node: tool_result; tool calls: [get_file]
[Structural invariant formulation / Invariant feedback: no_shares_means_no_assets / Code Explorer: In RiverV1, when is totalSupply() zero? What operations can set totalSupply to zero, and what happens to the underlying ETH balance tracked by the protocol in that case?] at node: tools
[Structural invariant formulation / Invariant feedback: no_shares_means_no_assets / Code Explorer: In RiverV1, when is totalSupply() zero? What operations can set totalSupply to zero, and what happens to the underlying ETH balance tracked by the protocol in that case?] at node: tool_result; tool calls: [grep_files]
[Structural invariant formulation / Invariant feedback: no_shares_means_no_assets / Code Explorer: In RiverV1, when is totalSupply() zero? What operations can set totalSupply to zero, and what happens to the underlying ETH balance tracked by the protocol in that case?] at node: tools
[Structural invariant formulation / Invariant feedback: no_shares_means_no_assets / Code Explorer: In RiverV1, when is totalSupply() zero? What operations can set totalSupply to zero, and what happens to the underlying ETH balance tracked by the protocol in that case?] at node: tool_result; tool calls: [grep_files]
[Structural invariant formulation / Invariant feedback: no_shares_means_no_assets / Code Explorer: In RiverV1, when is totalSupply() zero? What operations can set totalSupply to zero, and what happens to the underlying ETH balance tracked by the protocol in that case?] at node: tools
[Structural invariant formulation / Invariant feedback: no_shares_means_no_assets / Code Explorer: In RiverV1, when is totalSupply() zero? What operations can set totalSupply to zero, and what happens to the underlying ETH balance tracked by the protocol in that case?] at node: tool_result; tool calls: [grep_files]
[Structural invariant formulation / Invariant feedback: no_shares_means_no_assets / Code Explorer: In RiverV1, when is totalSupply() zero? What operations can set totalSupply to zero, and what happens to the underlying ETH balance tracked by the protocol in that case?] at node: tools
[Structural invariant formulation / Invariant feedback: no_shares_means_no_assets / Code Explorer: In RiverV1, when is totalSupply() zero? What operations can set totalSupply to zero, and what happens to the underlying ETH balance tracked by the protocol in that case?] at node: tool_result; tool calls: [get_file]
[Structural invariant formulation / Invariant feedback: no_shares_means_no_assets / Code Explorer: In RiverV1, when is totalSupply() zero? What operations can set totalSupply to zero, and what happens to the underlying ETH balance tracked by the protocol in that case?] at node: tools
[Structural invariant formulation / Invariant feedback: no_shares_means_no_assets / Code Explorer: In RiverV1, when is totalSupply() zero? What operations can set totalSupply to zero, and what happens to the underlying ETH balance tracked by the protocol in that case?] at node: tool_result; tool calls: [get_file]
[Structural invariant formulation / Invariant feedback: no_shares_means_no_assets / Code Explorer: In RiverV1, when is totalSupply() zero? What operations can set totalSupply to zero, and what happens to the underlying ETH balance tracked by the protocol in that case?] at node: tools
[Structural invariant formulation / Invariant feedback: no_shares_means_no_assets / Code Explorer: In RiverV1, when is totalSupply() zero? What operations can set totalSupply to zero, and what happens to the underlying ETH balance tracked by the protocol in that case?] at node: tool_result; tool calls: [get_file]
[Structural invariant formulation / Invariant feedback: no_shares_means_no_assets / Code Explorer: In RiverV1, when is totalSupply() zero? What operations can set totalSupply to zero, and what happens to the underlying ETH balance tracked by the protocol in that case?] at node: tools
[Structural invariant formulation / Invariant feedback: no_shares_means_no_assets / Code Explorer: In RiverV1, when is totalSupply() zero? What operations can set totalSupply to zero, and what happens to the underlying ETH balance tracked by the protocol in that case?] at node: tool_result; tool calls: [result]
[Structural invariant formulation / Invariant feedback: no_shares_means_no_assets / Code Explorer: In RiverV1, when is totalSupply() zero? What operations can set totalSupply to zero, and what happens to the underlying ETH balance tracked by the protocol in that case?] at node: tools
[Structural invariant formulation / Invariant feedback: no_shares_means_no_assets / Code Explorer: In RiverV1, when is totalSupply() zero? What operations can set totalSupply to zero, and what happens to the underlying ETH balance tracked by the protocol in that case?] end
[Structural invariant formulation / Invariant feedback: no_shares_means_no_assets] at node: tools
[Structural invariant formulation / Invariant feedback: no_shares_means_no_assets] at node: tool_result; tool calls: [code_explorer, code_explorer]
[Structural invariant formulation / Invariant feedback: no_shares_means_no_assets / Code Explorer: What does sendELFees() do exactly in RiverV1? Does it update BalanceToDeposit when called, or does it just receive ETH? Does totalUnderlyingSupply() / _assetBalance() include raw ETH contract balance or only tracked state variables?] start  (via tool: toolu_01K4r4EgXUo9oTwWcZJKLYwi)
[Structural invariant formulation / Invariant feedback: no_shares_means_no_assets / Code Explorer: In RiverV1, what is the relationship between shares minting (_mintShares, _mintRawShares) and the ETH deposits received? Specifically, when someone deposits ETH (via deposit()), does totalSupply increase ONLY after totalUnderlyingSupply() increases, and is there any path where totalSupply() stays 0 while totalUnderlyingSupply() > 0 occurs after a fresh deposit?] start  (via tool: toolu_01K5DayjAThHGLwhoQbD88GL)
[Structural invariant formulation / Invariant feedback: no_shares_means_no_assets / Code Explorer: What does sendELFees() do exactly in RiverV1? Does it update BalanceToDeposit when called, or does it just receive ETH? Does totalUnderlyingSupply() / _assetBalance() include raw ETH contract balance or only tracked state variables?] at node: initial; tool calls: [grep_files]
[Structural invariant formulation / Invariant feedback: no_shares_means_no_assets / Code Explorer: What does sendELFees() do exactly in RiverV1? Does it update BalanceToDeposit when called, or does it just receive ETH? Does totalUnderlyingSupply() / _assetBalance() include raw ETH contract balance or only tracked state variables?] at node: tools
[Structural invariant formulation / Invariant feedback: no_shares_means_no_assets / Code Explorer: What does sendELFees() do exactly in RiverV1? Does it update BalanceToDeposit when called, or does it just receive ETH? Does totalUnderlyingSupply() / _assetBalance() include raw ETH contract balance or only tracked state variables?] at node: tool_result; tool calls: [get_file]
[Structural invariant formulation / Invariant feedback: no_shares_means_no_assets / Code Explorer: What does sendELFees() do exactly in RiverV1? Does it update BalanceToDeposit when called, or does it just receive ETH? Does totalUnderlyingSupply() / _assetBalance() include raw ETH contract balance or only tracked state variables?] at node: tools
[Structural invariant formulation / Invariant feedback: no_shares_means_no_assets / Code Explorer: What does sendELFees() do exactly in RiverV1? Does it update BalanceToDeposit when called, or does it just receive ETH? Does totalUnderlyingSupply() / _assetBalance() include raw ETH contract balance or only tracked state variables?] at node: tool_result; tool calls: [get_file, get_file]
[Structural invariant formulation / Invariant feedback: no_shares_means_no_assets / Code Explorer: What does sendELFees() do exactly in RiverV1? Does it update BalanceToDeposit when called, or does it just receive ETH? Does totalUnderlyingSupply() / _assetBalance() include raw ETH contract balance or only tracked state variables?] at node: tools
[Structural invariant formulation / Invariant feedback: no_shares_means_no_assets / Code Explorer: What does sendELFees() do exactly in RiverV1? Does it update BalanceToDeposit when called, or does it just receive ETH? Does totalUnderlyingSupply() / _assetBalance() include raw ETH contract balance or only tracked state variables?] at node: tool_result; tool calls: [grep_files]
[Structural invariant formulation / Invariant feedback: no_shares_means_no_assets / Code Explorer: What does sendELFees() do exactly in RiverV1? Does it update BalanceToDeposit when called, or does it just receive ETH? Does totalUnderlyingSupply() / _assetBalance() include raw ETH contract balance or only tracked state variables?] at node: tools
[Structural invariant formulation / Invariant feedback: no_shares_means_no_assets / Code Explorer: What does sendELFees() do exactly in RiverV1? Does it update BalanceToDeposit when called, or does it just receive ETH? Does totalUnderlyingSupply() / _assetBalance() include raw ETH contract balance or only tracked state variables?] at node: tool_result; tool calls: [grep_files]
[Structural invariant formulation / Invariant feedback: no_shares_means_no_assets / Code Explorer: What does sendELFees() do exactly in RiverV1? Does it update BalanceToDeposit when called, or does it just receive ETH? Does totalUnderlyingSupply() / _assetBalance() include raw ETH contract balance or only tracked state variables?] at node: tools
[Structural invariant formulation / Invariant feedback: no_shares_means_no_assets / Code Explorer: What does sendELFees() do exactly in RiverV1? Does it update BalanceToDeposit when called, or does it just receive ETH? Does totalUnderlyingSupply() / _assetBalance() include raw ETH contract balance or only tracked state variables?] at node: tool_result; tool calls: [get_file, get_file]
[Structural invariant formulation / Invariant feedback: no_shares_means_no_assets / Code Explorer: What does sendELFees() do exactly in RiverV1? Does it update BalanceToDeposit when called, or does it just receive ETH? Does totalUnderlyingSupply() / _assetBalance() include raw ETH contract balance or only tracked state variables?] at node: tools
[Structural invariant formulation / Invariant feedback: no_shares_means_no_assets / Code Explorer: What does sendELFees() do exactly in RiverV1? Does it update BalanceToDeposit when called, or does it just receive ETH? Does totalUnderlyingSupply() / _assetBalance() include raw ETH contract balance or only tracked state variables?] at node: tool_result; tool calls: [get_file]
[Structural invariant formulation / Invariant feedback: no_shares_means_no_assets / Code Explorer: What does sendELFees() do exactly in RiverV1? Does it update BalanceToDeposit when called, or does it just receive ETH? Does totalUnderlyingSupply() / _assetBalance() include raw ETH contract balance or only tracked state variables?] at node: tools
[Structural invariant formulation / Invariant feedback: no_shares_means_no_assets / Code Explorer: What does sendELFees() do exactly in RiverV1? Does it update BalanceToDeposit when called, or does it just receive ETH? Does totalUnderlyingSupply() / _assetBalance() include raw ETH contract balance or only tracked state variables?] at node: tool_result; tool calls: [get_file]
[Structural invariant formulation / Invariant feedback: no_shares_means_no_assets / Code Explorer: What does sendELFees() do exactly in RiverV1? Does it update BalanceToDeposit when called, or does it just receive ETH? Does totalUnderlyingSupply() / _assetBalance() include raw ETH contract balance or only tracked state variables?] at node: tools
[Structural invariant formulation / Invariant feedback: no_shares_means_no_assets / Code Explorer: In RiverV1, what is the relationship between shares minting (_mintShares, _mintRawShares) and the ETH deposits received? Specifically, when someone deposits ETH (via deposit()), does totalSupply increase ONLY after totalUnderlyingSupply() increases, and is there any path where totalSupply() stays 0 while totalUnderlyingSupply() > 0 occurs after a fresh deposit?] at node: initial; tool calls: [grep_files, grep_files]
[Structural invariant formulation / Invariant feedback: no_shares_means_no_assets / Code Explorer: In RiverV1, what is the relationship between shares minting (_mintShares, _mintRawShares) and the ETH deposits received? Specifically, when someone deposits ETH (via deposit()), does totalSupply increase ONLY after totalUnderlyingSupply() increases, and is there any path where totalSupply() stays 0 while totalUnderlyingSupply() > 0 occurs after a fresh deposit?] at node: tools
[Structural invariant formulation / Invariant feedback: no_shares_means_no_assets / Code Explorer: In RiverV1, what is the relationship between shares minting (_mintShares, _mintRawShares) and the ETH deposits received? Specifically, when someone deposits ETH (via deposit()), does totalSupply increase ONLY after totalUnderlyingSupply() increases, and is there any path where totalSupply() stays 0 while totalUnderlyingSupply() > 0 occurs after a fresh deposit?] at node: tool_result; tool calls: [list_files]
[Structural invariant formulation / Invariant feedback: no_shares_means_no_assets / Code Explorer: In RiverV1, what is the relationship between shares minting (_mintShares, _mintRawShares) and the ETH deposits received? Specifically, when someone deposits ETH (via deposit()), does totalSupply increase ONLY after totalUnderlyingSupply() increases, and is there any path where totalSupply() stays 0 while totalUnderlyingSupply() > 0 occurs after a fresh deposit?] at node: tools
[Structural invariant formulation / Invariant feedback: no_shares_means_no_assets / Code Explorer: In RiverV1, what is the relationship between shares minting (_mintShares, _mintRawShares) and the ETH deposits received? Specifically, when someone deposits ETH (via deposit()), does totalSupply increase ONLY after totalUnderlyingSupply() increases, and is there any path where totalSupply() stays 0 while totalUnderlyingSupply() > 0 occurs after a fresh deposit?] at node: tool_result; tool calls: [get_file, get_file]
[Structural invariant formulation / Invariant feedback: no_shares_means_no_assets / Code Explorer: In RiverV1, what is the relationship between shares minting (_mintShares, _mintRawShares) and the ETH deposits received? Specifically, when someone deposits ETH (via deposit()), does totalSupply increase ONLY after totalUnderlyingSupply() increases, and is there any path where totalSupply() stays 0 while totalUnderlyingSupply() > 0 occurs after a fresh deposit?] at node: tools
[Structural invariant formulation / Invariant feedback: no_shares_means_no_assets / Code Explorer: In RiverV1, what is the relationship between shares minting (_mintShares, _mintRawShares) and the ETH deposits received? Specifically, when someone deposits ETH (via deposit()), does totalSupply increase ONLY after totalUnderlyingSupply() increases, and is there any path where totalSupply() stays 0 while totalUnderlyingSupply() > 0 occurs after a fresh deposit?] at node: tool_result; tool calls: [grep_files]
[Structural invariant formulation / Invariant feedback: no_shares_means_no_assets / Code Explorer: In RiverV1, what is the relationship between shares minting (_mintShares, _mintRawShares) and the ETH deposits received? Specifically, when someone deposits ETH (via deposit()), does totalSupply increase ONLY after totalUnderlyingSupply() increases, and is there any path where totalSupply() stays 0 while totalUnderlyingSupply() > 0 occurs after a fresh deposit?] at node: tools
[Structural invariant formulation / Invariant feedback: no_shares_means_no_assets / Code Explorer: In RiverV1, what is the relationship between shares minting (_mintShares, _mintRawShares) and the ETH deposits received? Specifically, when someone deposits ETH (via deposit()), does totalSupply increase ONLY after totalUnderlyingSupply() increases, and is there any path where totalSupply() stays 0 while totalUnderlyingSupply() > 0 occurs after a fresh deposit?] at node: tool_result; tool calls: [grep_files]
[Structural invariant formulation / Invariant feedback: no_shares_means_no_assets / Code Explorer: In RiverV1, what is the relationship between shares minting (_mintShares, _mintRawShares) and the ETH deposits received? Specifically, when someone deposits ETH (via deposit()), does totalSupply increase ONLY after totalUnderlyingSupply() increases, and is there any path where totalSupply() stays 0 while totalUnderlyingSupply() > 0 occurs after a fresh deposit?] at node: tools
[Structural invariant formulation / Invariant feedback: no_shares_means_no_assets / Code Explorer: In RiverV1, what is the relationship between shares minting (_mintShares, _mintRawShares) and the ETH deposits received? Specifically, when someone deposits ETH (via deposit()), does totalSupply increase ONLY after totalUnderlyingSupply() increases, and is there any path where totalSupply() stays 0 while totalUnderlyingSupply() > 0 occurs after a fresh deposit?] at node: tool_result; tool calls: [get_file]
[Structural invariant formulation / Invariant feedback: no_shares_means_no_assets / Code Explorer: In RiverV1, what is the relationship between shares minting (_mintShares, _mintRawShares) and the ETH deposits received? Specifically, when someone deposits ETH (via deposit()), does totalSupply increase ONLY after totalUnderlyingSupply() increases, and is there any path where totalSupply() stays 0 while totalUnderlyingSupply() > 0 occurs after a fresh deposit?] at node: tools
[Structural invariant formulation / Invariant feedback: no_shares_means_no_assets / Code Explorer: What does sendELFees() do exactly in RiverV1? Does it update BalanceToDeposit when called, or does it just receive ETH? Does totalUnderlyingSupply() / _assetBalance() include raw ETH contract balance or only tracked state variables?] at node: tool_result; tool calls: [result]
[Structural invariant formulation / Invariant feedback: no_shares_means_no_assets / Code Explorer: What does sendELFees() do exactly in RiverV1? Does it update BalanceToDeposit when called, or does it just receive ETH? Does totalUnderlyingSupply() / _assetBalance() include raw ETH contract balance or only tracked state variables?] at node: tools
[Structural invariant formulation / Invariant feedback: no_shares_means_no_assets / Code Explorer: What does sendELFees() do exactly in RiverV1? Does it update BalanceToDeposit when called, or does it just receive ETH? Does totalUnderlyingSupply() / _assetBalance() include raw ETH contract balance or only tracked state variables?] end
[Structural invariant formulation / Invariant feedback: no_shares_means_no_assets / Code Explorer: In RiverV1, what is the relationship between shares minting (_mintShares, _mintRawShares) and the ETH deposits received? Specifically, when someone deposits ETH (via deposit()), does totalSupply increase ONLY after totalUnderlyingSupply() increases, and is there any path where totalSupply() stays 0 while totalUnderlyingSupply() > 0 occurs after a fresh deposit?] at node: tool_result; tool calls: [result]
[Structural invariant formulation / Invariant feedback: no_shares_means_no_assets / Code Explorer: In RiverV1, what is the relationship between shares minting (_mintShares, _mintRawShares) and the ETH deposits received? Specifically, when someone deposits ETH (via deposit()), does totalSupply increase ONLY after totalUnderlyingSupply() increases, and is there any path where totalSupply() stays 0 while totalUnderlyingSupply() > 0 occurs after a fresh deposit?] at node: tools
[Structural invariant formulation / Invariant feedback: no_shares_means_no_assets / Code Explorer: In RiverV1, what is the relationship between shares minting (_mintShares, _mintRawShares) and the ETH deposits received? Specifically, when someone deposits ETH (via deposit()), does totalSupply increase ONLY after totalUnderlyingSupply() increases, and is there any path where totalSupply() stays 0 while totalUnderlyingSupply() > 0 occurs after a fresh deposit?] end
[Structural invariant formulation / Invariant feedback: no_shares_means_no_assets] at node: tools
[Structural invariant formulation / Invariant feedback: no_shares_means_no_assets] at node: tool_result; tool calls: [write_rough_draft]
[Structural invariant formulation / Invariant feedback: no_shares_means_no_assets] at node: tools
[Structural invariant formulation / Invariant feedback: no_shares_means_no_assets] at node: tool_result; tool calls: [read_rough_draft]
[Structural invariant formulation / Invariant feedback: no_shares_means_no_assets] at node: tools
[Structural invariant formulation / Invariant feedback: no_shares_means_no_assets] at node: tool_result; tool calls: [memory]
[Structural invariant formulation / Invariant feedback: no_shares_means_no_assets] at node: tools
[Structural invariant formulation / Invariant feedback: no_shares_means_no_assets] at node: tool_result; tool calls: [result]
[Structural invariant formulation / Invariant feedback: no_shares_means_no_assets] at node: tools
[Structural invariant formulation / Invariant feedback: no_shares_means_no_assets] end
[Structural invariant formulation] at node: tools
[Structural invariant formulation] at node: tool_result; tool calls: [code_explorer]
[Structural invariant formulation / Code Explorer: In RiverV1 (contracts/src/River.1.sol) and its component contracts, are there any structural relationships between DepositedValidatorCount and CommittedBalance? Also, what is the relationship between BalanceToDeposit and CommittedBalance - are both guaranteed to be non-negative and are they related to each other?] start  (via tool: toolu_01YYjKQzBb2GpsrzgZ9gnvu2)
[Structural invariant formulation / Code Explorer: In RiverV1 (contracts/src/River.1.sol) and its component contracts, are there any structural relationships between DepositedValidatorCount and CommittedBalance? Also, what is the relationship between BalanceToDeposit and CommittedBalance - are both guaranteed to be non-negative and are they related to each other?] at node: initial; tool calls: [get_file, get_file]
[Structural invariant formulation / Code Explorer: In RiverV1 (contracts/src/River.1.sol) and its component contracts, are there any structural relationships between DepositedValidatorCount and CommittedBalance? Also, what is the relationship between BalanceToDeposit and CommittedBalance - are both guaranteed to be non-negative and are they related to each other?] at node: tools
[Structural invariant formulation / Code Explorer: In RiverV1 (contracts/src/River.1.sol) and its component contracts, are there any structural relationships between DepositedValidatorCount and CommittedBalance? Also, what is the relationship between BalanceToDeposit and CommittedBalance - are both guaranteed to be non-negative and are they related to each other?] at node: tool_result; tool calls: [grep_files, get_file]
[Structural invariant formulation / Code Explorer: In RiverV1 (contracts/src/River.1.sol) and its component contracts, are there any structural relationships between DepositedValidatorCount and CommittedBalance? Also, what is the relationship between BalanceToDeposit and CommittedBalance - are both guaranteed to be non-negative and are they related to each other?] at node: tools
[Structural invariant formulation / Code Explorer: In RiverV1 (contracts/src/River.1.sol) and its component contracts, are there any structural relationships between DepositedValidatorCount and CommittedBalance? Also, what is the relationship between BalanceToDeposit and CommittedBalance - are both guaranteed to be non-negative and are they related to each other?] at node: tool_result; tool calls: [grep_files]
[Structural invariant formulation / Code Explorer: In RiverV1 (contracts/src/River.1.sol) and its component contracts, are there any structural relationships between DepositedValidatorCount and CommittedBalance? Also, what is the relationship between BalanceToDeposit and CommittedBalance - are both guaranteed to be non-negative and are they related to each other?] at node: tools
[Structural invariant formulation / Code Explorer: In RiverV1 (contracts/src/River.1.sol) and its component contracts, are there any structural relationships between DepositedValidatorCount and CommittedBalance? Also, what is the relationship between BalanceToDeposit and CommittedBalance - are both guaranteed to be non-negative and are they related to each other?] at node: tool_result; tool calls: [list_files]
[Structural invariant formulation / Code Explorer: In RiverV1 (contracts/src/River.1.sol) and its component contracts, are there any structural relationships between DepositedValidatorCount and CommittedBalance? Also, what is the relationship between BalanceToDeposit and CommittedBalance - are both guaranteed to be non-negative and are they related to each other?] at node: tools
[Structural invariant formulation / Code Explorer: In RiverV1 (contracts/src/River.1.sol) and its component contracts, are there any structural relationships between DepositedValidatorCount and CommittedBalance? Also, what is the relationship between BalanceToDeposit and CommittedBalance - are both guaranteed to be non-negative and are they related to each other?] at node: tool_result; tool calls: [get_file]
[Structural invariant formulation / Code Explorer: In RiverV1 (contracts/src/River.1.sol) and its component contracts, are there any structural relationships between DepositedValidatorCount and CommittedBalance? Also, what is the relationship between BalanceToDeposit and CommittedBalance - are both guaranteed to be non-negative and are they related to each other?] at node: tools
[Structural invariant formulation / Code Explorer: In RiverV1 (contracts/src/River.1.sol) and its component contracts, are there any structural relationships between DepositedValidatorCount and CommittedBalance? Also, what is the relationship between BalanceToDeposit and CommittedBalance - are both guaranteed to be non-negative and are they related to each other?] at node: tool_result; tool calls: [get_file]
[Structural invariant formulation / Code Explorer: In RiverV1 (contracts/src/River.1.sol) and its component contracts, are there any structural relationships between DepositedValidatorCount and CommittedBalance? Also, what is the relationship between BalanceToDeposit and CommittedBalance - are both guaranteed to be non-negative and are they related to each other?] at node: tools
[Structural invariant formulation / Code Explorer: In RiverV1 (contracts/src/River.1.sol) and its component contracts, are there any structural relationships between DepositedValidatorCount and CommittedBalance? Also, what is the relationship between BalanceToDeposit and CommittedBalance - are both guaranteed to be non-negative and are they related to each other?] at node: tool_result; tool calls: [get_file]
[Structural invariant formulation / Code Explorer: In RiverV1 (contracts/src/River.1.sol) and its component contracts, are there any structural relationships between DepositedValidatorCount and CommittedBalance? Also, what is the relationship between BalanceToDeposit and CommittedBalance - are both guaranteed to be non-negative and are they related to each other?] at node: tools
[Structural invariant formulation / Code Explorer: In RiverV1 (contracts/src/River.1.sol) and its component contracts, are there any structural relationships between DepositedValidatorCount and CommittedBalance? Also, what is the relationship between BalanceToDeposit and CommittedBalance - are both guaranteed to be non-negative and are they related to each other?] at node: tool_result; tool calls: [grep_files]
[Structural invariant formulation / Code Explorer: In RiverV1 (contracts/src/River.1.sol) and its component contracts, are there any structural relationships between DepositedValidatorCount and CommittedBalance? Also, what is the relationship between BalanceToDeposit and CommittedBalance - are both guaranteed to be non-negative and are they related to each other?] at node: tools
[Structural invariant formulation / Code Explorer: In RiverV1 (contracts/src/River.1.sol) and its component contracts, are there any structural relationships between DepositedValidatorCount and CommittedBalance? Also, what is the relationship between BalanceToDeposit and CommittedBalance - are both guaranteed to be non-negative and are they related to each other?] at node: tool_result; tool calls: [get_file]
[Structural invariant formulation / Code Explorer: In RiverV1 (contracts/src/River.1.sol) and its component contracts, are there any structural relationships between DepositedValidatorCount and CommittedBalance? Also, what is the relationship between BalanceToDeposit and CommittedBalance - are both guaranteed to be non-negative and are they related to each other?] at node: tools
[Structural invariant formulation / Code Explorer: In RiverV1 (contracts/src/River.1.sol) and its component contracts, are there any structural relationships between DepositedValidatorCount and CommittedBalance? Also, what is the relationship between BalanceToDeposit and CommittedBalance - are both guaranteed to be non-negative and are they related to each other?] at node: tool_result; tool calls: [result]
[Structural invariant formulation / Code Explorer: In RiverV1 (contracts/src/River.1.sol) and its component contracts, are there any structural relationships between DepositedValidatorCount and CommittedBalance? Also, what is the relationship between BalanceToDeposit and CommittedBalance - are both guaranteed to be non-negative and are they related to each other?] at node: tools
[Structural invariant formulation / Code Explorer: In RiverV1 (contracts/src/River.1.sol) and its component contracts, are there any structural relationships between DepositedValidatorCount and CommittedBalance? Also, what is the relationship between BalanceToDeposit and CommittedBalance - are both guaranteed to be non-negative and are they related to each other?] end
[Structural invariant formulation] at node: tools
[Structural invariant formulation] at node: tool_result; tool calls: [memory]
[Structural invariant formulation] at node: tools
[Structural invariant formulation] at node: tool_result; tool calls: [result]
[Structural invariant formulation] at node: tools
[Structural invariant formulation] at node: tool_result; tool calls: [invariant_feedback, invariant_feedback, invariant_feedback, invariant_feedback, invariant_feedback]
[Structural invariant formulation / Invariant feedback: total_shares_eq_sum_of_balances] start  (via tool: toolu_01DoEkdswxoTHpRdQ1FmnsBr)
[Structural invariant formulation / Invariant feedback: global_fee_le_basis_points_max] start  (via tool: toolu_01CfuJ4aJrQveS6DbpcaCfLS)
[Structural invariant formulation / Invariant feedback: committed_balance_multiple_of_deposit_size] start  (via tool: toolu_014CTF7PBGjBoamRZXLxsmCX)
[Structural invariant formulation / Invariant feedback: total_shares_eq_sum_of_balances] at node: initial; tool calls: [memory]
[Structural invariant formulation / Invariant feedback: total_shares_eq_sum_of_balances] at node: tools
[Structural invariant formulation / Invariant feedback: global_fee_le_basis_points_max] at node: initial; tool calls: [memory]
[Structural invariant formulation / Invariant feedback: global_fee_le_basis_points_max] at node: tools
[Structural invariant formulation / Invariant feedback: committed_balance_multiple_of_deposit_size] at node: initial; tool calls: [memory]
[Structural invariant formulation / Invariant feedback: committed_balance_multiple_of_deposit_size] at node: tools
[Structural invariant formulation / Invariant feedback: global_fee_le_basis_points_max] at node: tool_result; tool calls: [memory]
[Structural invariant formulation / Invariant feedback: global_fee_le_basis_points_max] at node: tools
[Structural invariant formulation / Invariant feedback: committed_balance_multiple_of_deposit_size] at node: tool_result; tool calls: [memory]
[Structural invariant formulation / Invariant feedback: committed_balance_multiple_of_deposit_size] at node: tools
[Structural invariant formulation / Invariant feedback: total_shares_eq_sum_of_balances] at node: tool_result; tool calls: [memory]
[Structural invariant formulation / Invariant feedback: total_shares_eq_sum_of_balances] at node: tools
[Structural invariant formulation / Invariant feedback: global_fee_le_basis_points_max] at node: tool_result; tool calls: [code_explorer, grep_files]
[Structural invariant formulation / Invariant feedback: global_fee_le_basis_points_max / Code Explorer: How is GlobalFee stored and set in the RiverV1 contract? What is LibSanitize._validFee()? How is the GlobalFee.set() method protected? What is the maximum value allowed?] start  (via tool: toolu_01TJfkSBqLgp5bnyqrbmTK1E)
[Structural invariant formulation / Invariant feedback: committed_balance_multiple_of_deposit_size] at node: tool_result; tool calls: [code_explorer, code_explorer]
[Structural invariant formulation / Invariant feedback: committed_balance_multiple_of_deposit_size / Code Explorer: How is CommittedBalance modified in RiverV1? What are all the functions that read or write CommittedBalance, and what operations do they perform on it?] start  (via tool: toolu_01ECT4LJFsd4GksB4LiCRPJV)
[Structural invariant formulation / Invariant feedback: committed_balance_multiple_of_deposit_size / Code Explorer: What is _commitBalanceToDeposit in River.1.sol? Show the full implementation including how it uses DEPOSIT_SIZE and CommittedBalance.] start  (via tool: toolu_01Lxw8yHjaZNLHu7y4EFv2zk)
[Structural invariant formulation / Invariant feedback: global_fee_le_basis_points_max / Code Explorer: How is GlobalFee stored and set in the RiverV1 contract? What is LibSanitize._validFee()? How is the GlobalFee.set() method protected? What is the maximum value allowed?] at node: initial; tool calls: [grep_files, grep_files]
[Structural invariant formulation / Invariant feedback: committed_balance_multiple_of_deposit_size / Code Explorer: What is _commitBalanceToDeposit in River.1.sol? Show the full implementation including how it uses DEPOSIT_SIZE and CommittedBalance.] at node: initial; tool calls: [grep_files]
[Structural invariant formulation / Invariant feedback: committed_balance_multiple_of_deposit_size / Code Explorer: How is CommittedBalance modified in RiverV1? What are all the functions that read or write CommittedBalance, and what operations do they perform on it?] at node: initial; tool calls: [grep_files]
[Structural invariant formulation / Invariant feedback: global_fee_le_basis_points_max / Code Explorer: How is GlobalFee stored and set in the RiverV1 contract? What is LibSanitize._validFee()? How is the GlobalFee.set() method protected? What is the maximum value allowed?] at node: tools
[Structural invariant formulation / Invariant feedback: committed_balance_multiple_of_deposit_size / Code Explorer: What is _commitBalanceToDeposit in River.1.sol? Show the full implementation including how it uses DEPOSIT_SIZE and CommittedBalance.] at node: tools
[Structural invariant formulation / Invariant feedback: committed_balance_multiple_of_deposit_size / Code Explorer: How is CommittedBalance modified in RiverV1? What are all the functions that read or write CommittedBalance, and what operations do they perform on it?] at node: tools
[Structural invariant formulation / Invariant feedback: committed_balance_multiple_of_deposit_size / Code Explorer: What is _commitBalanceToDeposit in River.1.sol? Show the full implementation including how it uses DEPOSIT_SIZE and CommittedBalance.] at node: tool_result; tool calls: [get_file]
[Structural invariant formulation / Invariant feedback: committed_balance_multiple_of_deposit_size / Code Explorer: What is _commitBalanceToDeposit in River.1.sol? Show the full implementation including how it uses DEPOSIT_SIZE and CommittedBalance.] at node: tools
[Structural invariant formulation / Invariant feedback: global_fee_le_basis_points_max / Code Explorer: How is GlobalFee stored and set in the RiverV1 contract? What is LibSanitize._validFee()? How is the GlobalFee.set() method protected? What is the maximum value allowed?] at node: tool_result; tool calls: [get_file, get_file, get_file]
[Structural invariant formulation / Invariant feedback: global_fee_le_basis_points_max / Code Explorer: How is GlobalFee stored and set in the RiverV1 contract? What is LibSanitize._validFee()? How is the GlobalFee.set() method protected? What is the maximum value allowed?] at node: tools
[Structural invariant formulation / Invariant feedback: committed_balance_multiple_of_deposit_size / Code Explorer: What is _commitBalanceToDeposit in River.1.sol? Show the full implementation including how it uses DEPOSIT_SIZE and CommittedBalance.] at node: tool_result; tool calls: [get_file]
[Structural invariant formulation / Invariant feedback: committed_balance_multiple_of_deposit_size / Code Explorer: What is _commitBalanceToDeposit in River.1.sol? Show the full implementation including how it uses DEPOSIT_SIZE and CommittedBalance.] at node: tools
[Structural invariant formulation / Invariant feedback: global_fee_le_basis_points_max / Code Explorer: How is GlobalFee stored and set in the RiverV1 contract? What is LibSanitize._validFee()? How is the GlobalFee.set() method protected? What is the maximum value allowed?] at node: tool_result; tool calls: [get_file, grep_files]
[Structural invariant formulation / Invariant feedback: global_fee_le_basis_points_max / Code Explorer: How is GlobalFee stored and set in the RiverV1 contract? What is LibSanitize._validFee()? How is the GlobalFee.set() method protected? What is the maximum value allowed?] at node: tools
[Structural invariant formulation / Invariant feedback: committed_balance_multiple_of_deposit_size / Code Explorer: What is _commitBalanceToDeposit in River.1.sol? Show the full implementation including how it uses DEPOSIT_SIZE and CommittedBalance.] at node: tool_result; tool calls: [grep_files]
[Structural invariant formulation / Invariant feedback: committed_balance_multiple_of_deposit_size / Code Explorer: What is _commitBalanceToDeposit in River.1.sol? Show the full implementation including how it uses DEPOSIT_SIZE and CommittedBalance.] at node: tools
[Structural invariant formulation / Invariant feedback: total_shares_eq_sum_of_balances] at node: tool_result; tool calls: [code_explorer]
[Structural invariant formulation / Invariant feedback: total_shares_eq_sum_of_balances / Code Explorer: What are all the functions in the codebase that modify Shares.totalSupply or SharesPerOwner mapping? How do they update these values — do they always update both in sync, or are there cases where one is updated without the other?] start  (via tool: toolu_016JBijYMQbKGqL6MYviwF46)
[Structural invariant formulation / Invariant feedback: committed_balance_multiple_of_deposit_size / Code Explorer: What is _commitBalanceToDeposit in River.1.sol? Show the full implementation including how it uses DEPOSIT_SIZE and CommittedBalance.] at node: tool_result; tool calls: [get_file, get_file]
[Structural invariant formulation / Invariant feedback: committed_balance_multiple_of_deposit_size / Code Explorer: What is _commitBalanceToDeposit in River.1.sol? Show the full implementation including how it uses DEPOSIT_SIZE and CommittedBalance.] at node: tools
[Structural invariant formulation / Invariant feedback: global_fee_le_basis_points_max / Code Explorer: How is GlobalFee stored and set in the RiverV1 contract? What is LibSanitize._validFee()? How is the GlobalFee.set() method protected? What is the maximum value allowed?] at node: tool_result; tool calls: [grep_files, get_file]
[Structural invariant formulation / Invariant feedback: global_fee_le_basis_points_max / Code Explorer: How is GlobalFee stored and set in the RiverV1 contract? What is LibSanitize._validFee()? How is the GlobalFee.set() method protected? What is the maximum value allowed?] at node: tools
[Structural invariant formulation / Invariant feedback: committed_balance_multiple_of_deposit_size / Code Explorer: What is _commitBalanceToDeposit in River.1.sol? Show the full implementation including how it uses DEPOSIT_SIZE and CommittedBalance.] at node: tool_result; tool calls: [grep_files]
[Structural invariant formulation / Invariant feedback: committed_balance_multiple_of_deposit_size / Code Explorer: How is CommittedBalance modified in RiverV1? What are all the functions that read or write CommittedBalance, and what operations do they perform on it?] at node: tool_result; tool calls: [get_file, get_file]
[Structural invariant formulation / Invariant feedback: committed_balance_multiple_of_deposit_size / Code Explorer: How is CommittedBalance modified in RiverV1? What are all the functions that read or write CommittedBalance, and what operations do they perform on it?] at node: tools
[Structural invariant formulation / Invariant feedback: global_fee_le_basis_points_max / Code Explorer: How is GlobalFee stored and set in the RiverV1 contract? What is LibSanitize._validFee()? How is the GlobalFee.set() method protected? What is the maximum value allowed?] at node: tool_result; tool calls: [grep_files]
[Structural invariant formulation / Invariant feedback: total_shares_eq_sum_of_balances / Code Explorer: What are all the functions in the codebase that modify Shares.totalSupply or SharesPerOwner mapping? How do they update these values — do they always update both in sync, or are there cases where one is updated without the other?] at node: initial; tool calls: [get_file]
[Structural invariant formulation / Invariant feedback: total_shares_eq_sum_of_balances / Code Explorer: What are all the functions in the codebase that modify Shares.totalSupply or SharesPerOwner mapping? How do they update these values — do they always update both in sync, or are there cases where one is updated without the other?] at node: tools
[Structural invariant formulation / Invariant feedback: committed_balance_multiple_of_deposit_size / Code Explorer: What is _commitBalanceToDeposit in River.1.sol? Show the full implementation including how it uses DEPOSIT_SIZE and CommittedBalance.] at node: tools
[Structural invariant formulation / Invariant feedback: global_fee_le_basis_points_max / Code Explorer: How is GlobalFee stored and set in the RiverV1 contract? What is LibSanitize._validFee()? How is the GlobalFee.set() method protected? What is the maximum value allowed?] at node: tools
[Structural invariant formulation / Invariant feedback: total_shares_eq_sum_of_balances / Code Explorer: What are all the functions in the codebase that modify Shares.totalSupply or SharesPerOwner mapping? How do they update these values — do they always update both in sync, or are there cases where one is updated without the other?] at node: tool_result; tool calls: [grep_files]
[Structural invariant formulation / Invariant feedback: committed_balance_multiple_of_deposit_size / Code Explorer: How is CommittedBalance modified in RiverV1? What are all the functions that read or write CommittedBalance, and what operations do they perform on it?] at node: tool_result; tool calls: [get_file, get_file]
[Structural invariant formulation / Invariant feedback: committed_balance_multiple_of_deposit_size / Code Explorer: How is CommittedBalance modified in RiverV1? What are all the functions that read or write CommittedBalance, and what operations do they perform on it?] at node: tools
[Structural invariant formulation / Invariant feedback: global_fee_le_basis_points_max / Code Explorer: How is GlobalFee stored and set in the RiverV1 contract? What is LibSanitize._validFee()? How is the GlobalFee.set() method protected? What is the maximum value allowed?] at node: tool_result; tool calls: [get_file]
[Structural invariant formulation / Invariant feedback: global_fee_le_basis_points_max / Code Explorer: How is GlobalFee stored and set in the RiverV1 contract? What is LibSanitize._validFee()? How is the GlobalFee.set() method protected? What is the maximum value allowed?] at node: tools
[Structural invariant formulation / Invariant feedback: total_shares_eq_sum_of_balances / Code Explorer: What are all the functions in the codebase that modify Shares.totalSupply or SharesPerOwner mapping? How do they update these values — do they always update both in sync, or are there cases where one is updated without the other?] at node: tools
[Structural invariant formulation / Invariant feedback: total_shares_eq_sum_of_balances / Code Explorer: What are all the functions in the codebase that modify Shares.totalSupply or SharesPerOwner mapping? How do they update these values — do they always update both in sync, or are there cases where one is updated without the other?] at node: tool_result; tool calls: [grep_files, grep_files]
[Structural invariant formulation / Invariant feedback: committed_balance_multiple_of_deposit_size / Code Explorer: What is _commitBalanceToDeposit in River.1.sol? Show the full implementation including how it uses DEPOSIT_SIZE and CommittedBalance.] at node: tool_result; tool calls: [grep_files]
[Structural invariant formulation / Invariant feedback: total_shares_eq_sum_of_balances / Code Explorer: What are all the functions in the codebase that modify Shares.totalSupply or SharesPerOwner mapping? How do they update these values — do they always update both in sync, or are there cases where one is updated without the other?] at node: tools
[Structural invariant formulation / Invariant feedback: committed_balance_multiple_of_deposit_size / Code Explorer: What is _commitBalanceToDeposit in River.1.sol? Show the full implementation including how it uses DEPOSIT_SIZE and CommittedBalance.] at node: tools
[Structural invariant formulation / Invariant feedback: total_shares_eq_sum_of_balances / Code Explorer: What are all the functions in the codebase that modify Shares.totalSupply or SharesPerOwner mapping? How do they update these values — do they always update both in sync, or are there cases where one is updated without the other?] at node: tool_result; tool calls: [grep_files]
[Structural invariant formulation / Invariant feedback: total_shares_eq_sum_of_balances / Code Explorer: What are all the functions in the codebase that modify Shares.totalSupply or SharesPerOwner mapping? How do they update these values — do they always update both in sync, or are there cases where one is updated without the other?] at node: tools
[Structural invariant formulation / Invariant feedback: total_shares_eq_sum_of_balances / Code Explorer: What are all the functions in the codebase that modify Shares.totalSupply or SharesPerOwner mapping? How do they update these values — do they always update both in sync, or are there cases where one is updated without the other?] at node: tool_result; tool calls: [grep_files, grep_files]
[Structural invariant formulation / Invariant feedback: total_shares_eq_sum_of_balances / Code Explorer: What are all the functions in the codebase that modify Shares.totalSupply or SharesPerOwner mapping? How do they update these values — do they always update both in sync, or are there cases where one is updated without the other?] at node: tools
[Structural invariant formulation / Invariant feedback: global_fee_le_basis_points_max / Code Explorer: How is GlobalFee stored and set in the RiverV1 contract? What is LibSanitize._validFee()? How is the GlobalFee.set() method protected? What is the maximum value allowed?] at node: tool_result; tool calls: [result]
[Structural invariant formulation / Invariant feedback: global_fee_le_basis_points_max / Code Explorer: How is GlobalFee stored and set in the RiverV1 contract? What is LibSanitize._validFee()? How is the GlobalFee.set() method protected? What is the maximum value allowed?] at node: tools
[Structural invariant formulation / Invariant feedback: global_fee_le_basis_points_max / Code Explorer: How is GlobalFee stored and set in the RiverV1 contract? What is LibSanitize._validFee()? How is the GlobalFee.set() method protected? What is the maximum value allowed?] end
[Structural invariant formulation / Invariant feedback: total_shares_eq_sum_of_balances / Code Explorer: What are all the functions in the codebase that modify Shares.totalSupply or SharesPerOwner mapping? How do they update these values — do they always update both in sync, or are there cases where one is updated without the other?] at node: tool_result; tool calls: [get_file]
[Structural invariant formulation / Invariant feedback: total_shares_eq_sum_of_balances / Code Explorer: What are all the functions in the codebase that modify Shares.totalSupply or SharesPerOwner mapping? How do they update these values — do they always update both in sync, or are there cases where one is updated without the other?] at node: tools
[Structural invariant formulation / Invariant feedback: total_shares_eq_sum_of_balances / Code Explorer: What are all the functions in the codebase that modify Shares.totalSupply or SharesPerOwner mapping? How do they update these values — do they always update both in sync, or are there cases where one is updated without the other?] at node: tool_result; tool calls: [get_file]
[Structural invariant formulation / Invariant feedback: total_shares_eq_sum_of_balances / Code Explorer: What are all the functions in the codebase that modify Shares.totalSupply or SharesPerOwner mapping? How do they update these values — do they always update both in sync, or are there cases where one is updated without the other?] at node: tools
[Structural invariant formulation / Invariant feedback: total_shares_eq_sum_of_balances / Code Explorer: What are all the functions in the codebase that modify Shares.totalSupply or SharesPerOwner mapping? How do they update these values — do they always update both in sync, or are there cases where one is updated without the other?] at node: tool_result; tool calls: [get_file]
[Structural invariant formulation / Invariant feedback: total_shares_eq_sum_of_balances / Code Explorer: What are all the functions in the codebase that modify Shares.totalSupply or SharesPerOwner mapping? How do they update these values — do they always update both in sync, or are there cases where one is updated without the other?] at node: tools
[Structural invariant formulation / Invariant feedback: global_fee_le_basis_points_max] at node: tools
[Structural invariant formulation / Invariant feedback: committed_balance_multiple_of_deposit_size / Code Explorer: What is _commitBalanceToDeposit in River.1.sol? Show the full implementation including how it uses DEPOSIT_SIZE and CommittedBalance.] at node: tool_result; tool calls: [result]
[Structural invariant formulation / Invariant feedback: committed_balance_multiple_of_deposit_size / Code Explorer: What is _commitBalanceToDeposit in River.1.sol? Show the full implementation including how it uses DEPOSIT_SIZE and CommittedBalance.] at node: tools
[Structural invariant formulation / Invariant feedback: committed_balance_multiple_of_deposit_size / Code Explorer: What is _commitBalanceToDeposit in River.1.sol? Show the full implementation including how it uses DEPOSIT_SIZE and CommittedBalance.] end
[Structural invariant formulation / Invariant feedback: total_shares_eq_sum_of_balances / Code Explorer: What are all the functions in the codebase that modify Shares.totalSupply or SharesPerOwner mapping? How do they update these values — do they always update both in sync, or are there cases where one is updated without the other?] at node: tool_result; tool calls: [result]
[Structural invariant formulation / Invariant feedback: total_shares_eq_sum_of_balances / Code Explorer: What are all the functions in the codebase that modify Shares.totalSupply or SharesPerOwner mapping? How do they update these values — do they always update both in sync, or are there cases where one is updated without the other?] at node: tools
[Structural invariant formulation / Invariant feedback: total_shares_eq_sum_of_balances / Code Explorer: What are all the functions in the codebase that modify Shares.totalSupply or SharesPerOwner mapping? How do they update these values — do they always update both in sync, or are there cases where one is updated without the other?] end
[Structural invariant formulation / Invariant feedback: committed_balance_multiple_of_deposit_size / Code Explorer: How is CommittedBalance modified in RiverV1? What are all the functions that read or write CommittedBalance, and what operations do they perform on it?] at node: tool_result; tool calls: [result]
[Structural invariant formulation / Invariant feedback: committed_balance_multiple_of_deposit_size / Code Explorer: How is CommittedBalance modified in RiverV1? What are all the functions that read or write CommittedBalance, and what operations do they perform on it?] at node: tools
[Structural invariant formulation / Invariant feedback: committed_balance_multiple_of_deposit_size / Code Explorer: How is CommittedBalance modified in RiverV1? What are all the functions that read or write CommittedBalance, and what operations do they perform on it?] end
[Structural invariant formulation / Invariant feedback: total_shares_eq_sum_of_balances] at node: tools
[Structural invariant formulation / Invariant feedback: global_fee_le_basis_points_max] at node: tool_result; tool calls: [write_rough_draft]
[Structural invariant formulation / Invariant feedback: global_fee_le_basis_points_max] at node: tools
[Structural invariant formulation / Invariant feedback: committed_balance_multiple_of_deposit_size] at node: tools
[Structural invariant formulation / Invariant feedback: total_shares_eq_sum_of_balances] at node: tool_result; tool calls: [write_rough_draft]
[Structural invariant formulation / Invariant feedback: total_shares_eq_sum_of_balances] at node: tools
[Structural invariant formulation / Invariant feedback: total_shares_eq_sum_of_balances] at node: tool_result; tool calls: [read_rough_draft]
[Structural invariant formulation / Invariant feedback: total_shares_eq_sum_of_balances] at node: tools
[Structural invariant formulation / Invariant feedback: total_shares_eq_sum_of_balances] at node: tool_result; tool calls: [memory]
[Structural invariant formulation / Invariant feedback: total_shares_eq_sum_of_balances] at node: tools
[Structural invariant formulation / Invariant feedback: total_shares_eq_sum_of_balances] at node: tool_result; tool calls: [result]
[Structural invariant formulation / Invariant feedback: total_shares_eq_sum_of_balances] at node: tools
[Structural invariant formulation / Invariant feedback: total_shares_eq_sum_of_balances] end
[Structural invariant formulation / Invariant feedback: cl_validator_count_le_deposited_count] start  (via tool: toolu_01QXF2t6NZNxFEwW4PmjdA6f)
[Structural invariant formulation / Invariant feedback: cl_validator_count_le_deposited_count] at node: initial; tool calls: [memory]
[Structural invariant formulation / Invariant feedback: cl_validator_count_le_deposited_count] at node: tools
[Structural invariant formulation / Invariant feedback: cl_validator_count_le_deposited_count] at node: tool_result; tool calls: [memory]
[Structural invariant formulation / Invariant feedback: cl_validator_count_le_deposited_count] at node: tools
[Structural invariant formulation / Invariant feedback: committed_balance_multiple_of_deposit_size] at node: tool_result; tool calls: [write_rough_draft]
[Structural invariant formulation / Invariant feedback: committed_balance_multiple_of_deposit_size] at node: tools
[Structural invariant formulation / Invariant feedback: committed_balance_multiple_of_deposit_size] at node: tool_result; tool calls: [read_rough_draft]
[Structural invariant formulation / Invariant feedback: committed_balance_multiple_of_deposit_size] at node: tools
[Structural invariant formulation / Invariant feedback: committed_balance_multiple_of_deposit_size] at node: tool_result; tool calls: [memory]
[Structural invariant formulation / Invariant feedback: committed_balance_multiple_of_deposit_size] at node: tools
[Structural invariant formulation / Invariant feedback: committed_balance_multiple_of_deposit_size] at node: tool_result; tool calls: [memory]
[Structural invariant formulation / Invariant feedback: committed_balance_multiple_of_deposit_size] at node: tools
[Structural invariant formulation / Invariant feedback: cl_validator_count_le_deposited_count] at node: tool_result; tool calls: [write_rough_draft]
[Structural invariant formulation / Invariant feedback: cl_validator_count_le_deposited_count] at node: tools
[Structural invariant formulation / Invariant feedback: cl_validator_count_le_deposited_count] at node: tool_result; tool calls: [read_rough_draft]
[Structural invariant formulation / Invariant feedback: cl_validator_count_le_deposited_count] at node: tools
[Structural invariant formulation / Invariant feedback: committed_balance_multiple_of_deposit_size] at node: tool_result; tool calls: [result]
[Structural invariant formulation / Invariant feedback: committed_balance_multiple_of_deposit_size] at node: tools
[Structural invariant formulation / Invariant feedback: committed_balance_multiple_of_deposit_size] end
[Structural invariant formulation / Invariant feedback: balance_to_redeem_is_zero] start  (via tool: toolu_016d8mKkfPidYph2DjgHoPp9)
[Structural invariant formulation / Invariant feedback: balance_to_redeem_is_zero] at node: initial; tool calls: [memory]
[Structural invariant formulation / Invariant feedback: balance_to_redeem_is_zero] at node: tools
[Structural invariant formulation / Invariant feedback: global_fee_le_basis_points_max] at node: tool_result; tool calls: [read_rough_draft]
[Structural invariant formulation / Invariant feedback: global_fee_le_basis_points_max] at node: tools
[Structural invariant formulation / Invariant feedback: cl_validator_count_le_deposited_count] at node: tool_result; tool calls: [result]
[Structural invariant formulation / Invariant feedback: cl_validator_count_le_deposited_count] at node: tools
[Structural invariant formulation / Invariant feedback: cl_validator_count_le_deposited_count] end
[Structural invariant formulation / Invariant feedback: balance_to_redeem_is_zero] at node: tool_result; tool calls: [memory]
[Structural invariant formulation / Invariant feedback: balance_to_redeem_is_zero] at node: tools
[Structural invariant formulation / Invariant feedback: global_fee_le_basis_points_max] at node: tool_result; tool calls: [memory]
[Structural invariant formulation / Invariant feedback: global_fee_le_basis_points_max] at node: tools
[Structural invariant formulation / Invariant feedback: global_fee_le_basis_points_max] at node: tool_result; tool calls: [result]
[Structural invariant formulation / Invariant feedback: global_fee_le_basis_points_max] at node: tools
[Structural invariant formulation / Invariant feedback: global_fee_le_basis_points_max] end
[Structural invariant formulation / Invariant feedback: balance_to_redeem_is_zero] at node: tool_result; tool calls: [write_rough_draft]
[Structural invariant formulation / Invariant feedback: balance_to_redeem_is_zero] at node: tools
[Structural invariant formulation / Invariant feedback: balance_to_redeem_is_zero] at node: tool_result; tool calls: [read_rough_draft]
[Structural invariant formulation / Invariant feedback: balance_to_redeem_is_zero] at node: tools
[Structural invariant formulation / Invariant feedback: balance_to_redeem_is_zero] at node: tool_result; tool calls: [result]
[Structural invariant formulation / Invariant feedback: balance_to_redeem_is_zero] at node: tools
[Structural invariant formulation / Invariant feedback: balance_to_redeem_is_zero] end
[Structural invariant formulation] at node: tool_result; tool calls: [result]
[Structural invariant formulation] at node: tools
[Structural invariant formulation] end
[Structural Invariants] ✓ done

────────────────────────────────────────────────────────────
Phase: Invariant CVL
────────────────────────────────────────────────────────────
[Structural invariant CVL (golden-arc-proving-finitely)] start
[Structural invariant CVL (golden-arc-proving-finitely)] at node: initial; tool calls: [memory]
[Structural invariant CVL (golden-arc-proving-finitely)] at node: tools
[Structural invariant CVL (golden-arc-proving-finitely)] at node: tool_result; tool calls: [list_files]
[Structural invariant CVL (golden-arc-proving-finitely)] at node: tools
[Structural invariant CVL (golden-arc-proving-finitely)] at node: tool_result; tool calls: [get_file, get_file]
[Structural invariant CVL (golden-arc-proving-finitely)] at node: tools
[Structural invariant CVL (golden-arc-proving-finitely)] at node: tool_result; tool calls: [get_file, get_file]
[Structural invariant CVL (golden-arc-proving-finitely)] at node: tools
[Structural invariant CVL (golden-arc-proving-finitely)] at node: tool_result; tool calls: [get_file, get_file]
[Structural invariant CVL (golden-arc-proving-finitely)] at node: tools
[Structural invariant CVL (golden-arc-proving-finitely)] at node: tool_result; tool calls: [get_file, get_file]
[Structural invariant CVL (golden-arc-proving-finitely)] at node: tools
[Structural invariant CVL (golden-arc-proving-finitely)] at node: tool_result; tool calls: [get_file, get_file]
[Structural invariant CVL (golden-arc-proving-finitely)] at node: tools
[Structural invariant CVL (golden-arc-proving-finitely)] at node: tool_result; tool calls: [get_file, get_file]
[Structural invariant CVL (golden-arc-proving-finitely)] at node: tools
[Structural invariant CVL (golden-arc-proving-finitely)] at node: tool_result; tool calls: [get_file, get_file]
[Structural invariant CVL (golden-arc-proving-finitely)] at node: tools
[Structural invariant CVL (golden-arc-proving-finitely)] at node: tool_result; tool calls: [get_file]
[Structural invariant CVL (golden-arc-proving-finitely)] at node: tools
[Structural invariant CVL (golden-arc-proving-finitely)] at node: tool_result; tool calls: [get_file]
[Structural invariant CVL (golden-arc-proving-finitely)] at node: tools
[Structural invariant CVL (golden-arc-proving-finitely)] at node: tool_result; tool calls: [get_file]
[Structural invariant CVL (golden-arc-proving-finitely)] at node: tools
[Structural invariant CVL (golden-arc-proving-finitely)] at node: tool_result; tool calls: [get_file]
[Structural invariant CVL (golden-arc-proving-finitely)] at node: tools
[Structural invariant CVL (golden-arc-proving-finitely)] at node: tool_result; tool calls: [get_file]
[Structural invariant CVL (golden-arc-proving-finitely)] at node: tools
[Structural invariant CVL (golden-arc-proving-finitely)] at node: tool_result; tool calls: [get_file]
[Structural invariant CVL (golden-arc-proving-finitely)] at node: tools
[Structural invariant CVL (golden-arc-proving-finitely)] at node: tool_result; tool calls: [get_file]
[Structural invariant CVL (golden-arc-proving-finitely)] at node: tools
[Structural invariant CVL (golden-arc-proving-finitely)] at node: tool_result; tool calls: [cvl_research, cvl_research]
[Structural invariant CVL (golden-arc-proving-finitely) / CVL Researcher] start  (via tool: toolu_018aAnFpmwBjHu3BgGgwfXNr)
[Structural invariant CVL (golden-arc-proving-finitely) / CVL Researcher] start  (via tool: toolu_01TSiULGG49wT5Qt4rPC9ES7)
[Structural invariant CVL (golden-arc-proving-finitely) / CVL Researcher] at node: initial; tool calls: [cvl_manual_search, cvl_manual_search]
[Structural invariant CVL (golden-arc-proving-finitely) / CVL Researcher] at node: initial; tool calls: [cvl_manual_search, cvl_keyword_search]
[Structural invariant CVL (golden-arc-proving-finitely) / CVL Researcher] at node: tools
[Structural invariant CVL (golden-arc-proving-finitely) / CVL Researcher] at node: tools
[Structural invariant CVL (golden-arc-proving-finitely) / CVL Researcher] at node: tool_result; tool calls: [cvl_keyword_search, scan_knowledge_base]
[Structural invariant CVL (golden-arc-proving-finitely) / CVL Researcher] at node: tools
[Structural invariant CVL (golden-arc-proving-finitely) / CVL Researcher] at node: tool_result; tool calls: [get_cvl_manual_section, get_cvl_manual_section]
[Structural invariant CVL (golden-arc-proving-finitely) / CVL Researcher] at node: tools
[Structural invariant CVL (golden-arc-proving-finitely) / CVL Researcher] at node: tool_result; tool calls: [get_cvl_manual_section]
[Structural invariant CVL (golden-arc-proving-finitely) / CVL Researcher] at node: tools
[Structural invariant CVL (golden-arc-proving-finitely) / CVL Researcher] at node: tool_result; tool calls: [cvl_keyword_search, cvl_keyword_search]
[Structural invariant CVL (golden-arc-proving-finitely) / CVL Researcher] at node: tools
[Structural invariant CVL (golden-arc-proving-finitely) / CVL Researcher] at node: tool_result; tool calls: [cvl_keyword_search, cvl_keyword_search]
[Structural invariant CVL (golden-arc-proving-finitely) / CVL Researcher] at node: tools
[Structural invariant CVL (golden-arc-proving-finitely) / CVL Researcher] at node: tool_result; tool calls: [get_cvl_manual_section, cvl_keyword_search]
[Structural invariant CVL (golden-arc-proving-finitely) / CVL Researcher] at node: tools
[Structural invariant CVL (golden-arc-proving-finitely) / CVL Researcher] at node: tool_result; tool calls: [get_cvl_manual_section, scan_knowledge_base]
[Structural invariant CVL (golden-arc-proving-finitely) / CVL Researcher] at node: tools
[Structural invariant CVL (golden-arc-proving-finitely) / CVL Researcher] at node: tool_result; tool calls: [get_cvl_manual_section, get_cvl_manual_section]
[Structural invariant CVL (golden-arc-proving-finitely) / CVL Researcher] at node: tools
[Structural invariant CVL (golden-arc-proving-finitely) / CVL Researcher] at node: tool_result; tool calls: [cvl_manual_search, get_cvl_manual_section]
[Structural invariant CVL (golden-arc-proving-finitely) / CVL Researcher] at node: tools
[Structural invariant CVL (golden-arc-proving-finitely) / CVL Researcher] at node: tool_result; tool calls: [scan_knowledge_base]
[Structural invariant CVL (golden-arc-proving-finitely) / CVL Researcher] at node: tools
[Structural invariant CVL (golden-arc-proving-finitely) / CVL Researcher] at node: tool_result; tool calls: [write_rough_draft]
[Structural invariant CVL (golden-arc-proving-finitely) / CVL Researcher] at node: tools
[Structural invariant CVL (golden-arc-proving-finitely) / CVL Researcher] at node: tool_result; tool calls: [read_rough_draft]
[Structural invariant CVL (golden-arc-proving-finitely) / CVL Researcher] at node: tools
[Structural invariant CVL (golden-arc-proving-finitely) / CVL Researcher] at node: tool_result; tool calls: [result]
[Structural invariant CVL (golden-arc-proving-finitely) / CVL Researcher] at node: tools
[Structural invariant CVL (golden-arc-proving-finitely) / CVL Researcher] end
[Structural invariant CVL (golden-arc-proving-finitely) / CVL Researcher] at node: tool_result; tool calls: [write_rough_draft]
[Structural invariant CVL (golden-arc-proving-finitely) / CVL Researcher] at node: tools
[Structural invariant CVL (golden-arc-proving-finitely) / CVL Researcher] at node: tool_result; tool calls: [read_rough_draft]
[Structural invariant CVL (golden-arc-proving-finitely) / CVL Researcher] at node: tools
[Structural invariant CVL (golden-arc-proving-finitely) / CVL Researcher] at node: tool_result; tool calls: [result]
[Structural invariant CVL (golden-arc-proving-finitely) / CVL Researcher] at node: tools
[Structural invariant CVL (golden-arc-proving-finitely) / CVL Researcher] end
[Structural invariant CVL (golden-arc-proving-finitely)] at node: tools
[Structural invariant CVL (golden-arc-proving-finitely)] at node: tool_result; tool calls: [grep_files, grep_files]
[Structural invariant CVL (golden-arc-proving-finitely)] at node: tools
[Structural invariant CVL (golden-arc-proving-finitely)] at node: tool_result; tool calls: [cvl_research]
[Structural invariant CVL (golden-arc-proving-finitely) / CVL Researcher] start  (via tool: toolu_018KPUaU1RpnnWfk4M4TnNeg)
[Structural invariant CVL (golden-arc-proving-finitely) / CVL Researcher] at node: initial; tool calls: [cvl_keyword_search, cvl_manual_search]
[Structural invariant CVL (golden-arc-proving-finitely) / CVL Researcher] at node: tools
[Structural invariant CVL (golden-arc-proving-finitely) / CVL Researcher] at node: tool_result; tool calls: [cvl_manual_search, get_cvl_manual_section]
[Structural invariant CVL (golden-arc-proving-finitely) / CVL Researcher] at node: tools
[Structural invariant CVL (golden-arc-proving-finitely) / CVL Researcher] at node: tool_result; tool calls: [write_rough_draft]
[Structural invariant CVL (golden-arc-proving-finitely) / CVL Researcher] at node: tools
[Structural invariant CVL (golden-arc-proving-finitely) / CVL Researcher] at node: tool_result; tool calls: [read_rough_draft]
[Structural invariant CVL (golden-arc-proving-finitely) / CVL Researcher] at node: tools
[Structural invariant CVL (golden-arc-proving-finitely) / CVL Researcher] at node: tool_result; tool calls: [result]
[Structural invariant CVL (golden-arc-proving-finitely) / CVL Researcher] at node: tools
[Structural invariant CVL (golden-arc-proving-finitely) / CVL Researcher] end
[Structural invariant CVL (golden-arc-proving-finitely)] at node: tools
[Structural invariant CVL (golden-arc-proving-finitely)] at node: tool_result; tool calls: [get_file]
[Structural invariant CVL (golden-arc-proving-finitely)] at node: tools
[Structural invariant CVL (golden-arc-proving-finitely)] at node: tool_result; tool calls: [get_file]
[Structural invariant CVL (golden-arc-proving-finitely)] at node: tools
[Structural invariant CVL (golden-arc-proving-finitely)] at node: tool_result; tool calls: [get_file, get_file]
[Structural invariant CVL (golden-arc-proving-finitely)] at node: tools
[Structural invariant CVL (golden-arc-proving-finitely)] at node: tool_result; tool calls: [get_file]
[Structural invariant CVL (golden-arc-proving-finitely)] at node: tools
[Structural invariant CVL (golden-arc-proving-finitely)] at node: tool_result; tool calls: [grep_files]
[Structural invariant CVL (golden-arc-proving-finitely)] at node: tools
[Structural invariant CVL (golden-arc-proving-finitely)] at node: tool_result; tool calls: [grep_files]
[Structural invariant CVL (golden-arc-proving-finitely)] at node: tools
[Structural invariant CVL (golden-arc-proving-finitely)] at node: tool_result; tool calls: [grep_files]
[Structural invariant CVL (golden-arc-proving-finitely)] at node: tools
[Structural invariant CVL (golden-arc-proving-finitely)] at node: tool_result; tool calls: [grep_files]
[Structural invariant CVL (golden-arc-proving-finitely)] at node: tools
[Structural invariant CVL (golden-arc-proving-finitely)] at node: tool_result; tool calls: [get_file]
[Structural invariant CVL (golden-arc-proving-finitely)] at node: tools
[Structural invariant CVL (golden-arc-proving-finitely)] at node: tool_result; tool calls: [grep_files]
[Structural invariant CVL (golden-arc-proving-finitely)] at node: tools
[Structural invariant CVL (golden-arc-proving-finitely)] at node: tool_result; tool calls: [cvl_research]
[Structural invariant CVL (golden-arc-proving-finitely) / CVL Researcher] start  (via tool: toolu_01RXXnSeHx6LSuUgtqTdZJXS)
[Structural invariant CVL (golden-arc-proving-finitely) / CVL Researcher] at node: initial; tool calls: [cvl_manual_search, cvl_manual_search]
[Structural invariant CVL (golden-arc-proving-finitely) / CVL Researcher] at node: tools
[Structural invariant CVL (golden-arc-proving-finitely) / CVL Researcher] at node: tool_result; tool calls: [cvl_manual_search, cvl_manual_search]
[Structural invariant CVL (golden-arc-proving-finitely) / CVL Researcher] at node: tools
[Structural invariant CVL (golden-arc-proving-finitely) / CVL Researcher] at node: tool_result; tool calls: [get_cvl_manual_section, cvl_keyword_search]
[Structural invariant CVL (golden-arc-proving-finitely) / CVL Researcher] at node: tools
[Structural invariant CVL (golden-arc-proving-finitely) / CVL Researcher] at node: tool_result; tool calls: [write_rough_draft]
[Structural invariant CVL (golden-arc-proving-finitely) / CVL Researcher] at node: tools
[Structural invariant CVL (golden-arc-proving-finitely) / CVL Researcher] at node: tool_result; tool calls: [read_rough_draft]
[Structural invariant CVL (golden-arc-proving-finitely) / CVL Researcher] at node: tools
[Structural invariant CVL (golden-arc-proving-finitely) / CVL Researcher] at node: tool_result; tool calls: [result]
[Structural invariant CVL (golden-arc-proving-finitely) / CVL Researcher] at node: tools
[Structural invariant CVL (golden-arc-proving-finitely) / CVL Researcher] end
[Structural invariant CVL (golden-arc-proving-finitely)] at node: tools
[Structural invariant CVL (golden-arc-proving-finitely)] at node: tool_result; tool calls: [scan_knowledge_base]
[Structural invariant CVL (golden-arc-proving-finitely)] at node: tools
[Structural invariant CVL (golden-arc-proving-finitely)] at node: tool_result; tool calls: [get_knowledge_base_article]
[Structural invariant CVL (golden-arc-proving-finitely)] at node: tools
[Structural invariant CVL (golden-arc-proving-finitely)] at node: summarize
[Structural invariant CVL (golden-arc-proving-finitely)] at node: tool_result; tool calls: [memory]
[Structural invariant CVL (golden-arc-proving-finitely)] at node: tools
[Structural invariant CVL (golden-arc-proving-finitely)] at node: tool_result; tool calls: [get_cvl, list_files]
[Structural invariant CVL (golden-arc-proving-finitely)] at node: tools
[Structural invariant CVL (golden-arc-proving-finitely)] at node: tool_result; tool calls: [get_file, get_file]
[Structural invariant CVL (golden-arc-proving-finitely)] at node: tools
[Structural invariant CVL (golden-arc-proving-finitely)] at node: tool_result; tool calls: [get_file, get_file]
[Structural invariant CVL (golden-arc-proving-finitely)] at node: tools
[Structural invariant CVL (golden-arc-proving-finitely)] at node: tool_result; tool calls: [get_file, get_file]
[Structural invariant CVL (golden-arc-proving-finitely)] at node: tools
[Structural invariant CVL (golden-arc-proving-finitely)] at node: tool_result; tool calls: [get_file, get_file]
[Structural invariant CVL (golden-arc-proving-finitely)] at node: tools
[Structural invariant CVL (golden-arc-proving-finitely)] at node: tool_result; tool calls: [get_file, get_file]
[Structural invariant CVL (golden-arc-proving-finitely)] at node: tools
[Structural invariant CVL (golden-arc-proving-finitely)] at node: tool_result; tool calls: [get_file]
[Structural invariant CVL (golden-arc-proving-finitely)] at node: tools
[Structural invariant CVL (golden-arc-proving-finitely)] at node: tool_result; tool calls: [grep_files, get_file]
[Structural invariant CVL (golden-arc-proving-finitely)] at node: tools
[Structural invariant CVL (golden-arc-proving-finitely)] at node: tool_result; tool calls: [cvl_research]
[Structural invariant CVL (golden-arc-proving-finitely) / CVL Researcher] start  (via tool: toolu_01L2B6DvYoZGBy76f1hvLT7u)
[Structural invariant CVL (golden-arc-proving-finitely) / CVL Researcher] at node: initial; tool calls: [cvl_manual_search, cvl_manual_search]
[Structural invariant CVL (golden-arc-proving-finitely) / CVL Researcher] at node: tools
[Structural invariant CVL (golden-arc-proving-finitely) / CVL Researcher] at node: tool_result; tool calls: [cvl_manual_search, cvl_keyword_search]
[Structural invariant CVL (golden-arc-proving-finitely) / CVL Researcher] at node: tools
[Structural invariant CVL (golden-arc-proving-finitely) / CVL Researcher] at node: tool_result; tool calls: [get_cvl_manual_section, cvl_keyword_search]
[Structural invariant CVL (golden-arc-proving-finitely) / CVL Researcher] at node: tools
[Structural invariant CVL (golden-arc-proving-finitely) / CVL Researcher] at node: tool_result; tool calls: [write_rough_draft]
[Structural invariant CVL (golden-arc-proving-finitely) / CVL Researcher] at node: tools
[Structural invariant CVL (golden-arc-proving-finitely) / CVL Researcher] at node: tool_result; tool calls: [read_rough_draft]
[Structural invariant CVL (golden-arc-proving-finitely) / CVL Researcher] at node: tools
[Structural invariant CVL (golden-arc-proving-finitely) / CVL Researcher] at node: tool_result; tool calls: [result]
[Structural invariant CVL (golden-arc-proving-finitely) / CVL Researcher] at node: tools
[Structural invariant CVL (golden-arc-proving-finitely) / CVL Researcher] end
[Structural invariant CVL (golden-arc-proving-finitely)] at node: tools
[Structural invariant CVL (golden-arc-proving-finitely)] at node: tool_result; tool calls: [grep_files, grep_files]
[Structural invariant CVL (golden-arc-proving-finitely)] at node: tools
[Structural invariant CVL (golden-arc-proving-finitely)] at node: tool_result; tool calls: [get_file]
[Structural invariant CVL (golden-arc-proving-finitely)] at node: tools
[Structural invariant CVL (golden-arc-proving-finitely)] at node: tool_result; tool calls: [grep_files]
[Structural invariant CVL (golden-arc-proving-finitely)] at node: tools
[Structural invariant CVL (golden-arc-proving-finitely)] at node: tool_result; tool calls: [get_file]
[Structural invariant CVL (golden-arc-proving-finitely)] at node: tools
[Structural invariant CVL (golden-arc-proving-finitely)] at node: tool_result; tool calls: [cvl_research]
[Structural invariant CVL (golden-arc-proving-finitely) / CVL Researcher] start  (via tool: toolu_01NwvbnrULgfCA8HixngaQDV)
[Structural invariant CVL (golden-arc-proving-finitely) / CVL Researcher] at node: initial; tool calls: [write_rough_draft]
[Structural invariant CVL (golden-arc-proving-finitely) / CVL Researcher] at node: tools
[Structural invariant CVL (golden-arc-proving-finitely) / CVL Researcher] at node: tool_result; tool calls: [read_rough_draft]
[Structural invariant CVL (golden-arc-proving-finitely) / CVL Researcher] at node: tools
[Structural invariant CVL (golden-arc-proving-finitely) / CVL Researcher] at node: tool_result; tool calls: [result]
[Structural invariant CVL (golden-arc-proving-finitely) / CVL Researcher] at node: tools
[Structural invariant CVL (golden-arc-proving-finitely) / CVL Researcher] end
[Structural invariant CVL (golden-arc-proving-finitely)] at node: tools
[Structural invariant CVL (golden-arc-proving-finitely)] at node: tool_result; tool calls: [get_file]
[Structural invariant CVL (golden-arc-proving-finitely)] at node: tools
[Structural invariant CVL (golden-arc-proving-finitely)] at node: tool_result; tool calls: [cvl_research]
[Structural invariant CVL (golden-arc-proving-finitely) / CVL Researcher] start  (via tool: toolu_01RGwzPt2JF8XDEZGkqqm2FP)
[Structural invariant CVL (golden-arc-proving-finitely) / CVL Researcher] at node: initial; tool calls: [cvl_manual_search, cvl_manual_search]
[Structural invariant CVL (golden-arc-proving-finitely) / CVL Researcher] at node: tools
[Structural invariant CVL (golden-arc-proving-finitely) / CVL Researcher] at node: tool_result; tool calls: [get_cvl_manual_section, cvl_keyword_search]
[Structural invariant CVL (golden-arc-proving-finitely) / CVL Researcher] at node: tools
[Structural invariant CVL (golden-arc-proving-finitely) / CVL Researcher] at node: tool_result; tool calls: [cvl_keyword_search, cvl_manual_search]
[Structural invariant CVL (golden-arc-proving-finitely) / CVL Researcher] at node: tools
[Structural invariant CVL (golden-arc-proving-finitely) / CVL Researcher] at node: tool_result; tool calls: [cvl_keyword_search, cvl_manual_search]
[Structural invariant CVL (golden-arc-proving-finitely) / CVL Researcher] at node: tools
[Structural invariant CVL (golden-arc-proving-finitely) / CVL Researcher] at node: tool_result; tool calls: [get_cvl_manual_section]
[Structural invariant CVL (golden-arc-proving-finitely) / CVL Researcher] at node: tools
[Structural invariant CVL (golden-arc-proving-finitely) / CVL Researcher] at node: tool_result; tool calls: [cvl_manual_search, scan_knowledge_base]
[Structural invariant CVL (golden-arc-proving-finitely) / CVL Researcher] at node: tools
[Structural invariant CVL (golden-arc-proving-finitely) / CVL Researcher] at node: tool_result; tool calls: [scan_knowledge_base]
[Structural invariant CVL (golden-arc-proving-finitely) / CVL Researcher] at node: tools
[Structural invariant CVL (golden-arc-proving-finitely) / CVL Researcher] at node: tool_result; tool calls: [get_knowledge_base_article]
[Structural invariant CVL (golden-arc-proving-finitely) / CVL Researcher] at node: tools
[Structural invariant CVL (golden-arc-proving-finitely) / CVL Researcher] at node: tool_result; tool calls: [write_rough_draft]
[Structural invariant CVL (golden-arc-proving-finitely) / CVL Researcher] at node: tools
[Structural invariant CVL (golden-arc-proving-finitely) / CVL Researcher] at node: tool_result; tool calls: [read_rough_draft]
[Structural invariant CVL (golden-arc-proving-finitely) / CVL Researcher] at node: tools
[Structural invariant CVL (golden-arc-proving-finitely) / CVL Researcher] at node: tool_result; tool calls: [result]
[Structural invariant CVL (golden-arc-proving-finitely) / CVL Researcher] at node: tools
[Structural invariant CVL (golden-arc-proving-finitely) / CVL Researcher] end
[Structural invariant CVL (golden-arc-proving-finitely)] at node: tools
[Structural invariant CVL (golden-arc-proving-finitely)] at node: tool_result; tool calls: [get_file]
[Structural invariant CVL (golden-arc-proving-finitely)] at node: tools
[Structural invariant CVL (golden-arc-proving-finitely)] at node: tool_result; tool calls: [get_file, get_file, get_file, get_file]
[Structural invariant CVL (golden-arc-proving-finitely)] at node: tools
[Structural invariant CVL (golden-arc-proving-finitely)] at node: tool_result; tool calls: [get_file]
[Structural invariant CVL (golden-arc-proving-finitely)] at node: tools
[Structural invariant CVL (golden-arc-proving-finitely)] at node: tool_result; tool calls: [grep_files]
[Structural invariant CVL (golden-arc-proving-finitely)] at node: tools
[Structural invariant CVL (golden-arc-proving-finitely)] at node: tool_result; tool calls: [get_file]
[Structural invariant CVL (golden-arc-proving-finitely)] at node: tools
[Structural invariant CVL (golden-arc-proving-finitely)] at node: tool_result; tool calls: [scan_knowledge_base]
[Structural invariant CVL (golden-arc-proving-finitely)] at node: tools
[Structural invariant CVL (golden-arc-proving-finitely)] at node: tool_result; tool calls: [get_knowledge_base_article]
[Structural invariant CVL (golden-arc-proving-finitely)] at node: tools
[Structural invariant CVL (golden-arc-proving-finitely)] at node: tool_result; tool calls: [get_file]
[Structural invariant CVL (golden-arc-proving-finitely)] at node: tools
[Structural invariant CVL (golden-arc-proving-finitely)] at node: tool_result; tool calls: [get_file, get_file]
[Structural invariant CVL (golden-arc-proving-finitely)] at node: tools
[Structural invariant CVL (golden-arc-proving-finitely)] at node: tool_result; tool calls: [grep_files]
[Structural invariant CVL (golden-arc-proving-finitely)] at node: tools
[Structural invariant CVL (golden-arc-proving-finitely)] at node: tool_result; tool calls: [grep_files]
[Structural invariant CVL (golden-arc-proving-finitely)] at node: tools
[Structural invariant CVL (golden-arc-proving-finitely)] at node: tool_result; tool calls: [grep_files]
[Structural invariant CVL (golden-arc-proving-finitely)] at node: tools
[Structural invariant CVL (golden-arc-proving-finitely)] at node: tool_result; tool calls: [grep_files]
[Structural invariant CVL (golden-arc-proving-finitely)] at node: tools
[Structural invariant CVL (golden-arc-proving-finitely)] at node: tool_result; tool calls: [get_file]
[Structural invariant CVL (golden-arc-proving-finitely)] at node: tools
[Structural invariant CVL (golden-arc-proving-finitely)] at node: summarize
[Structural invariant CVL (golden-arc-proving-finitely)] at node: tool_result; tool calls: [memory]
[Structural invariant CVL (golden-arc-proving-finitely)] at node: tools
[Structural invariant CVL (golden-arc-proving-finitely)] at node: tool_result; tool calls: [get_cvl]
[Structural invariant CVL (golden-arc-proving-finitely)] at node: tools
[Structural invariant CVL (golden-arc-proving-finitely)] at node: tool_result; tool calls: [get_file, get_file]
[Structural invariant CVL (golden-arc-proving-finitely)] at node: tools
[Structural invariant CVL (golden-arc-proving-finitely)] at node: tool_result; tool calls: [get_file, get_file]
[Structural invariant CVL (golden-arc-proving-finitely)] at node: tools
[Structural invariant CVL (golden-arc-proving-finitely)] at node: tool_result; tool calls: [get_file, list_files]
[Structural invariant CVL (golden-arc-proving-finitely)] at node: tools
[Structural invariant CVL (golden-arc-proving-finitely)] at node: tool_result; tool calls: [get_file, get_file]
[Structural invariant CVL (golden-arc-proving-finitely)] at node: tools
[Structural invariant CVL (golden-arc-proving-finitely)] at node: tool_result; tool calls: [get_file, get_file]
[Structural invariant CVL (golden-arc-proving-finitely)] at node: tools
[Structural invariant CVL (golden-arc-proving-finitely)] at node: tool_result; tool calls: [grep_files, get_file]
[Structural invariant CVL (golden-arc-proving-finitely)] at node: tools
[Structural invariant CVL (golden-arc-proving-finitely)] at node: tool_result; tool calls: [get_file, get_file]
[Structural invariant CVL (golden-arc-proving-finitely)] at node: tools
[Structural invariant CVL (golden-arc-proving-finitely)] at node: tool_result; tool calls: [grep_files, get_file]
[Structural invariant CVL (golden-arc-proving-finitely)] at node: tools
[Structural invariant CVL (golden-arc-proving-finitely)] at node: tool_result; tool calls: [get_file]
[Structural invariant CVL (golden-arc-proving-finitely)] at node: tools
[Structural invariant CVL (golden-arc-proving-finitely)] at node: tool_result; tool calls: [cvl_research]
[Structural invariant CVL (golden-arc-proving-finitely) / CVL Researcher] start  (via tool: toolu_01DJtEQU5aWfPN3m932Jag8F)
[Structural invariant CVL (golden-arc-proving-finitely) / CVL Researcher] at node: initial; tool calls: [write_rough_draft]
[Structural invariant CVL (golden-arc-proving-finitely) / CVL Researcher] at node: tools
[Structural invariant CVL (golden-arc-proving-finitely) / CVL Researcher] at node: tool_result; tool calls: [read_rough_draft]
[Structural invariant CVL (golden-arc-proving-finitely) / CVL Researcher] at node: tools
[Structural invariant CVL (golden-arc-proving-finitely) / CVL Researcher] at node: tool_result; tool calls: [result]
[Structural invariant CVL (golden-arc-proving-finitely) / CVL Researcher] at node: tools
[Structural invariant CVL (golden-arc-proving-finitely) / CVL Researcher] end
[Structural invariant CVL (golden-arc-proving-finitely)] at node: tools
[Structural invariant CVL (golden-arc-proving-finitely)] at node: tool_result; tool calls: [grep_files, grep_files]
[Structural invariant CVL (golden-arc-proving-finitely)] at node: tools
[Structural invariant CVL (golden-arc-proving-finitely)] at node: tool_result; tool calls: [grep_files]
[Structural invariant CVL (golden-arc-proving-finitely)] at node: tools
[Structural invariant CVL (golden-arc-proving-finitely)] at node: tool_result; tool calls: [grep_files]
[Structural invariant CVL (golden-arc-proving-finitely)] at node: tools
[Structural invariant CVL (golden-arc-proving-finitely)] at node: tool_result; tool calls: [grep_files]
[Structural invariant CVL (golden-arc-proving-finitely)] at node: tools
[Structural invariant CVL (golden-arc-proving-finitely)] at node: tool_result; tool calls: [grep_files]
[Structural invariant CVL (golden-arc-proving-finitely)] at node: tools
[Structural invariant CVL (golden-arc-proving-finitely)] at node: tool_result; tool calls: [grep_files]
[Structural invariant CVL (golden-arc-proving-finitely)] at node: tools
[Structural invariant CVL (golden-arc-proving-finitely)] at node: tool_result; tool calls: [grep_files]
[Structural invariant CVL (golden-arc-proving-finitely)] at node: tools
[Structural invariant CVL (golden-arc-proving-finitely)] at node: tool_result; tool calls: [grep_files]
[Structural invariant CVL (golden-arc-proving-finitely)] at node: tools
[Structural invariant CVL (golden-arc-proving-finitely)] at node: tool_result; tool calls: [get_file, get_file]
[Structural invariant CVL (golden-arc-proving-finitely)] at node: tools
[Structural invariant CVL (golden-arc-proving-finitely)] at node: tool_result; tool calls: [memory]
[Structural invariant CVL (golden-arc-proving-finitely)] at node: tools
[Structural invariant CVL (golden-arc-proving-finitely)] at node: tool_result; tool calls: [grep_files]
[Structural invariant CVL (golden-arc-proving-finitely)] at node: tools
[Structural invariant CVL (golden-arc-proving-finitely)] at node: tool_result; tool calls: [get_file]
[Structural invariant CVL (golden-arc-proving-finitely)] at node: tools
[Structural invariant CVL (golden-arc-proving-finitely)] at node: tool_result; tool calls: [get_file]
[Structural invariant CVL (golden-arc-proving-finitely)] at node: tools
[Structural invariant CVL (golden-arc-proving-finitely)] at node: tool_result; tool calls: [get_file]
[Structural invariant CVL (golden-arc-proving-finitely)] at node: tools
[Structural invariant CVL (golden-arc-proving-finitely)] at node: tool_result; tool calls: [get_file]
[Structural invariant CVL (golden-arc-proving-finitely)] at node: tools
[Structural invariant CVL (golden-arc-proving-finitely)] at node: tool_result; tool calls: [grep_files]
[Structural invariant CVL (golden-arc-proving-finitely)] at node: tools
[Structural invariant CVL (golden-arc-proving-finitely)] at node: tool_result; tool calls: [grep_files]
[Structural invariant CVL (golden-arc-proving-finitely)] at node: tools
[Structural invariant CVL (golden-arc-proving-finitely)] at node: tool_result; tool calls: [grep_files]
[Structural invariant CVL (golden-arc-proving-finitely)] at node: tools
[Structural invariant CVL (golden-arc-proving-finitely)] at node: tool_result; tool calls: [get_file]
[Structural invariant CVL (golden-arc-proving-finitely)] at node: tools
[Structural invariant CVL (golden-arc-proving-finitely)] at node: tool_result; tool calls: [grep_files]
[Structural invariant CVL (golden-arc-proving-finitely)] at node: tools
[Structural invariant CVL (golden-arc-proving-finitely)] at node: summarize
[Structural invariant CVL (golden-arc-proving-finitely)] at node: tool_result; tool calls: [memory]
[Structural invariant CVL (golden-arc-proving-finitely)] at node: tools
[Structural invariant CVL (golden-arc-proving-finitely)] at node: tool_result; tool calls: [memory]
[Structural invariant CVL (golden-arc-proving-finitely)] at node: tools
[Structural invariant CVL (golden-arc-proving-finitely)] at node: tool_result; tool calls: [get_file, get_file]
[Structural invariant CVL (golden-arc-proving-finitely)] at node: tools
[Structural invariant CVL (golden-arc-proving-finitely)] at node: tool_result; tool calls: [get_file, get_file]
[Structural invariant CVL (golden-arc-proving-finitely)] at node: tools
[Structural invariant CVL (golden-arc-proving-finitely)] at node: tool_result; tool calls: [grep_files]
[Structural invariant CVL (golden-arc-proving-finitely)] at node: tools
[Structural invariant CVL (golden-arc-proving-finitely)] at node: tool_result; tool calls: [get_file, get_file]
[Structural invariant CVL (golden-arc-proving-finitely)] at node: tools
[Structural invariant CVL (golden-arc-proving-finitely)] at node: tool_result; tool calls: [grep_files]
[Structural invariant CVL (golden-arc-proving-finitely)] at node: tools
[Structural invariant CVL (golden-arc-proving-finitely)] at node: tool_result; tool calls: [grep_files]
[Structural invariant CVL (golden-arc-proving-finitely)] at node: tools
[Structural invariant CVL (golden-arc-proving-finitely)] at node: tool_result; tool calls: [grep_files]
[Structural invariant CVL (golden-arc-proving-finitely)] at node: tools
[Structural invariant CVL (golden-arc-proving-finitely)] at node: tool_result; tool calls: [get_file, get_file]
[Structural invariant CVL (golden-arc-proving-finitely)] at node: tools
[Structural invariant CVL (golden-arc-proving-finitely)] at node: tool_result; tool calls: [grep_files]
[Structural invariant CVL (golden-arc-proving-finitely)] at node: tools
[Structural invariant CVL (golden-arc-proving-finitely)] at node: tool_result; tool calls: [grep_files]
[Structural invariant CVL (golden-arc-proving-finitely)] at node: tools
[Structural invariant CVL (golden-arc-proving-finitely)] at node: tool_result; tool calls: [get_file, get_file]
[Structural invariant CVL (golden-arc-proving-finitely)] at node: tools
[Structural invariant CVL (golden-arc-proving-finitely)] at node: tool_result; tool calls: [get_file]
[Structural invariant CVL (golden-arc-proving-finitely)] at node: tools
[Structural invariant CVL (golden-arc-proving-finitely)] at node: tool_result; tool calls: [grep_files]
[Structural invariant CVL (golden-arc-proving-finitely)] at node: tools
[Structural invariant CVL (golden-arc-proving-finitely)] at node: tool_result; tool calls: [grep_files]
[Structural invariant CVL (golden-arc-proving-finitely)] at node: tools
[Structural invariant CVL (golden-arc-proving-finitely)] at node: tool_result; tool calls: [cvl_research]
[Structural invariant CVL (golden-arc-proving-finitely) / CVL Researcher] start  (via tool: toolu_01RmD9f5NoYzx3bffbJcaGWP)
[Structural invariant CVL (golden-arc-proving-finitely) / CVL Researcher] at node: initial; tool calls: [cvl_manual_search, cvl_keyword_search]
[Structural invariant CVL (golden-arc-proving-finitely) / CVL Researcher] at node: tools
[Structural invariant CVL (golden-arc-proving-finitely) / CVL Researcher] at node: tool_result; tool calls: [write_rough_draft]
[Structural invariant CVL (golden-arc-proving-finitely) / CVL Researcher] at node: tools
[Structural invariant CVL (golden-arc-proving-finitely) / CVL Researcher] at node: tool_result; tool calls: [read_rough_draft]
[Structural invariant CVL (golden-arc-proving-finitely) / CVL Researcher] at node: tools
[Structural invariant CVL (golden-arc-proving-finitely) / CVL Researcher] at node: tool_result; tool calls: [result]
[Structural invariant CVL (golden-arc-proving-finitely) / CVL Researcher] at node: tools
[Structural invariant CVL (golden-arc-proving-finitely) / CVL Researcher] end
[Structural invariant CVL (golden-arc-proving-finitely)] at node: tools
[Structural invariant CVL (golden-arc-proving-finitely)] at node: tool_result; tool calls: [get_file]
[Structural invariant CVL (golden-arc-proving-finitely)] at node: tools
[Structural invariant CVL (golden-arc-proving-finitely)] at node: tool_result; tool calls: [grep_files, grep_files]
[Structural invariant CVL (golden-arc-proving-finitely)] at node: tools
[Structural invariant CVL (golden-arc-proving-finitely)] at node: tool_result; tool calls: [cvl_research]
[Structural invariant CVL (golden-arc-proving-finitely) / CVL Researcher] start  (via tool: toolu_01PeRJnQuHrxgMgRJaJ3Fuim)
[Structural invariant CVL (golden-arc-proving-finitely) / CVL Researcher] at node: initial; tool calls: [cvl_keyword_search, cvl_manual_search]
[Structural invariant CVL (golden-arc-proving-finitely) / CVL Researcher] at node: tools
[Structural invariant CVL (golden-arc-proving-finitely) / CVL Researcher] at node: tool_result; tool calls: [cvl_keyword_search, cvl_manual_search]
[Structural invariant CVL (golden-arc-proving-finitely) / CVL Researcher] at node: tools
[Structural invariant CVL (golden-arc-proving-finitely) / CVL Researcher] at node: tool_result; tool calls: [get_cvl_manual_section, get_cvl_manual_section]
[Structural invariant CVL (golden-arc-proving-finitely) / CVL Researcher] at node: tools
[Structural invariant CVL (golden-arc-proving-finitely) / CVL Researcher] at node: tool_result; tool calls: [write_rough_draft]
[Structural invariant CVL (golden-arc-proving-finitely) / CVL Researcher] at node: tools
[Structural invariant CVL (golden-arc-proving-finitely) / CVL Researcher] at node: tool_result; tool calls: [read_rough_draft]
[Structural invariant CVL (golden-arc-proving-finitely) / CVL Researcher] at node: tools
[Structural invariant CVL (golden-arc-proving-finitely) / CVL Researcher] at node: tool_result; tool calls: [result]
[Structural invariant CVL (golden-arc-proving-finitely) / CVL Researcher] at node: tools
[Structural invariant CVL (golden-arc-proving-finitely) / CVL Researcher] end
[Structural invariant CVL (golden-arc-proving-finitely)] at node: tools
[Structural invariant CVL (golden-arc-proving-finitely)] at node: tool_result; tool calls: [list_files]
[Structural invariant CVL (golden-arc-proving-finitely)] at node: tools
[Structural invariant CVL (golden-arc-proving-finitely)] at node: tool_result; tool calls: [get_file]
[Structural invariant CVL (golden-arc-proving-finitely)] at node: tools
[Structural invariant CVL (golden-arc-proving-finitely)] at node: tool_result; tool calls: [get_file]
[Structural invariant CVL (golden-arc-proving-finitely)] at node: tools
[Structural invariant CVL (golden-arc-proving-finitely)] at node: tool_result; tool calls: [scan_knowledge_base]
[Structural invariant CVL (golden-arc-proving-finitely)] at node: tools
[Structural invariant CVL (golden-arc-proving-finitely)] at node: tool_result; tool calls: [cvl_research]
[Structural invariant CVL (golden-arc-proving-finitely) / CVL Researcher] start  (via tool: toolu_01RQn94URi7tHLVuax3mEQZY)
[Structural invariant CVL (golden-arc-proving-finitely) / CVL Researcher] at node: initial; tool calls: [cvl_keyword_search, cvl_manual_search]
[Structural invariant CVL (golden-arc-proving-finitely) / CVL Researcher] at node: tools
[Structural invariant CVL (golden-arc-proving-finitely) / CVL Researcher] at node: tool_result; tool calls: [cvl_keyword_search, cvl_manual_search]
[Structural invariant CVL (golden-arc-proving-finitely) / CVL Researcher] at node: tools
[Structural invariant CVL (golden-arc-proving-finitely) / CVL Researcher] at node: tool_result; tool calls: [get_cvl_manual_section, cvl_keyword_search]
[Structural invariant CVL (golden-arc-proving-finitely) / CVL Researcher] at node: tools
[Structural invariant CVL (golden-arc-proving-finitely) / CVL Researcher] at node: tool_result; tool calls: [cvl_keyword_search, cvl_manual_search]
[Structural invariant CVL (golden-arc-proving-finitely) / CVL Researcher] at node: tools
[Structural invariant CVL (golden-arc-proving-finitely) / CVL Researcher] at node: tool_result; tool calls: [get_cvl_manual_section]
[Structural invariant CVL (golden-arc-proving-finitely) / CVL Researcher] at node: tools
[Structural invariant CVL (golden-arc-proving-finitely) / CVL Researcher] at node: tool_result; tool calls: [cvl_manual_search, get_cvl_manual_section]
[Structural invariant CVL (golden-arc-proving-finitely) / CVL Researcher] at node: tools
[Structural invariant CVL (golden-arc-proving-finitely) / CVL Researcher] at node: tool_result; tool calls: [write_rough_draft]
[Structural invariant CVL (golden-arc-proving-finitely) / CVL Researcher] at node: tools
[Structural invariant CVL (golden-arc-proving-finitely) / CVL Researcher] at node: tool_result; tool calls: [read_rough_draft]
[Structural invariant CVL (golden-arc-proving-finitely) / CVL Researcher] at node: tools
[Structural invariant CVL (golden-arc-proving-finitely) / CVL Researcher] at node: tool_result; tool calls: [result]
[Structural invariant CVL (golden-arc-proving-finitely) / CVL Researcher] at node: tools
[Structural invariant CVL (golden-arc-proving-finitely) / CVL Researcher] end
[Structural invariant CVL (golden-arc-proving-finitely)] at node: tools
[Structural invariant CVL (golden-arc-proving-finitely)] at node: tool_result; tool calls: [grep_files]
[Structural invariant CVL (golden-arc-proving-finitely)] at node: tools
[Structural invariant CVL (golden-arc-proving-finitely)] at node: tool_result; tool calls: [grep_files]
[Structural invariant CVL (golden-arc-proving-finitely)] at node: tools
[Structural invariant CVL (golden-arc-proving-finitely)] at node: tool_result; tool calls: [grep_files]
[Structural invariant CVL (golden-arc-proving-finitely)] at node: tools
[Structural invariant CVL (golden-arc-proving-finitely)] at node: tool_result; tool calls: [get_file]
[Structural invariant CVL (golden-arc-proving-finitely)] at node: tools
[Structural invariant CVL (golden-arc-proving-finitely)] at node: tool_result; tool calls: [get_file]
[Structural invariant CVL (golden-arc-proving-finitely)] at node: tools
[Structural invariant CVL (golden-arc-proving-finitely)] at node: tool_result; tool calls: [get_file]
[Structural invariant CVL (golden-arc-proving-finitely)] at node: tools
[Structural invariant CVL (golden-arc-proving-finitely)] at node: tool_result; tool calls: [get_file]
[Structural invariant CVL (golden-arc-proving-finitely)] at node: tools
[Structural invariant CVL (golden-arc-proving-finitely)] at node: tool_result; tool calls: [get_file]
[Structural invariant CVL (golden-arc-proving-finitely)] at node: tools
[Structural invariant CVL (golden-arc-proving-finitely)] at node: tool_result; tool calls: [memory]
[Structural invariant CVL (golden-arc-proving-finitely)] at node: tools
[Structural invariant CVL (golden-arc-proving-finitely)] at node: summarize
[Structural invariant CVL (golden-arc-proving-finitely)] at node: tool_result; tool calls: [memory]
[Structural invariant CVL (golden-arc-proving-finitely)] at node: tools
[Structural invariant CVL (golden-arc-proving-finitely)] at node: tool_result; tool calls: [memory]
[Structural invariant CVL (golden-arc-proving-finitely)] at node: tools
[Structural invariant CVL (golden-arc-proving-finitely)] at node: tool_result; tool calls: [get_cvl]
[Structural invariant CVL (golden-arc-proving-finitely)] at node: tools
[Structural invariant CVL (golden-arc-proving-finitely)] at node: tool_result; tool calls: [get_file]
[Structural invariant CVL (golden-arc-proving-finitely)] at node: tools
[Structural invariant CVL (golden-arc-proving-finitely)] at node: tool_result; tool calls: [get_file, get_file]
[Structural invariant CVL (golden-arc-proving-finitely)] at node: tools
[Structural invariant CVL (golden-arc-proving-finitely)] at node: tool_result; tool calls: [get_file, get_file]
[Structural invariant CVL (golden-arc-proving-finitely)] at node: tools
[Structural invariant CVL (golden-arc-proving-finitely)] at node: tool_result; tool calls: [list_files]
[Structural invariant CVL (golden-arc-proving-finitely)] at node: tools
[Structural invariant CVL (golden-arc-proving-finitely)] at node: tool_result; tool calls: [get_file, get_file]
[Structural invariant CVL (golden-arc-proving-finitely)] at node: tools
[Structural invariant CVL (golden-arc-proving-finitely)] at node: tool_result; tool calls: [get_file]
[Structural invariant CVL (golden-arc-proving-finitely)] at node: tools
[Structural invariant CVL (golden-arc-proving-finitely)] at node: tool_result; tool calls: [grep_files]
[Structural invariant CVL (golden-arc-proving-finitely)] at node: tools
[Structural invariant CVL (golden-arc-proving-finitely)] at node: tool_result; tool calls: [grep_files]
[Structural invariant CVL (golden-arc-proving-finitely)] at node: tools
[Structural invariant CVL (golden-arc-proving-finitely)] at node: tool_result; tool calls: [get_file]
[Structural invariant CVL (golden-arc-proving-finitely)] at node: tools
[Structural invariant CVL (golden-arc-proving-finitely)] at node: tool_result; tool calls: [grep_files]
[Structural invariant CVL (golden-arc-proving-finitely)] at node: tools
[Structural invariant CVL (golden-arc-proving-finitely)] at node: tool_result; tool calls: [grep_files]
[Structural invariant CVL (golden-arc-proving-finitely)] at node: tools
[Structural invariant CVL (golden-arc-proving-finitely)] at node: tool_result; tool calls: [grep_files]
[Structural invariant CVL (golden-arc-proving-finitely)] at node: tools
[Structural invariant CVL (golden-arc-proving-finitely)] at node: tool_result; tool calls: [grep_files]
[Structural invariant CVL (golden-arc-proving-finitely)] at node: tools
[Structural invariant CVL (golden-arc-proving-finitely)] at node: tool_result; tool calls: [grep_files]
[Structural invariant CVL (golden-arc-proving-finitely)] at node: tools
[Structural invariant CVL (golden-arc-proving-finitely)] at node: tool_result; tool calls: [grep_files]
[Structural invariant CVL (golden-arc-proving-finitely)] at node: tools
[Structural invariant CVL (golden-arc-proving-finitely)] at node: tool_result; tool calls: [put_cvl_raw]
[Structural invariant CVL (golden-arc-proving-finitely)] at node: tools
[Structural invariant CVL (golden-arc-proving-finitely)] at node: tool_result; tool calls: [feedback_tool]
[Structural invariant CVL (golden-arc-proving-finitely) / Property feedback judge] start  (via tool: toolu_01RNP9Ef9adP6koBLF9Th1UM)
[Structural invariant CVL (golden-arc-proving-finitely) / Property feedback judge] at node: initial; tool calls: [memory]
[Structural invariant CVL (golden-arc-proving-finitely) / Property feedback judge] at node: tools
[Structural invariant CVL (golden-arc-proving-finitely) / Property feedback judge] at node: tool_result; tool calls: [get_cvl, list_files]
[Structural invariant CVL (golden-arc-proving-finitely) / Property feedback judge] at node: tools
[Structural invariant CVL (golden-arc-proving-finitely) / Property feedback judge] at node: tool_result; tool calls: [get_file, get_file]
[Structural invariant CVL (golden-arc-proving-finitely) / Property feedback judge] at node: tools
[Structural invariant CVL (golden-arc-proving-finitely) / Property feedback judge] at node: tool_result; tool calls: [get_file, get_file]
[Structural invariant CVL (golden-arc-proving-finitely) / Property feedback judge] at node: tools
[Structural invariant CVL (golden-arc-proving-finitely) / Property feedback judge] at node: tool_result; tool calls: [get_file, get_file]
[Structural invariant CVL (golden-arc-proving-finitely) / Property feedback judge] at node: tools
[Structural invariant CVL (golden-arc-proving-finitely) / Property feedback judge] at node: tool_result; tool calls: [get_file]
[Structural invariant CVL (golden-arc-proving-finitely) / Property feedback judge] at node: tools
[Structural invariant CVL (golden-arc-proving-finitely) / Property feedback judge] at node: tool_result; tool calls: [get_file, get_file]
[Structural invariant CVL (golden-arc-proving-finitely) / Property feedback judge] at node: tools
[Structural invariant CVL (golden-arc-proving-finitely) / Property feedback judge] at node: tool_result; tool calls: [get_file, get_file]
[Structural invariant CVL (golden-arc-proving-finitely) / Property feedback judge] at node: tools
[Structural invariant CVL (golden-arc-proving-finitely) / Property feedback judge] at node: tool_result; tool calls: [get_file, get_file]
[Structural invariant CVL (golden-arc-proving-finitely) / Property feedback judge] at node: tools
[Structural invariant CVL (golden-arc-proving-finitely) / Property feedback judge] at node: tool_result; tool calls: [get_file]
[Structural invariant CVL (golden-arc-proving-finitely) / Property feedback judge] at node: tools
[Structural invariant CVL (golden-arc-proving-finitely) / Property feedback judge] at node: tool_result; tool calls: [get_file]
[Structural invariant CVL (golden-arc-proving-finitely) / Property feedback judge] at node: tools
[Structural invariant CVL (golden-arc-proving-finitely) / Property feedback judge] at node: tool_result; tool calls: [get_file]
[Structural invariant CVL (golden-arc-proving-finitely) / Property feedback judge] at node: tools
[Structural invariant CVL (golden-arc-proving-finitely) / Property feedback judge] at node: tool_result; tool calls: [get_file]
[Structural invariant CVL (golden-arc-proving-finitely) / Property feedback judge] at node: tools
[Structural invariant CVL (golden-arc-proving-finitely) / Property feedback judge] at node: tool_result; tool calls: [get_file]
[Structural invariant CVL (golden-arc-proving-finitely) / Property feedback judge] at node: tools
[Structural invariant CVL (golden-arc-proving-finitely) / Property feedback judge] at node: tool_result; tool calls: [get_file]
[Structural invariant CVL (golden-arc-proving-finitely) / Property feedback judge] at node: tools
[Structural invariant CVL (golden-arc-proving-finitely) / Property feedback judge] at node: tool_result; tool calls: [get_file]
[Structural invariant CVL (golden-arc-proving-finitely) / Property feedback judge] at node: tools
[Structural invariant CVL (golden-arc-proving-finitely) / Property feedback judge] at node: tool_result; tool calls: [get_file]
[Structural invariant CVL (golden-arc-proving-finitely) / Property feedback judge] at node: tools
[Structural invariant CVL (golden-arc-proving-finitely) / Property feedback judge] at node: tool_result; tool calls: [get_file]
[Structural invariant CVL (golden-arc-proving-finitely) / Property feedback judge] at node: tools
[Structural invariant CVL (golden-arc-proving-finitely) / Property feedback judge] at node: tool_result; tool calls: [get_file]
[Structural invariant CVL (golden-arc-proving-finitely) / Property feedback judge] at node: tools
[Structural invariant CVL (golden-arc-proving-finitely) / Property feedback judge] at node: tool_result; tool calls: [get_file, get_file]
[Structural invariant CVL (golden-arc-proving-finitely) / Property feedback judge] at node: tools
[Structural invariant CVL (golden-arc-proving-finitely) / Property feedback judge] at node: tool_result; tool calls: [get_file]
[Structural invariant CVL (golden-arc-proving-finitely) / Property feedback judge] at node: tools
[Structural invariant CVL (golden-arc-proving-finitely) / Property feedback judge] at node: summarize
[Structural invariant CVL (golden-arc-proving-finitely) / Property feedback judge] at node: tool_result; tool calls: [memory]
[Structural invariant CVL (golden-arc-proving-finitely) / Property feedback judge] at node: tools
[Structural invariant CVL (golden-arc-proving-finitely) / Property feedback judge] at node: tool_result; tool calls: [get_cvl]
[Structural invariant CVL (golden-arc-proving-finitely) / Property feedback judge] at node: tools
[Structural invariant CVL (golden-arc-proving-finitely) / Property feedback judge] at node: tool_result; tool calls: [write_rough_draft]
[Structural invariant CVL (golden-arc-proving-finitely) / Property feedback judge] at node: tools
[Structural invariant CVL (golden-arc-proving-finitely) / Property feedback judge] at node: tool_result; tool calls: [read_rough_draft]
[Structural invariant CVL (golden-arc-proving-finitely) / Property feedback judge] at node: tools
[Structural invariant CVL (golden-arc-proving-finitely) / Property feedback judge] at node: tool_result; tool calls: [memory]
[Structural invariant CVL (golden-arc-proving-finitely) / Property feedback judge] at node: tools
[Structural invariant CVL (golden-arc-proving-finitely) / Property feedback judge] at node: tool_result; tool calls: [result]
[Structural invariant CVL (golden-arc-proving-finitely) / Property feedback judge] at node: tools
[Structural invariant CVL (golden-arc-proving-finitely) / Property feedback judge] end
[Structural invariant CVL (golden-arc-proving-finitely)] at node: tools
[Structural invariant CVL (golden-arc-proving-finitely)] at node: tool_result; tool calls: [put_cvl_raw]
[Structural invariant CVL (golden-arc-proving-finitely)] at node: tools
[Structural invariant CVL (golden-arc-proving-finitely)] at node: tool_result; tool calls: [feedback_tool]
[Structural invariant CVL (golden-arc-proving-finitely) / Property feedback judge] start  (via tool: toolu_01S5RPXzkrd1PbY41tvpNzPP)
[Structural invariant CVL (golden-arc-proving-finitely) / Property feedback judge] at node: initial; tool calls: [memory]
[Structural invariant CVL (golden-arc-proving-finitely) / Property feedback judge] at node: tools
[Structural invariant CVL (golden-arc-proving-finitely) / Property feedback judge] at node: tool_result; tool calls: [memory]
[Structural invariant CVL (golden-arc-proving-finitely) / Property feedback judge] at node: tools
[Structural invariant CVL (golden-arc-proving-finitely) / Property feedback judge] at node: tool_result; tool calls: [get_cvl]
[Structural invariant CVL (golden-arc-proving-finitely) / Property feedback judge] at node: tools
[Structural invariant CVL (golden-arc-proving-finitely) / Property feedback judge] at node: tool_result; tool calls: [write_rough_draft]
[Structural invariant CVL (golden-arc-proving-finitely) / Property feedback judge] at node: tools
[Structural invariant CVL (golden-arc-proving-finitely) / Property feedback judge] at node: tool_result; tool calls: [read_rough_draft]
[Structural invariant CVL (golden-arc-proving-finitely) / Property feedback judge] at node: tools
[Structural invariant CVL (golden-arc-proving-finitely) / Property feedback judge] at node: tool_result; tool calls: [memory]
[Structural invariant CVL (golden-arc-proving-finitely) / Property feedback judge] at node: tools
[Structural invariant CVL (golden-arc-proving-finitely) / Property feedback judge] at node: tool_result; tool calls: [memory]
[Structural invariant CVL (golden-arc-proving-finitely) / Property feedback judge] at node: tools
[Structural invariant CVL (golden-arc-proving-finitely) / Property feedback judge] at node: tool_result; tool calls: [result]
[Structural invariant CVL (golden-arc-proving-finitely) / Property feedback judge] at node: tools
[Structural invariant CVL (golden-arc-proving-finitely) / Property feedback judge] end
[Structural invariant CVL (golden-arc-proving-finitely)] at node: tools
[Structural invariant CVL (golden-arc-proving-finitely)] at node: tool_result; tool calls: [memory]
[Structural invariant CVL (golden-arc-proving-finitely)] at node: tools
[Structural invariant CVL (golden-arc-proving-finitely)] at node: tool_result; tool calls: [verify_spec]
[Structural invariant CVL (golden-arc-proving-finitely)]: prover start
[Structural invariant CVL (golden-arc-proving-finitely)] at node: tools
[Structural invariant CVL (golden-arc-proving-finitely)] at node: tool_result; tool calls: [put_cvl_raw]
[Structural invariant CVL (golden-arc-proving-finitely)] at node: tools
[Structural invariant CVL (golden-arc-proving-finitely)] at node: tool_result; tool calls: [verify_spec]
[Structural invariant CVL (golden-arc-proving-finitely)]: prover start
[Structural invariant CVL (golden-arc-proving-finitely)] at node: tools
[Structural invariant CVL (golden-arc-proving-finitely)] at node: tool_result; tool calls: [get_file]
[Structural invariant CVL (golden-arc-proving-finitely)] at node: tools
[Structural invariant CVL (golden-arc-proving-finitely)] at node: tool_result; tool calls: [grep_files]
[Structural invariant CVL (golden-arc-proving-finitely)] at node: tools
[Structural invariant CVL (golden-arc-proving-finitely)] at node: tool_result; tool calls: [grep_files]
[Structural invariant CVL (golden-arc-proving-finitely)] at node: tools
[Structural invariant CVL (golden-arc-proving-finitely)] at node: tool_result; tool calls: [get_file]
[Structural invariant CVL (golden-arc-proving-finitely)] at node: tools
[Structural invariant CVL (golden-arc-proving-finitely)] at node: tool_result; tool calls: [get_file]
[Structural invariant CVL (golden-arc-proving-finitely)] at node: tools
[Structural invariant CVL (golden-arc-proving-finitely)] at node: tool_result; tool calls: [get_file]
[Structural invariant CVL (golden-arc-proving-finitely)] at node: tools
[Structural invariant CVL (golden-arc-proving-finitely)] at node: tool_result; tool calls: [put_cvl_raw]
[Structural invariant CVL (golden-arc-proving-finitely)] at node: tools
[Structural invariant CVL (golden-arc-proving-finitely)] at node: tool_result; tool calls: [verify_spec]
[Structural invariant CVL (golden-arc-proving-finitely)]: prover start
[Structural invariant CVL (golden-arc-proving-finitely)] at node: tools
[Structural invariant CVL (golden-arc-proving-finitely)] at node: tool_result; tool calls: [grep_files]
[Structural invariant CVL (golden-arc-proving-finitely)] at node: tools
[Structural invariant CVL (golden-arc-proving-finitely)] at node: summarize
[Structural invariant CVL (golden-arc-proving-finitely)] at node: tool_result; tool calls: [memory]
[Structural invariant CVL (golden-arc-proving-finitely)] at node: tools
[Structural invariant CVL (golden-arc-proving-finitely)] at node: tool_result; tool calls: [memory]
[Structural invariant CVL (golden-arc-proving-finitely)] at node: tools
[Structural invariant CVL (golden-arc-proving-finitely)] at node: tool_result; tool calls: [get_cvl]
[Structural invariant CVL (golden-arc-proving-finitely)] at node: tools
[Structural invariant CVL (golden-arc-proving-finitely)] at node: tool_result; tool calls: [grep_files, list_files]
[Structural invariant CVL (golden-arc-proving-finitely)] at node: tools
[Structural invariant CVL (golden-arc-proving-finitely)] at node: tool_result; tool calls: [get_file, get_file]
[Structural invariant CVL (golden-arc-proving-finitely)] at node: tools
[Structural invariant CVL (golden-arc-proving-finitely)] at node: tool_result; tool calls: [get_file, get_file]
[Structural invariant CVL (golden-arc-proving-finitely)] at node: tools
[Structural invariant CVL (golden-arc-proving-finitely)] at node: tool_result; tool calls: [get_file]
[Structural invariant CVL (golden-arc-proving-finitely)] at node: tools
[Structural invariant CVL (golden-arc-proving-finitely)] at node: tool_result; tool calls: [get_file, get_file]
[Structural invariant CVL (golden-arc-proving-finitely)] at node: tools
[Structural invariant CVL (golden-arc-proving-finitely)] at node: tool_result; tool calls: [get_file]
[Structural invariant CVL (golden-arc-proving-finitely)] at node: tools
[Structural invariant CVL (golden-arc-proving-finitely)] at node: tool_result; tool calls: [get_file]
[Structural invariant CVL (golden-arc-proving-finitely)] at node: tools
[Structural invariant CVL (golden-arc-proving-finitely)] at node: tool_result; tool calls: [grep_files]
[Structural invariant CVL (golden-arc-proving-finitely)] at node: tools
[Structural invariant CVL (golden-arc-proving-finitely)] at node: tool_result; tool calls: [grep_files]
[Structural invariant CVL (golden-arc-proving-finitely)] at node: tools
[Structural invariant CVL (golden-arc-proving-finitely)] at node: tool_result; tool calls: [grep_files]
[Structural invariant CVL (golden-arc-proving-finitely)] at node: tools
[Structural invariant CVL (golden-arc-proving-finitely)] at node: tool_result; tool calls: [grep_files]
[Structural invariant CVL (golden-arc-proving-finitely)] at node: tools
[Structural invariant CVL (golden-arc-proving-finitely)] at node: tool_result; tool calls: [grep_files]
[Structural invariant CVL (golden-arc-proving-finitely)] at node: tools
[Structural invariant CVL (golden-arc-proving-finitely)] at node: tool_result; tool calls: [grep_files]
[Structural invariant CVL (golden-arc-proving-finitely)] at node: tools
[Structural invariant CVL (golden-arc-proving-finitely)] at node: tool_result; tool calls: [grep_files]
[Structural invariant CVL (golden-arc-proving-finitely)] at node: tools
[Structural invariant CVL (golden-arc-proving-finitely)] at node: tool_result; tool calls: [grep_files]
[Structural invariant CVL (golden-arc-proving-finitely)] at node: tools
[Structural invariant CVL (golden-arc-proving-finitely)] at node: tool_result; tool calls: [grep_files]
[Structural invariant CVL (golden-arc-proving-finitely)] at node: tools
[Structural invariant CVL (golden-arc-proving-finitely)] at node: tool_result; tool calls: [grep_files]
[Structural invariant CVL (golden-arc-proving-finitely)] at node: tools
[Structural invariant CVL (golden-arc-proving-finitely)] at node: tool_result; tool calls: [grep_files]
[Structural invariant CVL (golden-arc-proving-finitely)] at node: tools
[Structural invariant CVL (golden-arc-proving-finitely)] at node: tool_result; tool calls: [grep_files]
[Structural invariant CVL (golden-arc-proving-finitely)] at node: tools
[Structural invariant CVL (golden-arc-proving-finitely)] at node: tool_result; tool calls: [get_file]
[Structural invariant CVL (golden-arc-proving-finitely)] at node: tools
[Structural invariant CVL (golden-arc-proving-finitely)] at node: tool_result; tool calls: [get_file]
[Structural invariant CVL (golden-arc-proving-finitely)] at node: tools
[Structural invariant CVL (golden-arc-proving-finitely)] at node: tool_result; tool calls: [get_file]
[Structural invariant CVL (golden-arc-proving-finitely)] at node: tools
[Structural invariant CVL (golden-arc-proving-finitely)] at node: tool_result; tool calls: [get_file]
[Structural invariant CVL (golden-arc-proving-finitely)] at node: tools
[Structural invariant CVL (golden-arc-proving-finitely)] at node: tool_result; tool calls: [grep_files]
[Structural invariant CVL (golden-arc-proving-finitely)] at node: tools
[Structural invariant CVL (golden-arc-proving-finitely)] at node: tool_result; tool calls: [grep_files]
[Structural invariant CVL (golden-arc-proving-finitely)] at node: tools
[Structural invariant CVL (golden-arc-proving-finitely)] at node: tool_result; tool calls: [grep_files]
[Structural invariant CVL (golden-arc-proving-finitely)] at node: tools
[Structural invariant CVL (golden-arc-proving-finitely)] at node: tool_result; tool calls: [get_file, get_file]
[Structural invariant CVL (golden-arc-proving-finitely)] at node: tools
[Structural invariant CVL (golden-arc-proving-finitely)] at node: tool_result; tool calls: [get_file]
[Structural invariant CVL (golden-arc-proving-finitely)] at node: tools
[Structural invariant CVL (golden-arc-proving-finitely)] at node: tool_result; tool calls: [get_file]
[Structural invariant CVL (golden-arc-proving-finitely)] at node: tools
[Structural invariant CVL (golden-arc-proving-finitely)] at node: tool_result; tool calls: [get_file]
[Structural invariant CVL (golden-arc-proving-finitely)] at node: tools
[Structural invariant CVL (golden-arc-proving-finitely)] at node: tool_result; tool calls: [erc20_guidance]
[Structural invariant CVL (golden-arc-proving-finitely)] at node: tools
[Structural invariant CVL (golden-arc-proving-finitely)] at node: summarize
[Structural invariant CVL (golden-arc-proving-finitely)] at node: tool_result; tool calls: [memory]
[Structural invariant CVL (golden-arc-proving-finitely)] at node: tools
[Structural invariant CVL (golden-arc-proving-finitely)] at node: tool_result; tool calls: [memory]
[Structural invariant CVL (golden-arc-proving-finitely)] at node: tools
[Structural invariant CVL (golden-arc-proving-finitely)] at node: tool_result; tool calls: [get_cvl]
[Structural invariant CVL (golden-arc-proving-finitely)] at node: tools
[Structural invariant CVL (golden-arc-proving-finitely)] at node: tool_result; tool calls: [verify_spec]
[Structural invariant CVL (golden-arc-proving-finitely)]: prover start
[Structural invariant CVL (golden-arc-proving-finitely)] at node: tools
[Structural invariant CVL (golden-arc-proving-finitely)] at node: tool_result; tool calls: [get_file, get_file]
[Structural invariant CVL (golden-arc-proving-finitely)] at node: tools
[Structural invariant CVL (golden-arc-proving-finitely)] at node: tool_result; tool calls: [get_file]
[Structural invariant CVL (golden-arc-proving-finitely)] at node: tools
[Structural invariant CVL (golden-arc-proving-finitely)] at node: tool_result; tool calls: [get_file]
[Structural invariant CVL (golden-arc-proving-finitely)] at node: tools
[Structural invariant CVL (golden-arc-proving-finitely)] at node: tool_result; tool calls: [get_file]
[Structural invariant CVL (golden-arc-proving-finitely)] at node: tools
[Structural invariant CVL (golden-arc-proving-finitely)] at node: tool_result; tool calls: [get_file]
[Structural invariant CVL (golden-arc-proving-finitely)] at node: tools
[Structural invariant CVL (golden-arc-proving-finitely)] at node: tool_result; tool calls: [get_file]
[Structural invariant CVL (golden-arc-proving-finitely)] at node: tools
[Structural invariant CVL (golden-arc-proving-finitely)] at node: tool_result; tool calls: [get_file]
[Structural invariant CVL (golden-arc-proving-finitely)] at node: tools
[Structural invariant CVL (golden-arc-proving-finitely)] at node: tool_result; tool calls: [put_cvl_raw]
[Structural invariant CVL (golden-arc-proving-finitely)] at node: tools
[Structural invariant CVL (golden-arc-proving-finitely)] at node: tool_result; tool calls: [verify_spec]
[Structural invariant CVL (golden-arc-proving-finitely)]: prover start
[Structural invariant CVL (golden-arc-proving-finitely)] at node: tools
[Structural invariant CVL (golden-arc-proving-finitely)] at node: tool_result; tool calls: [put_cvl_raw]
[Structural invariant CVL (golden-arc-proving-finitely)] at node: tools
[Structural invariant CVL (golden-arc-proving-finitely)] at node: tool_result; tool calls: [verify_spec]
[Structural invariant CVL (golden-arc-proving-finitely)]: prover start
[Structural invariant CVL (golden-arc-proving-finitely)] at node: tools
[Structural invariant CVL (golden-arc-proving-finitely)] at node: tool_result; tool calls: [get_file, get_file]
[Structural invariant CVL (golden-arc-proving-finitely)] at node: tools
[Structural invariant CVL (golden-arc-proving-finitely)] at node: tool_result; tool calls: [put_cvl_raw]
[Structural invariant CVL (golden-arc-proving-finitely)] at node: tools
[Structural invariant CVL (golden-arc-proving-finitely)] at node: tool_result; tool calls: [verify_spec]
[Structural invariant CVL (golden-arc-proving-finitely)]: prover start
[Structural invariant CVL (golden-arc-proving-finitely)] at node: tools
[Structural invariant CVL (golden-arc-proving-finitely)] at node: tool_result; tool calls: [grep_files, grep_files]
[Structural invariant CVL (golden-arc-proving-finitely)] at node: tools
[Structural invariant CVL (golden-arc-proving-finitely)] at node: tool_result; tool calls: [grep_files, grep_files]
[Structural invariant CVL (golden-arc-proving-finitely)] at node: tools
[Structural invariant CVL (golden-arc-proving-finitely)] at node: tool_result; tool calls: [grep_files, grep_files]
[Structural invariant CVL (golden-arc-proving-finitely)] at node: tools
[Structural invariant CVL (golden-arc-proving-finitely)] at node: tool_result; tool calls: [grep_files, grep_files]
[Structural invariant CVL (golden-arc-proving-finitely)] at node: tools
[Structural invariant CVL (golden-arc-proving-finitely)] at node: tool_result; tool calls: [grep_files]
[Structural invariant CVL (golden-arc-proving-finitely)] at node: tools
[Structural invariant CVL (golden-arc-proving-finitely)] at node: tool_result; tool calls: [grep_files]
[Structural invariant CVL (golden-arc-proving-finitely)] at node: tools
[Structural invariant CVL (golden-arc-proving-finitely)] at node: tool_result; tool calls: [grep_files]
[Structural invariant CVL (golden-arc-proving-finitely)] at node: tools
[Structural invariant CVL (golden-arc-proving-finitely)] at node: tool_result; tool calls: [grep_files]
[Structural invariant CVL (golden-arc-proving-finitely)] at node: tools
[Structural invariant CVL (golden-arc-proving-finitely)] at node: tool_result; tool calls: [put_cvl_raw]
[Structural invariant CVL (golden-arc-proving-finitely)] at node: tools
[Structural invariant CVL (golden-arc-proving-finitely)] at node: tool_result; tool calls: [verify_spec]
[Structural invariant CVL (golden-arc-proving-finitely)]: prover start
[Structural invariant CVL (golden-arc-proving-finitely)] at node: tools
[Structural invariant CVL (golden-arc-proving-finitely)] at node: tool_result; tool calls: [grep_files]
[Structural invariant CVL (golden-arc-proving-finitely)] at node: tools
[Structural invariant CVL (golden-arc-proving-finitely)] at node: tool_result; tool calls: [grep_files, grep_files]
[Structural invariant CVL (golden-arc-proving-finitely)] at node: tools
[Structural invariant CVL (golden-arc-proving-finitely)] at node: tool_result; tool calls: [put_cvl_raw]
[Structural invariant CVL (golden-arc-proving-finitely)] at node: tools
[Structural invariant CVL (golden-arc-proving-finitely)] at node: tool_result; tool calls: [verify_spec]
[Structural invariant CVL (golden-arc-proving-finitely)]: prover start
[Structural invariant CVL (golden-arc-proving-finitely)]; prover complete
[Structural invariant CVL (golden-arc-proving-finitely)]: rule analysis start -> clValidatorCountLeDeposited for claimRedeemRequests(uint32[],uint32[])
[Structural invariant CVL (golden-arc-proving-finitely)]: rule analysis start -> committedBalanceIsMultipleOfDepositSize for claimRedeemRequests(uint32[],uint32[])
[Structural invariant CVL (golden-arc-proving-finitely)]: rule analysis start -> globalFeeLeMaxBasisPoints for claimRedeemRequests(uint32[],uint32[])
[Structural invariant CVL (golden-arc-proving-finitely)]: rule analysis complete -> globalFeeLeMaxBasisPoints for claimRedeemRequests(uint32[],uint32[])
[Structural invariant CVL (golden-arc-proving-finitely)]: rule analysis complete -> clValidatorCountLeDeposited for claimRedeemRequests(uint32[],uint32[])
[Structural invariant CVL (golden-arc-proving-finitely)]: rule analysis complete -> committedBalanceIsMultipleOfDepositSize for claimRedeemRequests(uint32[],uint32[])
[Structural invariant CVL (golden-arc-proving-finitely)] at node: tools
[Structural invariant CVL (golden-arc-proving-finitely)] at node: tool_result; tool calls: [grep_files]
[Structural invariant CVL (golden-arc-proving-finitely)] at node: tools
[Structural invariant CVL (golden-arc-proving-finitely)] at node: summarize
[Structural invariant CVL (golden-arc-proving-finitely)] at node: tool_result; tool calls: [memory]
[Structural invariant CVL (golden-arc-proving-finitely)] at node: tools
[Structural invariant CVL (golden-arc-proving-finitely)] at node: tool_result; tool calls: [memory]
[Structural invariant CVL (golden-arc-proving-finitely)] at node: tools
[Structural invariant CVL (golden-arc-proving-finitely)] at node: tool_result; tool calls: [get_file, get_file]
[Structural invariant CVL (golden-arc-proving-finitely)] at node: tools
[Structural invariant CVL (golden-arc-proving-finitely)] at node: tool_result; tool calls: [grep_files]
[Structural invariant CVL (golden-arc-proving-finitely)] at node: tools
[Structural invariant CVL (golden-arc-proving-finitely)] at node: tool_result; tool calls: [get_file]
[Structural invariant CVL (golden-arc-proving-finitely)] at node: tools
[Structural invariant CVL (golden-arc-proving-finitely)] at node: tool_result; tool calls: [grep_files]
[Structural invariant CVL (golden-arc-proving-finitely)] at node: tools
[Structural invariant CVL (golden-arc-proving-finitely)] at node: tool_result; tool calls: [grep_files]
[Structural invariant CVL (golden-arc-proving-finitely)] at node: tools
[Structural invariant CVL (golden-arc-proving-finitely)] at node: tool_result; tool calls: [get_file, get_file]
[Structural invariant CVL (golden-arc-proving-finitely)] at node: tools
[Structural invariant CVL (golden-arc-proving-finitely)] at node: tool_result; tool calls: [grep_files, grep_files]
[Structural invariant CVL (golden-arc-proving-finitely)] at node: tools
[Structural invariant CVL (golden-arc-proving-finitely)] at node: tool_result; tool calls: [list_files]
[Structural invariant CVL (golden-arc-proving-finitely)] at node: tools
[Structural invariant CVL (golden-arc-proving-finitely)] at node: tool_result; tool calls: [get_file, get_file]
[Structural invariant CVL (golden-arc-proving-finitely)] at node: tools
[Structural invariant CVL (golden-arc-proving-finitely)] at node: tool_result; tool calls: [get_file]
[Structural invariant CVL (golden-arc-proving-finitely)] at node: tools
[Structural invariant CVL (golden-arc-proving-finitely)] at node: tool_result; tool calls: [get_file]
[Structural invariant CVL (golden-arc-proving-finitely)] at node: tools
[Structural invariant CVL (golden-arc-proving-finitely)] at node: tool_result; tool calls: [get_file]
[Structural invariant CVL (golden-arc-proving-finitely)] at node: tools
[Structural invariant CVL (golden-arc-proving-finitely)] at node: tool_result; tool calls: [get_file]
[Structural invariant CVL (golden-arc-proving-finitely)] at node: tools
[Structural invariant CVL (golden-arc-proving-finitely)] at node: tool_result; tool calls: [put_cvl_raw]
[Structural invariant CVL (golden-arc-proving-finitely)] at node: tools
[Structural invariant CVL (golden-arc-proving-finitely)] at node: tool_result; tool calls: [get_file]
[Structural invariant CVL (golden-arc-proving-finitely)] at node: tools
[Structural invariant CVL (golden-arc-proving-finitely)] at node: tool_result; tool calls: [grep_files, grep_files]
[Structural invariant CVL (golden-arc-proving-finitely)] at node: tools
[Structural invariant CVL (golden-arc-proving-finitely)] at node: tool_result; tool calls: [grep_files]
[Structural invariant CVL (golden-arc-proving-finitely)] at node: tools
[Structural invariant CVL (golden-arc-proving-finitely)] at node: tool_result; tool calls: [get_file]
[Structural invariant CVL (golden-arc-proving-finitely)] at node: tools
[Structural invariant CVL (golden-arc-proving-finitely)] at node: tool_result; tool calls: [cvl_research]
[Structural invariant CVL (golden-arc-proving-finitely) / CVL Researcher] start  (via tool: toolu_01GqNksP5c6sSFfqLFQU2vv6)
[Structural invariant CVL (golden-arc-proving-finitely) / CVL Researcher] at node: initial; tool calls: [write_rough_draft]
[Structural invariant CVL (golden-arc-proving-finitely) / CVL Researcher] at node: tools
[Structural invariant CVL (golden-arc-proving-finitely) / CVL Researcher] at node: tool_result; tool calls: [read_rough_draft]
[Structural invariant CVL (golden-arc-proving-finitely) / CVL Researcher] at node: tools
[Structural invariant CVL (golden-arc-proving-finitely) / CVL Researcher] at node: tool_result; tool calls: [result]
[Structural invariant CVL (golden-arc-proving-finitely) / CVL Researcher] at node: tools
[Structural invariant CVL (golden-arc-proving-finitely) / CVL Researcher] end
[Structural invariant CVL (golden-arc-proving-finitely)] at node: tools
[Structural invariant CVL (golden-arc-proving-finitely)] at node: tool_result; tool calls: [put_cvl_raw]
[Structural invariant CVL (golden-arc-proving-finitely)] at node: tools
[Structural invariant CVL (golden-arc-proving-finitely)] at node: tool_result; tool calls: [feedback_tool]
[Structural invariant CVL (golden-arc-proving-finitely) / Property feedback judge] start  (via tool: toolu_01PNDj6V3bHZZxYrrBhaj6Vp)
[Structural invariant CVL (golden-arc-proving-finitely) / Property feedback judge] at node: initial; tool calls: [memory]
[Structural invariant CVL (golden-arc-proving-finitely) / Property feedback judge] at node: tools
[Structural invariant CVL (golden-arc-proving-finitely) / Property feedback judge] at node: tool_result; tool calls: [memory]
[Structural invariant CVL (golden-arc-proving-finitely) / Property feedback judge] at node: tools
[Structural invariant CVL (golden-arc-proving-finitely) / Property feedback judge] at node: tool_result; tool calls: [get_cvl]
[Structural invariant CVL (golden-arc-proving-finitely) / Property feedback judge] at node: tools
[Structural invariant CVL (golden-arc-proving-finitely) / Property feedback judge] at node: tool_result; tool calls: [write_rough_draft]
[Structural invariant CVL (golden-arc-proving-finitely) / Property feedback judge] at node: tools
[Structural invariant CVL (golden-arc-proving-finitely) / Property feedback judge] at node: tool_result; tool calls: [memory]
[Structural invariant CVL (golden-arc-proving-finitely) / Property feedback judge] at node: tools
[Structural invariant CVL (golden-arc-proving-finitely) / Property feedback judge] at node: tool_result; tool calls: [memory]
[Structural invariant CVL (golden-arc-proving-finitely) / Property feedback judge] at node: tools
[Structural invariant CVL (golden-arc-proving-finitely) / Property feedback judge] at node: tool_result; tool calls: [result]
[Structural invariant CVL (golden-arc-proving-finitely) / Property feedback judge] at node: tools
[Structural invariant CVL (golden-arc-proving-finitely) / Property feedback judge] at node: tool_result; tool calls: [read_rough_draft]
[Structural invariant CVL (golden-arc-proving-finitely) / Property feedback judge] at node: tools
[Structural invariant CVL (golden-arc-proving-finitely) / Property feedback judge] at node: tool_result; tool calls: [result]
[Structural invariant CVL (golden-arc-proving-finitely) / Property feedback judge] at node: tools
[Structural invariant CVL (golden-arc-proving-finitely) / Property feedback judge] end
[Structural invariant CVL (golden-arc-proving-finitely)] at node: tools
[Structural invariant CVL (golden-arc-proving-finitely)] at node: tool_result; tool calls: [get_file, grep_files]
[Structural invariant CVL (golden-arc-proving-finitely)] at node: tools
[Structural invariant CVL (golden-arc-proving-finitely)] at node: tool_result; tool calls: [grep_files]
[Structural invariant CVL (golden-arc-proving-finitely)] at node: tools
[Structural invariant CVL (golden-arc-proving-finitely)] at node: tool_result; tool calls: [get_file]
[Structural invariant CVL (golden-arc-proving-finitely)] at node: tools
[Structural invariant CVL (golden-arc-proving-finitely)] at node: tool_result; tool calls: [grep_files]
[Structural invariant CVL (golden-arc-proving-finitely)] at node: tools
[Structural invariant CVL (golden-arc-proving-finitely)] at node: tool_result; tool calls: [grep_files]
[Structural invariant CVL (golden-arc-proving-finitely)] at node: tools
[Structural invariant CVL (golden-arc-proving-finitely)] at node: tool_result; tool calls: [grep_files]
[Structural invariant CVL (golden-arc-proving-finitely)] at node: tools
[Structural invariant CVL (golden-arc-proving-finitely)] at node: tool_result; tool calls: [grep_files]
[Structural invariant CVL (golden-arc-proving-finitely)] at node: tools
[Structural invariant CVL (golden-arc-proving-finitely)] at node: tool_result; tool calls: [put_cvl_raw]
[Structural invariant CVL (golden-arc-proving-finitely)] at node: tools
[Structural invariant CVL (golden-arc-proving-finitely)] at node: tool_result; tool calls: [feedback_tool]
[Structural invariant CVL (golden-arc-proving-finitely) / Property feedback judge] start  (via tool: toolu_0125XkDKRtBCfXrRPhnwvcQu)
[Structural invariant CVL (golden-arc-proving-finitely) / Property feedback judge] at node: initial; tool calls: [memory]
[Structural invariant CVL (golden-arc-proving-finitely) / Property feedback judge] at node: tools
[Structural invariant CVL (golden-arc-proving-finitely) / Property feedback judge] at node: tool_result; tool calls: [memory]
[Structural invariant CVL (golden-arc-proving-finitely) / Property feedback judge] at node: tools
[Structural invariant CVL (golden-arc-proving-finitely) / Property feedback judge] at node: tool_result; tool calls: [get_cvl]
[Structural invariant CVL (golden-arc-proving-finitely) / Property feedback judge] at node: tools
[Structural invariant CVL (golden-arc-proving-finitely) / Property feedback judge] at node: tool_result; tool calls: [write_rough_draft]
[Structural invariant CVL (golden-arc-proving-finitely) / Property feedback judge] at node: tools
[Structural invariant CVL (golden-arc-proving-finitely) / Property feedback judge] at node: tool_result; tool calls: [read_rough_draft]
[Structural invariant CVL (golden-arc-proving-finitely) / Property feedback judge] at node: tools
[Structural invariant CVL (golden-arc-proving-finitely) / Property feedback judge] at node: tool_result; tool calls: [memory]
[Structural invariant CVL (golden-arc-proving-finitely) / Property feedback judge] at node: tools
[Structural invariant CVL (golden-arc-proving-finitely) / Property feedback judge] at node: tool_result; tool calls: [memory]
[Structural invariant CVL (golden-arc-proving-finitely) / Property feedback judge] at node: tools
[Structural invariant CVL (golden-arc-proving-finitely) / Property feedback judge] at node: tool_result; tool calls: [result]
[Structural invariant CVL (golden-arc-proving-finitely) / Property feedback judge] at node: tools
[Structural invariant CVL (golden-arc-proving-finitely) / Property feedback judge] end
[Structural invariant CVL (golden-arc-proving-finitely)] at node: tools
[Structural invariant CVL (golden-arc-proving-finitely)] at node: tool_result; tool calls: [memory]
[Structural invariant CVL (golden-arc-proving-finitely)] at node: tools
[Structural invariant CVL (golden-arc-proving-finitely)] at node: tool_result; tool calls: [verify_spec]
[Structural invariant CVL (golden-arc-proving-finitely)]: prover start
[Structural invariant CVL (golden-arc-proving-finitely)]; prover complete
[Structural invariant CVL (golden-arc-proving-finitely)]: rule analysis start -> erc20BalanceLeTotalSupply for setConsensusLayerData((uint256,uint256,uint256,uint256,uint256,uint32,uint32[],bool,bool))
[Structural invariant CVL (golden-arc-proving-finitely)]: rule analysis start -> erc20BalanceLeTotalSupply for transfer(address,uint256)
[Structural invariant CVL (golden-arc-proving-finitely)]: rule analysis start -> erc20BalanceLeTotalSupply for requestRedeem(uint256,address)
[Structural invariant CVL (golden-arc-proving-finitely)]: rule analysis start -> erc20BalanceLeTotalSupply for transferFrom(address,address,uint256)
[Structural invariant CVL (golden-arc-proving-finitely)]: rule analysis start -> erc20TotalSupplyEqSumOfBalances for setConsensusLayerData((uint256,uint256,uint256,uint256,uint256,uint32,uint32[],bool,bool))
[Structural invariant CVL (golden-arc-proving-finitely)]: rule analysis start -> erc20TotalSupplyEqSumOfBalances for <receiveOrFallback>()
[Structural invariant CVL (golden-arc-proving-finitely)]: rule analysis start -> erc20TotalSupplyEqSumOfBalances for deposit()
[Structural invariant CVL (golden-arc-proving-finitely)]: rule analysis start -> erc20TotalSupplyEqSumOfBalances for depositAndTransfer(address)
[Structural invariant CVL (golden-arc-proving-finitely)]: rule analysis start -> erc20TotalSupplyEqSumOfBalances for requestRedeem(uint256,address)
[Structural invariant CVL (golden-arc-proving-finitely)]: rule analysis complete -> erc20TotalSupplyEqSumOfBalances for requestRedeem(uint256,address)
[Structural invariant CVL (golden-arc-proving-finitely)]: rule analysis complete -> erc20TotalSupplyEqSumOfBalances for setConsensusLayerData((uint256,uint256,uint256,uint256,uint256,uint32,uint32[],bool,bool))
[Structural invariant CVL (golden-arc-proving-finitely)]: rule analysis complete -> erc20TotalSupplyEqSumOfBalances for deposit()
[Structural invariant CVL (golden-arc-proving-finitely)]: rule analysis complete -> erc20TotalSupplyEqSumOfBalances for depositAndTransfer(address)
[Structural invariant CVL (golden-arc-proving-finitely)]: rule analysis complete -> erc20TotalSupplyEqSumOfBalances for <receiveOrFallback>()
[Structural invariant CVL (golden-arc-proving-finitely)]: rule analysis complete -> erc20BalanceLeTotalSupply for setConsensusLayerData((uint256,uint256,uint256,uint256,uint256,uint32,uint32[],bool,bool))
[Structural invariant CVL (golden-arc-proving-finitely)]: rule analysis complete -> erc20BalanceLeTotalSupply for transfer(address,uint256)
[Structural invariant CVL (golden-arc-proving-finitely)]: rule analysis complete -> erc20BalanceLeTotalSupply for transferFrom(address,address,uint256)
[Structural invariant CVL (golden-arc-proving-finitely)]: rule analysis complete -> erc20BalanceLeTotalSupply for requestRedeem(uint256,address)
[Structural invariant CVL (golden-arc-proving-finitely)] at node: tools
[Structural invariant CVL (golden-arc-proving-finitely)] at node: summarize
[Structural invariant CVL (golden-arc-proving-finitely)] at node: tool_result; tool calls: [memory]
[Structural invariant CVL (golden-arc-proving-finitely)] at node: tools
[Structural invariant CVL (golden-arc-proving-finitely)] at node: tool_result; tool calls: [memory]
[Structural invariant CVL (golden-arc-proving-finitely)] at node: tools
[Structural invariant CVL (golden-arc-proving-finitely)] at node: tool_result; tool calls: [get_cvl]
[Structural invariant CVL (golden-arc-proving-finitely)] at node: tools
[Structural invariant CVL (golden-arc-proving-finitely)] at node: tool_result; tool calls: [put_cvl_raw]
[Structural invariant CVL (golden-arc-proving-finitely)] at node: tools
[Structural invariant CVL (golden-arc-proving-finitely)] at node: tool_result; tool calls: [memory]
[Structural invariant CVL (golden-arc-proving-finitely)] at node: tools
[Structural invariant CVL (golden-arc-proving-finitely)] at node: tool_result; tool calls: [verify_spec]
[Structural invariant CVL (golden-arc-proving-finitely)]: prover start
[Structural invariant CVL (golden-arc-proving-finitely)]; prover complete
[Structural invariant CVL (golden-arc-proving-finitely)]: rule analysis start -> clValidatorCountLeDeposited for initRiverV1_1(address,uint64,uint64,uint64,uint64,uint64,uint256,uint256,uint128,uint128)
[Structural invariant CVL (golden-arc-proving-finitely)]: rule analysis complete -> clValidatorCountLeDeposited for initRiverV1_1(address,uint64,uint64,uint64,uint64,uint64,uint256,uint256,uint128,uint128)
[Structural invariant CVL (golden-arc-proving-finitely)] at node: tools
[Structural invariant CVL (golden-arc-proving-finitely)] at node: tool_result; tool calls: [put_cvl_raw]
[Structural invariant CVL (golden-arc-proving-finitely)] at node: tools
[Structural invariant CVL (golden-arc-proving-finitely)] at node: tool_result; tool calls: [memory]
[Structural invariant CVL (golden-arc-proving-finitely)] at node: tools
[Structural invariant CVL (golden-arc-proving-finitely)] at node: tool_result; tool calls: [verify_spec]
[Structural invariant CVL (golden-arc-proving-finitely)]: prover start
[Structural invariant CVL (golden-arc-proving-finitely)]; prover complete
[Structural invariant CVL (golden-arc-proving-finitely)] at node: tools
[Structural invariant CVL (golden-arc-proving-finitely)] at node: tool_result; tool calls: [feedback_tool]
[Structural invariant CVL (golden-arc-proving-finitely) / Property feedback judge] start  (via tool: toolu_01FWFvhjMGzwpa2fHmRoToWh)
[Structural invariant CVL (golden-arc-proving-finitely) / Property feedback judge] at node: initial; tool calls: [memory]
[Structural invariant CVL (golden-arc-proving-finitely) / Property feedback judge] at node: tools
[Structural invariant CVL (golden-arc-proving-finitely) / Property feedback judge] at node: tool_result; tool calls: [memory]
[Structural invariant CVL (golden-arc-proving-finitely) / Property feedback judge] at node: tools
[Structural invariant CVL (golden-arc-proving-finitely) / Property feedback judge] at node: tool_result; tool calls: [get_cvl]
[Structural invariant CVL (golden-arc-proving-finitely) / Property feedback judge] at node: tools
[Structural invariant CVL (golden-arc-proving-finitely) / Property feedback judge] at node: tool_result; tool calls: [write_rough_draft]
[Structural invariant CVL (golden-arc-proving-finitely) / Property feedback judge] at node: tools
[Structural invariant CVL (golden-arc-proving-finitely) / Property feedback judge] at node: tool_result; tool calls: [read_rough_draft]
[Structural invariant CVL (golden-arc-proving-finitely) / Property feedback judge] at node: tools
[Structural invariant CVL (golden-arc-proving-finitely) / Property feedback judge] at node: tool_result; tool calls: [memory]
[Structural invariant CVL (golden-arc-proving-finitely) / Property feedback judge] at node: tools
[Structural invariant CVL (golden-arc-proving-finitely) / Property feedback judge] at node: tool_result; tool calls: [memory]
[Structural invariant CVL (golden-arc-proving-finitely) / Property feedback judge] at node: tools
[Structural invariant CVL (golden-arc-proving-finitely) / Property feedback judge] at node: tool_result; tool calls: [result]
[Structural invariant CVL (golden-arc-proving-finitely) / Property feedback judge] at node: tools
[Structural invariant CVL (golden-arc-proving-finitely) / Property feedback judge] end
[Structural invariant CVL (golden-arc-proving-finitely)] at node: tools
[Structural invariant CVL (golden-arc-proving-finitely)] at node: tool_result; tool calls: [memory]
[Structural invariant CVL (golden-arc-proving-finitely)] at node: tools
[Structural invariant CVL (golden-arc-proving-finitely)] at node: tool_result; tool calls: [result]
[Structural invariant CVL (golden-arc-proving-finitely)] at node: tools
[Structural invariant CVL (golden-arc-proving-finitely)] end
[Invariant CVL] ✓ done

────────────────────────────────────────────────────────────
Phase: UserDepositManager
────────────────────────────────────────────────────────────

────────────────────────────────────────────────────────────
Phase: SharesManager (LsETH ERC20)
────────────────────────────────────────────────────────────

────────────────────────────────────────────────────────────
Phase: ConsensusLayerDepositManager
────────────────────────────────────────────────────────────

────────────────────────────────────────────────────────────
Phase: OracleManager
────────────────────────────────────────────────────────────
[Property extraction] start
[Property extraction] start
[Property extraction] start
[Property extraction] start
[Property extraction] at node: initial; tool calls: [list_files, grep_files]
[Property extraction] at node: initial; tool calls: [list_files, code_explorer]
[Property extraction] at node: initial; tool calls: [list_files, code_explorer]
[Property extraction] at node: initial; tool calls: [list_files, code_explorer]
[Property extraction / Code Explorer: What is the implementation of ConsensusLayerDepositManager component, specifically the depositToConsensusLayerWithDepositRoot function and related state variables?] start  (via tool: toolu_01F4kF5FbZHpEuS4gqGEWwET)
[Property extraction / Code Explorer: What is the implementation of the UserDepositManager component? Show me the deposit(), depositAndTransfer(), receive(), and _deposit() functions including their access control checks.] start  (via tool: toolu_01DomwMPUJWeFEVEm2sCU7g9)
[Property extraction / Code Explorer: What are the key state variables and data structures in the SharesManager component? What storage slots/mappings track share balances and total supply?] start  (via tool: toolu_01F9ctRYbL9cP8F4ZTsNLNE9)
[Property extraction / Code Explorer: What is the implementation of ConsensusLayerDepositManager component, specifically the depositToConsensusLayerWithDepositRoot function and related state variables?] at node: initial; tool calls: [get_file]
[Property extraction / Code Explorer: What is the implementation of ConsensusLayerDepositManager component, specifically the depositToConsensusLayerWithDepositRoot function and related state variables?] at node: tools
[Property extraction / Code Explorer: What is the implementation of the UserDepositManager component? Show me the deposit(), depositAndTransfer(), receive(), and _deposit() functions including their access control checks.] at node: initial; tool calls: [get_file]
[Property extraction / Code Explorer: What is the implementation of the UserDepositManager component? Show me the deposit(), depositAndTransfer(), receive(), and _deposit() functions including their access control checks.] at node: tools
[Property extraction / Code Explorer: What are the key state variables and data structures in the SharesManager component? What storage slots/mappings track share balances and total supply?] at node: initial; tool calls: [get_file, get_file, get_file]
[Property extraction / Code Explorer: What are the key state variables and data structures in the SharesManager component? What storage slots/mappings track share balances and total supply?] at node: tools
[Property extraction / Code Explorer: What are the key state variables and data structures in the SharesManager component? What storage slots/mappings track share balances and total supply?] at node: tool_result; tool calls: [get_file]
[Property extraction / Code Explorer: What are the key state variables and data structures in the SharesManager component? What storage slots/mappings track share balances and total supply?] at node: tools
[Property extraction / Code Explorer: What is the implementation of the UserDepositManager component? Show me the deposit(), depositAndTransfer(), receive(), and _deposit() functions including their access control checks.] at node: tool_result; tool calls: [get_file]
[Property extraction / Code Explorer: What is the implementation of the UserDepositManager component? Show me the deposit(), depositAndTransfer(), receive(), and _deposit() functions including their access control checks.] at node: tools
[Property extraction / Code Explorer: What is the implementation of ConsensusLayerDepositManager component, specifically the depositToConsensusLayerWithDepositRoot function and related state variables?] at node: tool_result; tool calls: [get_file, get_file]
[Property extraction / Code Explorer: What is the implementation of ConsensusLayerDepositManager component, specifically the depositToConsensusLayerWithDepositRoot function and related state variables?] at node: tools
[Property extraction / Code Explorer: What is the implementation of the UserDepositManager component? Show me the deposit(), depositAndTransfer(), receive(), and _deposit() functions including their access control checks.] at node: tool_result; tool calls: [get_file, get_file]
[Property extraction / Code Explorer: What is the implementation of the UserDepositManager component? Show me the deposit(), depositAndTransfer(), receive(), and _deposit() functions including their access control checks.] at node: tools
[Property extraction / Code Explorer: What are the key state variables and data structures in the SharesManager component? What storage slots/mappings track share balances and total supply?] at node: tool_result; tool calls: [get_file]
[Property extraction / Code Explorer: What are the key state variables and data structures in the SharesManager component? What storage slots/mappings track share balances and total supply?] at node: tools
[Property extraction / Code Explorer: What is the implementation of ConsensusLayerDepositManager component, specifically the depositToConsensusLayerWithDepositRoot function and related state variables?] at node: tool_result; tool calls: [get_file, get_file, get_file, get_file, get_file]
[Property extraction / Code Explorer: What is the implementation of ConsensusLayerDepositManager component, specifically the depositToConsensusLayerWithDepositRoot function and related state variables?] at node: tools
[Property extraction / Code Explorer: What are the key state variables and data structures in the SharesManager component? What storage slots/mappings track share balances and total supply?] at node: tool_result; tool calls: [result]
[Property extraction / Code Explorer: What are the key state variables and data structures in the SharesManager component? What storage slots/mappings track share balances and total supply?] at node: tools
[Property extraction] at node: tools
[Property extraction / Code Explorer: What are the key state variables and data structures in the SharesManager component? What storage slots/mappings track share balances and total supply?] end
[Property extraction] at node: tool_result; tool calls: [get_file, get_file]
[Property extraction] at node: tools
[Property extraction] at node: tool_result; tool calls: [get_file, get_file]
[Property extraction] at node: tools
[Property extraction] at node: tools
[Property extraction / Code Explorer: What is the implementation of the UserDepositManager component? Show me the deposit(), depositAndTransfer(), receive(), and _deposit() functions including their access control checks.] at node: tool_result; tool calls: [result]
[Property extraction / Code Explorer: What is the implementation of the UserDepositManager component? Show me the deposit(), depositAndTransfer(), receive(), and _deposit() functions including their access control checks.] at node: tools
[Property extraction / Code Explorer: What is the implementation of the UserDepositManager component? Show me the deposit(), depositAndTransfer(), receive(), and _deposit() functions including their access control checks.] end
[Property extraction] at node: tool_result; tool calls: [get_file, get_file]
[Property extraction] at node: tools
[Property extraction] at node: tool_result; tool calls: [get_file, get_file]
[Property extraction] at node: tools
[Property extraction] at node: tool_result; tool calls: [get_file, get_file]
[Property extraction] at node: tools
[Property extraction] at node: tools
[Property extraction / Code Explorer: What is the implementation of ConsensusLayerDepositManager component, specifically the depositToConsensusLayerWithDepositRoot function and related state variables?] at node: tool_result; tool calls: [result]
[Property extraction / Code Explorer: What is the implementation of ConsensusLayerDepositManager component, specifically the depositToConsensusLayerWithDepositRoot function and related state variables?] at node: tools
[Property extraction / Code Explorer: What is the implementation of ConsensusLayerDepositManager component, specifically the depositToConsensusLayerWithDepositRoot function and related state variables?] end
[Property extraction] at node: tool_result; tool calls: [code_explorer, code_explorer]
[Property extraction] at node: tool_result; tool calls: [code_explorer, get_file]
[Property extraction] at node: tools
[Property extraction / Code Explorer: How is _onTransfer implemented in RiverV1? What allowlist checks are performed and when do they revert?] start  (via tool: toolu_01MwVy1Tp5qtV6SgNhtHbMa2)
[Property extraction / Code Explorer: How does _mintShares calculate shares to mint? What is the share minting formula and how does it handle the first deposit / edge cases?] start  (via tool: toolu_0138jdt4LEJ5eKoTF5FCVUHz)
[Property extraction / Code Explorer: How does _onDeposit work in RiverV1? What are the allowlist checks, slashing containment mode checks, and share minting logic? Show the full implementation.] start  (via tool: toolu_017f1gWj157GLkwSqb3UxCuT)
[Property extraction / Code Explorer: How does _onDeposit work in RiverV1? What are the allowlist checks, slashing containment mode checks, and share minting logic? Show the full implementation.] at node: initial; tool calls: [grep_files]
[Property extraction] at node: tool_result; tool calls: [get_file, get_file]
[Property extraction] at node: tools
[Property extraction / Code Explorer: How does _mintShares calculate shares to mint? What is the share minting formula and how does it handle the first deposit / edge cases?] at node: initial; tool calls: [get_file]
[Property extraction / Code Explorer: How does _mintShares calculate shares to mint? What is the share minting formula and how does it handle the first deposit / edge cases?] at node: tools
[Property extraction / Code Explorer: How is _onTransfer implemented in RiverV1? What allowlist checks are performed and when do they revert?] at node: initial; tool calls: [grep_files]
[Property extraction] at node: tool_result; tool calls: [get_file, get_file, get_file]
[Property extraction] at node: tools
[Property extraction / Code Explorer: How does _onDeposit work in RiverV1? What are the allowlist checks, slashing containment mode checks, and share minting logic? Show the full implementation.] at node: tools
[Property extraction / Code Explorer: How is _onTransfer implemented in RiverV1? What allowlist checks are performed and when do they revert?] at node: tools
[Property extraction] at node: tool_result; tool calls: [code_explorer, get_file]
[Property extraction / Code Explorer: How does RiverV1 implement _getSlashingContainmentMode and _setCommittedBalance? What triggers slashing containment mode?] start  (via tool: toolu_01XJT5wj6BkjfLth3cChMtrh)
[Property extraction / Code Explorer: How does _onDeposit work in RiverV1? What are the allowlist checks, slashing containment mode checks, and share minting logic? Show the full implementation.] at node: tool_result; tool calls: [get_file, grep_files]
[Property extraction / Code Explorer: How is _onTransfer implemented in RiverV1? What allowlist checks are performed and when do they revert?] at node: tool_result; tool calls: [get_file, get_file]
[Property extraction / Code Explorer: How is _onTransfer implemented in RiverV1? What allowlist checks are performed and when do they revert?] at node: tools
[Property extraction / Code Explorer: How is _onTransfer implemented in RiverV1? What allowlist checks are performed and when do they revert?] at node: tool_result; tool calls: [get_file, get_file]
[Property extraction / Code Explorer: How is _onTransfer implemented in RiverV1? What allowlist checks are performed and when do they revert?] at node: tools
[Property extraction / Code Explorer: How does _onDeposit work in RiverV1? What are the allowlist checks, slashing containment mode checks, and share minting logic? Show the full implementation.] at node: tools
[Property extraction / Code Explorer: How does RiverV1 implement _getSlashingContainmentMode and _setCommittedBalance? What triggers slashing containment mode?] at node: initial; tool calls: [grep_files, grep_files]
[Property extraction / Code Explorer: How does _onDeposit work in RiverV1? What are the allowlist checks, slashing containment mode checks, and share minting logic? Show the full implementation.] at node: tool_result; tool calls: [get_file, grep_files]
[Property extraction / Code Explorer: How is _onTransfer implemented in RiverV1? What allowlist checks are performed and when do they revert?] at node: tool_result; tool calls: [grep_files, grep_files]
[Property extraction / Code Explorer: How does _mintShares calculate shares to mint? What is the share minting formula and how does it handle the first deposit / edge cases?] at node: tool_result; tool calls: [result]
[Property extraction / Code Explorer: How does _mintShares calculate shares to mint? What is the share minting formula and how does it handle the first deposit / edge cases?] at node: tools
[Property extraction / Code Explorer: How does _mintShares calculate shares to mint? What is the share minting formula and how does it handle the first deposit / edge cases?] end
[Property extraction / Code Explorer: How does RiverV1 implement _getSlashingContainmentMode and _setCommittedBalance? What triggers slashing containment mode?] at node: tools
[Property extraction / Code Explorer: How does RiverV1 implement _getSlashingContainmentMode and _setCommittedBalance? What triggers slashing containment mode?] at node: tool_result; tool calls: [get_file, grep_files]
[Property extraction / Code Explorer: How does _onDeposit work in RiverV1? What are the allowlist checks, slashing containment mode checks, and share minting logic? Show the full implementation.] at node: tools
[Property extraction / Code Explorer: How is _onTransfer implemented in RiverV1? What allowlist checks are performed and when do they revert?] at node: tools
[Property extraction / Code Explorer: How does _onDeposit work in RiverV1? What are the allowlist checks, slashing containment mode checks, and share minting logic? Show the full implementation.] at node: tool_result; tool calls: [get_file, grep_files]
[Property extraction / Code Explorer: How is _onTransfer implemented in RiverV1? What allowlist checks are performed and when do they revert?] at node: tool_result; tool calls: [get_file, grep_files]
[Property extraction / Code Explorer: How does RiverV1 implement _getSlashingContainmentMode and _setCommittedBalance? What triggers slashing containment mode?] at node: tools
[Property extraction / Code Explorer: How does _onDeposit work in RiverV1? What are the allowlist checks, slashing containment mode checks, and share minting logic? Show the full implementation.] at node: tools
[Property extraction / Code Explorer: How does RiverV1 implement _getSlashingContainmentMode and _setCommittedBalance? What triggers slashing containment mode?] at node: tool_result; tool calls: [grep_files, grep_files]
[Property extraction / Code Explorer: How is _onTransfer implemented in RiverV1? What allowlist checks are performed and when do they revert?] at node: tools
[Property extraction / Code Explorer: How is _onTransfer implemented in RiverV1? What allowlist checks are performed and when do they revert?] at node: tool_result; tool calls: [grep_files]
[Property extraction / Code Explorer: How does _onDeposit work in RiverV1? What are the allowlist checks, slashing containment mode checks, and share minting logic? Show the full implementation.] at node: tool_result; tool calls: [get_file, grep_files]
[Property extraction / Code Explorer: How does RiverV1 implement _getSlashingContainmentMode and _setCommittedBalance? What triggers slashing containment mode?] at node: tools
[Property extraction / Code Explorer: How does RiverV1 implement _getSlashingContainmentMode and _setCommittedBalance? What triggers slashing containment mode?] at node: tool_result; tool calls: [grep_files]
[Property extraction / Code Explorer: How is _onTransfer implemented in RiverV1? What allowlist checks are performed and when do they revert?] at node: tools
[Property extraction / Code Explorer: How does _onDeposit work in RiverV1? What are the allowlist checks, slashing containment mode checks, and share minting logic? Show the full implementation.] at node: tools
[Property extraction / Code Explorer: How does _onDeposit work in RiverV1? What are the allowlist checks, slashing containment mode checks, and share minting logic? Show the full implementation.] at node: tool_result; tool calls: [list_files]
[Property extraction / Code Explorer: How is _onTransfer implemented in RiverV1? What allowlist checks are performed and when do they revert?] at node: tool_result; tool calls: [get_file, grep_files]
[Property extraction / Code Explorer: How does RiverV1 implement _getSlashingContainmentMode and _setCommittedBalance? What triggers slashing containment mode?] at node: tools
[Property extraction / Code Explorer: How does RiverV1 implement _getSlashingContainmentMode and _setCommittedBalance? What triggers slashing containment mode?] at node: tool_result; tool calls: [grep_files]
[Property extraction / Code Explorer: How does _onDeposit work in RiverV1? What are the allowlist checks, slashing containment mode checks, and share minting logic? Show the full implementation.] at node: tools
[Property extraction / Code Explorer: How is _onTransfer implemented in RiverV1? What allowlist checks are performed and when do they revert?] at node: tools
[Property extraction / Code Explorer: How does RiverV1 implement _getSlashingContainmentMode and _setCommittedBalance? What triggers slashing containment mode?] at node: tools
[Property extraction / Code Explorer: How does _onDeposit work in RiverV1? What are the allowlist checks, slashing containment mode checks, and share minting logic? Show the full implementation.] at node: tool_result; tool calls: [get_file, get_file]
[Property extraction / Code Explorer: How does _onDeposit work in RiverV1? What are the allowlist checks, slashing containment mode checks, and share minting logic? Show the full implementation.] at node: tools
[Property extraction / Code Explorer: How does RiverV1 implement _getSlashingContainmentMode and _setCommittedBalance? What triggers slashing containment mode?] at node: tool_result; tool calls: [get_file, get_file]
[Property extraction / Code Explorer: How does RiverV1 implement _getSlashingContainmentMode and _setCommittedBalance? What triggers slashing containment mode?] at node: tools
[Property extraction / Code Explorer: How does RiverV1 implement _getSlashingContainmentMode and _setCommittedBalance? What triggers slashing containment mode?] at node: tool_result; tool calls: [get_file, get_file]
[Property extraction / Code Explorer: How does RiverV1 implement _getSlashingContainmentMode and _setCommittedBalance? What triggers slashing containment mode?] at node: tools
[Property extraction / Code Explorer: How does _onDeposit work in RiverV1? What are the allowlist checks, slashing containment mode checks, and share minting logic? Show the full implementation.] at node: tool_result; tool calls: [grep_files, get_file]
[Property extraction / Code Explorer: How does RiverV1 implement _getSlashingContainmentMode and _setCommittedBalance? What triggers slashing containment mode?] at node: tool_result; tool calls: [get_file, get_file]
[Property extraction / Code Explorer: How does RiverV1 implement _getSlashingContainmentMode and _setCommittedBalance? What triggers slashing containment mode?] at node: tools
[Property extraction / Code Explorer: How is _onTransfer implemented in RiverV1? What allowlist checks are performed and when do they revert?] at node: tool_result; tool calls: [result]
[Property extraction / Code Explorer: How is _onTransfer implemented in RiverV1? What allowlist checks are performed and when do they revert?] at node: tools
[Property extraction / Code Explorer: How is _onTransfer implemented in RiverV1? What allowlist checks are performed and when do they revert?] end
[Property extraction / Code Explorer: How does RiverV1 implement _getSlashingContainmentMode and _setCommittedBalance? What triggers slashing containment mode?] at node: tool_result; tool calls: [get_file, get_file]
[Property extraction / Code Explorer: How does RiverV1 implement _getSlashingContainmentMode and _setCommittedBalance? What triggers slashing containment mode?] at node: tools
[Property extraction / Code Explorer: How does _onDeposit work in RiverV1? What are the allowlist checks, slashing containment mode checks, and share minting logic? Show the full implementation.] at node: tools
[Property extraction] at node: tools
[Property extraction / Code Explorer: How does _onDeposit work in RiverV1? What are the allowlist checks, slashing containment mode checks, and share minting logic? Show the full implementation.] at node: tool_result; tool calls: [grep_files, get_file]
[Property extraction / Code Explorer: How does _onDeposit work in RiverV1? What are the allowlist checks, slashing containment mode checks, and share minting logic? Show the full implementation.] at node: tools
[Property extraction] at node: tool_result; tool calls: [code_explorer, code_explorer]
[Property extraction / Code Explorer: How and where is _burnRawShares called in RiverV1? Specifically, how does _reportWithdrawToRedeemManager use _burnRawShares?] start  (via tool: toolu_016jweyM9CVD2M7TFD8Fkicj)
[Property extraction / Code Explorer: Does the transfer() or transferFrom() function check the allowlist when the token is transferred internally (e.g., during requestRedeem)? Are there any internal transfers that bypass the allowlist check?] start  (via tool: toolu_0197QLJ1zCWGpbLHwtheNGTU)
[Property extraction / Code Explorer: How does _onDeposit work in RiverV1? What are the allowlist checks, slashing containment mode checks, and share minting logic? Show the full implementation.] at node: tool_result; tool calls: [grep_files]
[Property extraction / Code Explorer: How and where is _burnRawShares called in RiverV1? Specifically, how does _reportWithdrawToRedeemManager use _burnRawShares?] at node: initial; tool calls: [get_file]
[Property extraction / Code Explorer: How and where is _burnRawShares called in RiverV1? Specifically, how does _reportWithdrawToRedeemManager use _burnRawShares?] at node: tools
[Property extraction / Code Explorer: How does _onDeposit work in RiverV1? What are the allowlist checks, slashing containment mode checks, and share minting logic? Show the full implementation.] at node: tools
[Property extraction / Code Explorer: How does RiverV1 implement _getSlashingContainmentMode and _setCommittedBalance? What triggers slashing containment mode?] at node: tool_result; tool calls: [get_file]
[Property extraction / Code Explorer: How does RiverV1 implement _getSlashingContainmentMode and _setCommittedBalance? What triggers slashing containment mode?] at node: tools
[Property extraction / Code Explorer: How does _onDeposit work in RiverV1? What are the allowlist checks, slashing containment mode checks, and share minting logic? Show the full implementation.] at node: tool_result; tool calls: [grep_files]
[Property extraction / Code Explorer: How does _onDeposit work in RiverV1? What are the allowlist checks, slashing containment mode checks, and share minting logic? Show the full implementation.] at node: tools
[Property extraction / Code Explorer: Does the transfer() or transferFrom() function check the allowlist when the token is transferred internally (e.g., during requestRedeem)? Are there any internal transfers that bypass the allowlist check?] at node: initial; tool calls: [get_file, get_file]
[Property extraction / Code Explorer: Does the transfer() or transferFrom() function check the allowlist when the token is transferred internally (e.g., during requestRedeem)? Are there any internal transfers that bypass the allowlist check?] at node: tools
[Property extraction / Code Explorer: How does _onDeposit work in RiverV1? What are the allowlist checks, slashing containment mode checks, and share minting logic? Show the full implementation.] at node: tool_result; tool calls: [get_file]
[Property extraction / Code Explorer: How does _onDeposit work in RiverV1? What are the allowlist checks, slashing containment mode checks, and share minting logic? Show the full implementation.] at node: tools
[Property extraction / Code Explorer: Does the transfer() or transferFrom() function check the allowlist when the token is transferred internally (e.g., during requestRedeem)? Are there any internal transfers that bypass the allowlist check?] at node: tool_result; tool calls: [grep_files, grep_files]
[Property extraction / Code Explorer: How does _onDeposit work in RiverV1? What are the allowlist checks, slashing containment mode checks, and share minting logic? Show the full implementation.] at node: tool_result; tool calls: [get_file, grep_files]
[Property extraction / Code Explorer: How does RiverV1 implement _getSlashingContainmentMode and _setCommittedBalance? What triggers slashing containment mode?] at node: tool_result; tool calls: [result]
[Property extraction / Code Explorer: How does RiverV1 implement _getSlashingContainmentMode and _setCommittedBalance? What triggers slashing containment mode?] at node: tools
[Property extraction / Code Explorer: How does RiverV1 implement _getSlashingContainmentMode and _setCommittedBalance? What triggers slashing containment mode?] end
[Property extraction / Code Explorer: Does the transfer() or transferFrom() function check the allowlist when the token is transferred internally (e.g., during requestRedeem)? Are there any internal transfers that bypass the allowlist check?] at node: tools
[Property extraction / Code Explorer: How does _onDeposit work in RiverV1? What are the allowlist checks, slashing containment mode checks, and share minting logic? Show the full implementation.] at node: tools
[Property extraction / Code Explorer: Does the transfer() or transferFrom() function check the allowlist when the token is transferred internally (e.g., during requestRedeem)? Are there any internal transfers that bypass the allowlist check?] at node: tool_result; tool calls: [grep_files, grep_files]
[Property extraction / Code Explorer: How does _onDeposit work in RiverV1? What are the allowlist checks, slashing containment mode checks, and share minting logic? Show the full implementation.] at node: tool_result; tool calls: [grep_files]
[Property extraction] at node: tools
[Property extraction / Code Explorer: How and where is _burnRawShares called in RiverV1? Specifically, how does _reportWithdrawToRedeemManager use _burnRawShares?] at node: tool_result; tool calls: [result]
[Property extraction / Code Explorer: How and where is _burnRawShares called in RiverV1? Specifically, how does _reportWithdrawToRedeemManager use _burnRawShares?] at node: tools
[Property extraction / Code Explorer: How and where is _burnRawShares called in RiverV1? Specifically, how does _reportWithdrawToRedeemManager use _burnRawShares?] end
[Property extraction / Code Explorer: Does the transfer() or transferFrom() function check the allowlist when the token is transferred internally (e.g., during requestRedeem)? Are there any internal transfers that bypass the allowlist check?] at node: tools
[Property extraction / Code Explorer: How does _onDeposit work in RiverV1? What are the allowlist checks, slashing containment mode checks, and share minting logic? Show the full implementation.] at node: tools
[Property extraction / Code Explorer: How does _onDeposit work in RiverV1? What are the allowlist checks, slashing containment mode checks, and share minting logic? Show the full implementation.] at node: tool_result; tool calls: [grep_files]
[Property extraction / Code Explorer: Does the transfer() or transferFrom() function check the allowlist when the token is transferred internally (e.g., during requestRedeem)? Are there any internal transfers that bypass the allowlist check?] at node: tool_result; tool calls: [get_file, grep_files]
[Property extraction / Code Explorer: How does _onDeposit work in RiverV1? What are the allowlist checks, slashing containment mode checks, and share minting logic? Show the full implementation.] at node: tools
[Property extraction / Code Explorer: Does the transfer() or transferFrom() function check the allowlist when the token is transferred internally (e.g., during requestRedeem)? Are there any internal transfers that bypass the allowlist check?] at node: tools
[Property extraction / Code Explorer: Does the transfer() or transferFrom() function check the allowlist when the token is transferred internally (e.g., during requestRedeem)? Are there any internal transfers that bypass the allowlist check?] at node: tool_result; tool calls: [grep_files]
[Property extraction / Code Explorer: How does _onDeposit work in RiverV1? What are the allowlist checks, slashing containment mode checks, and share minting logic? Show the full implementation.] at node: tool_result; tool calls: [get_file, get_file]
[Property extraction / Code Explorer: How does _onDeposit work in RiverV1? What are the allowlist checks, slashing containment mode checks, and share minting logic? Show the full implementation.] at node: tools
[Property extraction / Code Explorer: How does _onDeposit work in RiverV1? What are the allowlist checks, slashing containment mode checks, and share minting logic? Show the full implementation.] at node: tool_result; tool calls: [get_file]
[Property extraction / Code Explorer: How does _onDeposit work in RiverV1? What are the allowlist checks, slashing containment mode checks, and share minting logic? Show the full implementation.] at node: tools
[Property extraction / Code Explorer: Does the transfer() or transferFrom() function check the allowlist when the token is transferred internally (e.g., during requestRedeem)? Are there any internal transfers that bypass the allowlist check?] at node: tools
[Property extraction / Code Explorer: Does the transfer() or transferFrom() function check the allowlist when the token is transferred internally (e.g., during requestRedeem)? Are there any internal transfers that bypass the allowlist check?] at node: tool_result; tool calls: [grep_files]
[Property extraction / Code Explorer: Does the transfer() or transferFrom() function check the allowlist when the token is transferred internally (e.g., during requestRedeem)? Are there any internal transfers that bypass the allowlist check?] at node: tools
[Property extraction / Code Explorer: Does the transfer() or transferFrom() function check the allowlist when the token is transferred internally (e.g., during requestRedeem)? Are there any internal transfers that bypass the allowlist check?] at node: tool_result; tool calls: [get_file, get_file]
[Property extraction / Code Explorer: Does the transfer() or transferFrom() function check the allowlist when the token is transferred internally (e.g., during requestRedeem)? Are there any internal transfers that bypass the allowlist check?] at node: tools
[Property extraction / Code Explorer: Does the transfer() or transferFrom() function check the allowlist when the token is transferred internally (e.g., during requestRedeem)? Are there any internal transfers that bypass the allowlist check?] at node: tool_result; tool calls: [get_file]
[Property extraction / Code Explorer: Does the transfer() or transferFrom() function check the allowlist when the token is transferred internally (e.g., during requestRedeem)? Are there any internal transfers that bypass the allowlist check?] at node: tools
[Property extraction / Code Explorer: How does _onDeposit work in RiverV1? What are the allowlist checks, slashing containment mode checks, and share minting logic? Show the full implementation.] at node: tool_result; tool calls: [get_file]
[Property extraction / Code Explorer: How does _onDeposit work in RiverV1? What are the allowlist checks, slashing containment mode checks, and share minting logic? Show the full implementation.] at node: tools
[Property extraction / Code Explorer: How does _onDeposit work in RiverV1? What are the allowlist checks, slashing containment mode checks, and share minting logic? Show the full implementation.] at node: tool_result; tool calls: [grep_files]
[Property extraction / Code Explorer: How does _onDeposit work in RiverV1? What are the allowlist checks, slashing containment mode checks, and share minting logic? Show the full implementation.] at node: tools
[Property extraction / Code Explorer: How does _onDeposit work in RiverV1? What are the allowlist checks, slashing containment mode checks, and share minting logic? Show the full implementation.] at node: tool_result; tool calls: [get_file]
[Property extraction / Code Explorer: How does _onDeposit work in RiverV1? What are the allowlist checks, slashing containment mode checks, and share minting logic? Show the full implementation.] at node: tools
[Property extraction] at node: tool_result; tool calls: [get_file, get_file]
[Property extraction] at node: tools
[Property extraction / Code Explorer: How does _onDeposit work in RiverV1? What are the allowlist checks, slashing containment mode checks, and share minting logic? Show the full implementation.] at node: summarize
[Property extraction / Code Explorer: Does the transfer() or transferFrom() function check the allowlist when the token is transferred internally (e.g., during requestRedeem)? Are there any internal transfers that bypass the allowlist check?] at node: tool_result; tool calls: [grep_files, get_file]
[Property extraction / Code Explorer: Does the transfer() or transferFrom() function check the allowlist when the token is transferred internally (e.g., during requestRedeem)? Are there any internal transfers that bypass the allowlist check?] at node: tools
[Property extraction / Code Explorer: Does the transfer() or transferFrom() function check the allowlist when the token is transferred internally (e.g., during requestRedeem)? Are there any internal transfers that bypass the allowlist check?] at node: tool_result; tool calls: [get_file]
[Property extraction / Code Explorer: Does the transfer() or transferFrom() function check the allowlist when the token is transferred internally (e.g., during requestRedeem)? Are there any internal transfers that bypass the allowlist check?] at node: tools
[Property extraction / Code Explorer: How does _onDeposit work in RiverV1? What are the allowlist checks, slashing containment mode checks, and share minting logic? Show the full implementation.] at node: tool_result; tool calls: [result]
[Property extraction / Code Explorer: How does _onDeposit work in RiverV1? What are the allowlist checks, slashing containment mode checks, and share minting logic? Show the full implementation.] at node: tools
[Property extraction / Code Explorer: How does _onDeposit work in RiverV1? What are the allowlist checks, slashing containment mode checks, and share minting logic? Show the full implementation.] end
[Property extraction] at node: tools
[Property extraction / Code Explorer: Does the transfer() or transferFrom() function check the allowlist when the token is transferred internally (e.g., during requestRedeem)? Are there any internal transfers that bypass the allowlist check?] at node: tool_result; tool calls: [get_file]
[Property extraction / Code Explorer: Does the transfer() or transferFrom() function check the allowlist when the token is transferred internally (e.g., during requestRedeem)? Are there any internal transfers that bypass the allowlist check?] at node: tools
[Property extraction] at node: tool_result; tool calls: [get_file, code_explorer]
[Property extraction] at node: tool_result; tool calls: [write_rough_draft]
[Property extraction] at node: tools
[Property extraction / Code Explorer: How does _mintShares calculate the number of shares to mint? What is the _assetBalance() function? Show the share calculation logic including edge cases when total supply is 0.] start  (via tool: toolu_01LiNKkgsakFsysuwnk4Ytq1)
[Property extraction / Code Explorer: How does _mintShares calculate the number of shares to mint? What is the _assetBalance() function? Show the share calculation logic including edge cases when total supply is 0.] at node: initial; tool calls: [get_file, get_file]
[Property extraction / Code Explorer: How does _mintShares calculate the number of shares to mint? What is the _assetBalance() function? Show the share calculation logic including edge cases when total supply is 0.] at node: tools
[Property extraction / Code Explorer: Does the transfer() or transferFrom() function check the allowlist when the token is transferred internally (e.g., during requestRedeem)? Are there any internal transfers that bypass the allowlist check?] at node: tool_result; tool calls: [result]
[Property extraction / Code Explorer: Does the transfer() or transferFrom() function check the allowlist when the token is transferred internally (e.g., during requestRedeem)? Are there any internal transfers that bypass the allowlist check?] at node: tools
[Property extraction / Code Explorer: Does the transfer() or transferFrom() function check the allowlist when the token is transferred internally (e.g., during requestRedeem)? Are there any internal transfers that bypass the allowlist check?] end
[Property extraction] at node: tools
[Property extraction] at node: tool_result; tool calls: [read_rough_draft]
[Property extraction] at node: tools
[Property extraction / Code Explorer: How does _mintShares calculate the number of shares to mint? What is the _assetBalance() function? Show the share calculation logic including edge cases when total supply is 0.] at node: tool_result; tool calls: [result]
[Property extraction / Code Explorer: How does _mintShares calculate the number of shares to mint? What is the _assetBalance() function? Show the share calculation logic including edge cases when total supply is 0.] at node: tools
[Property extraction / Code Explorer: How does _mintShares calculate the number of shares to mint? What is the _assetBalance() function? Show the share calculation logic including edge cases when total supply is 0.] end
[Property extraction] at node: tools
[Property extraction] at node: tool_result; tool calls: [get_file, code_explorer]
[Property extraction / Code Explorer: How is slashing containment mode stored and checked? What is the _getSlashingContainmentMode() function and what is the LastConsensusLayerReport storage structure?] start  (via tool: toolu_01REW5Wi7NR9j8CeNJ7yerYe)
[Property extraction] at node: tool_result; tool calls: [grep_files, get_file]
[Property extraction] at node: tools
[Property extraction] at node: tool_result; tool calls: [grep_files, get_file]
[Property extraction] at node: tools
[Property extraction / Code Explorer: How is slashing containment mode stored and checked? What is the _getSlashingContainmentMode() function and what is the LastConsensusLayerReport storage structure?] at node: initial; tool calls: [result]
[Property extraction / Code Explorer: How is slashing containment mode stored and checked? What is the _getSlashingContainmentMode() function and what is the LastConsensusLayerReport storage structure?] at node: tools
[Property extraction / Code Explorer: How is slashing containment mode stored and checked? What is the _getSlashingContainmentMode() function and what is the LastConsensusLayerReport storage structure?] end
[Property extraction] at node: tools
[Property extraction] at node: tool_result; tool calls: [code_explorer]
[Property extraction / Code Explorer: What does the AllowlistV1 onlyAllowed and isDenied function do? How are DEPOSIT_MASK, DENY_MASK defined?] start  (via tool: toolu_01P2Lvtkrewm1gATcx3jZ7wv)
[Property extraction] at node: tool_result; tool calls: [code_explorer, get_file]
[Property extraction / Code Explorer: In the setConsensusLayerData function of OracleManager.1.sol, what exactly is tracked in vars.trace.rewards and what is the exact amount passed to _onEarnings? Specifically: does pulledRedeemManagerExceedingEthBuffer get added to rewards, and is there any scenario where coverage funds could indirectly end up in rewards?] start  (via tool: toolu_01JuPb1ow9geVQGwwuryxrCJ)
[Property extraction / Code Explorer: What does the AllowlistV1 onlyAllowed and isDenied function do? How are DEPOSIT_MASK, DENY_MASK defined?] at node: initial; tool calls: [grep_files, grep_files]
[Property extraction] at node: tool_result; tool calls: [code_explorer, get_file]
[Property extraction / Code Explorer: What are all the places where _mintRawShares is called? Who receives newly minted shares (besides depositors)?] start  (via tool: toolu_01CdCMBxviWWjcLEWrVGssot)
[Property extraction] at node: tool_result; tool calls: [result]
[Property extraction] at node: tools
[Property extraction] end
[ConsensusLayerDepositManager] ✓ done

────────────────────────────────────────────────────────────
Phase: River Core (Admin & Redemptions)
────────────────────────────────────────────────────────────
[Property extraction] start
[Property extraction / Code Explorer: In the setConsensusLayerData function of OracleManager.1.sol, what exactly is tracked in vars.trace.rewards and what is the exact amount passed to _onEarnings? Specifically: does pulledRedeemManagerExceedingEthBuffer get added to rewards, and is there any scenario where coverage funds could indirectly end up in rewards?] at node: initial; tool calls: [grep_files, grep_files]
[Property extraction / Code Explorer: What are all the places where _mintRawShares is called? Who receives newly minted shares (besides depositors)?] at node: initial; tool calls: [grep_files]
[Property extraction] at node: initial; tool calls: [list_files, code_explorer]
[Property extraction / Code Explorer: What are the key functions in RiverV1 related to admin configuration setters, requestRedeem, sendELFees, sendCLFunds, sendCoverageFunds, and sendRedeemManagerExceedingFunds? What access controls and checks are applied to each?] start  (via tool: toolu_01AYCVYNrzPt5iUPReXQPQDp)
[Property extraction / Code Explorer: What are the key functions in RiverV1 related to admin configuration setters, requestRedeem, sendELFees, sendCLFunds, sendCoverageFunds, and sendRedeemManagerExceedingFunds? What access controls and checks are applied to each?] at node: initial; tool calls: [get_file]
[Property extraction / Code Explorer: What are the key functions in RiverV1 related to admin configuration setters, requestRedeem, sendELFees, sendCLFunds, sendCoverageFunds, and sendRedeemManagerExceedingFunds? What access controls and checks are applied to each?] at node: tools
[Property extraction / Code Explorer: What are the key functions in RiverV1 related to admin configuration setters, requestRedeem, sendELFees, sendCLFunds, sendCoverageFunds, and sendRedeemManagerExceedingFunds? What access controls and checks are applied to each?] at node: tool_result; tool calls: [get_file, grep_files]
[Property extraction / Code Explorer: What does the AllowlistV1 onlyAllowed and isDenied function do? How are DEPOSIT_MASK, DENY_MASK defined?] at node: tools
[Property extraction / Code Explorer: What does the AllowlistV1 onlyAllowed and isDenied function do? How are DEPOSIT_MASK, DENY_MASK defined?] at node: tool_result; tool calls: [list_files]
[Property extraction / Code Explorer: In the setConsensusLayerData function of OracleManager.1.sol, what exactly is tracked in vars.trace.rewards and what is the exact amount passed to _onEarnings? Specifically: does pulledRedeemManagerExceedingEthBuffer get added to rewards, and is there any scenario where coverage funds could indirectly end up in rewards?] at node: tools
[Property extraction / Code Explorer: In the setConsensusLayerData function of OracleManager.1.sol, what exactly is tracked in vars.trace.rewards and what is the exact amount passed to _onEarnings? Specifically: does pulledRedeemManagerExceedingEthBuffer get added to rewards, and is there any scenario where coverage funds could indirectly end up in rewards?] at node: tool_result; tool calls: [get_file]
[Property extraction / Code Explorer: In the setConsensusLayerData function of OracleManager.1.sol, what exactly is tracked in vars.trace.rewards and what is the exact amount passed to _onEarnings? Specifically: does pulledRedeemManagerExceedingEthBuffer get added to rewards, and is there any scenario where coverage funds could indirectly end up in rewards?] at node: tools
[Property extraction / Code Explorer: What are all the places where _mintRawShares is called? Who receives newly minted shares (besides depositors)?] at node: tools
[Property extraction / Code Explorer: In the setConsensusLayerData function of OracleManager.1.sol, what exactly is tracked in vars.trace.rewards and what is the exact amount passed to _onEarnings? Specifically: does pulledRedeemManagerExceedingEthBuffer get added to rewards, and is there any scenario where coverage funds could indirectly end up in rewards?] at node: tool_result; tool calls: [get_file]
[Property extraction / Code Explorer: In the setConsensusLayerData function of OracleManager.1.sol, what exactly is tracked in vars.trace.rewards and what is the exact amount passed to _onEarnings? Specifically: does pulledRedeemManagerExceedingEthBuffer get added to rewards, and is there any scenario where coverage funds could indirectly end up in rewards?] at node: tools
[Property extraction / Code Explorer: What are the key functions in RiverV1 related to admin configuration setters, requestRedeem, sendELFees, sendCLFunds, sendCoverageFunds, and sendRedeemManagerExceedingFunds? What access controls and checks are applied to each?] at node: tools
[Property extraction / Code Explorer: What does the AllowlistV1 onlyAllowed and isDenied function do? How are DEPOSIT_MASK, DENY_MASK defined?] at node: tools
[Property extraction / Code Explorer: What are all the places where _mintRawShares is called? Who receives newly minted shares (besides depositors)?] at node: tool_result; tool calls: [get_file, get_file]
[Property extraction / Code Explorer: What are all the places where _mintRawShares is called? Who receives newly minted shares (besides depositors)?] at node: tools
[Property extraction / Code Explorer: What are all the places where _mintRawShares is called? Who receives newly minted shares (besides depositors)?] at node: tool_result; tool calls: [get_file, get_file]
[Property extraction / Code Explorer: What are all the places where _mintRawShares is called? Who receives newly minted shares (besides depositors)?] at node: tools
[Property extraction / Code Explorer: What does the AllowlistV1 onlyAllowed and isDenied function do? How are DEPOSIT_MASK, DENY_MASK defined?] at node: tool_result; tool calls: [get_file, get_file]
[Property extraction / Code Explorer: What does the AllowlistV1 onlyAllowed and isDenied function do? How are DEPOSIT_MASK, DENY_MASK defined?] at node: tools
[Property extraction / Code Explorer: What are all the places where _mintRawShares is called? Who receives newly minted shares (besides depositors)?] at node: tool_result; tool calls: [grep_files, grep_files]
[Property extraction / Code Explorer: What are the key functions in RiverV1 related to admin configuration setters, requestRedeem, sendELFees, sendCLFunds, sendCoverageFunds, and sendRedeemManagerExceedingFunds? What access controls and checks are applied to each?] at node: tool_result; tool calls: [grep_files, get_file]
[Property extraction / Code Explorer: In the setConsensusLayerData function of OracleManager.1.sol, what exactly is tracked in vars.trace.rewards and what is the exact amount passed to _onEarnings? Specifically: does pulledRedeemManagerExceedingEthBuffer get added to rewards, and is there any scenario where coverage funds could indirectly end up in rewards?] at node: tool_result; tool calls: [get_file, grep_files]
[Property extraction / Code Explorer: What does the AllowlistV1 onlyAllowed and isDenied function do? How are DEPOSIT_MASK, DENY_MASK defined?] at node: tool_result; tool calls: [result]
[Property extraction / Code Explorer: What does the AllowlistV1 onlyAllowed and isDenied function do? How are DEPOSIT_MASK, DENY_MASK defined?] at node: tools
[Property extraction / Code Explorer: What does the AllowlistV1 onlyAllowed and isDenied function do? How are DEPOSIT_MASK, DENY_MASK defined?] end
[Property extraction / Code Explorer: What are all the places where _mintRawShares is called? Who receives newly minted shares (besides depositors)?] at node: tools
[Property extraction] at node: tools
[Property extraction / Code Explorer: What are all the places where _mintRawShares is called? Who receives newly minted shares (besides depositors)?] at node: tool_result; tool calls: [grep_files]
[Property extraction / Code Explorer: What are the key functions in RiverV1 related to admin configuration setters, requestRedeem, sendELFees, sendCLFunds, sendCoverageFunds, and sendRedeemManagerExceedingFunds? What access controls and checks are applied to each?] at node: tools
[Property extraction / Code Explorer: In the setConsensusLayerData function of OracleManager.1.sol, what exactly is tracked in vars.trace.rewards and what is the exact amount passed to _onEarnings? Specifically: does pulledRedeemManagerExceedingEthBuffer get added to rewards, and is there any scenario where coverage funds could indirectly end up in rewards?] at node: tools
[Property extraction / Code Explorer: What are all the places where _mintRawShares is called? Who receives newly minted shares (besides depositors)?] at node: tools
[Property extraction / Code Explorer: In the setConsensusLayerData function of OracleManager.1.sol, what exactly is tracked in vars.trace.rewards and what is the exact amount passed to _onEarnings? Specifically: does pulledRedeemManagerExceedingEthBuffer get added to rewards, and is there any scenario where coverage funds could indirectly end up in rewards?] at node: tool_result; tool calls: [grep_files]
[Property extraction / Code Explorer: What are the key functions in RiverV1 related to admin configuration setters, requestRedeem, sendELFees, sendCLFunds, sendCoverageFunds, and sendRedeemManagerExceedingFunds? What access controls and checks are applied to each?] at node: tool_result; tool calls: [get_file]
[Property extraction / Code Explorer: What are the key functions in RiverV1 related to admin configuration setters, requestRedeem, sendELFees, sendCLFunds, sendCoverageFunds, and sendRedeemManagerExceedingFunds? What access controls and checks are applied to each?] at node: tools
[Property extraction / Code Explorer: In the setConsensusLayerData function of OracleManager.1.sol, what exactly is tracked in vars.trace.rewards and what is the exact amount passed to _onEarnings? Specifically: does pulledRedeemManagerExceedingEthBuffer get added to rewards, and is there any scenario where coverage funds could indirectly end up in rewards?] at node: tools
[Property extraction / Code Explorer: In the setConsensusLayerData function of OracleManager.1.sol, what exactly is tracked in vars.trace.rewards and what is the exact amount passed to _onEarnings? Specifically: does pulledRedeemManagerExceedingEthBuffer get added to rewards, and is there any scenario where coverage funds could indirectly end up in rewards?] at node: tool_result; tool calls: [grep_files]
[Property extraction / Code Explorer: What are the key functions in RiverV1 related to admin configuration setters, requestRedeem, sendELFees, sendCLFunds, sendCoverageFunds, and sendRedeemManagerExceedingFunds? What access controls and checks are applied to each?] at node: tool_result; tool calls: [grep_files, get_file]
[Property extraction / Code Explorer: What are all the places where _mintRawShares is called? Who receives newly minted shares (besides depositors)?] at node: tool_result; tool calls: [get_file]
[Property extraction / Code Explorer: What are all the places where _mintRawShares is called? Who receives newly minted shares (besides depositors)?] at node: tools
[Property extraction / Code Explorer: In the setConsensusLayerData function of OracleManager.1.sol, what exactly is tracked in vars.trace.rewards and what is the exact amount passed to _onEarnings? Specifically: does pulledRedeemManagerExceedingEthBuffer get added to rewards, and is there any scenario where coverage funds could indirectly end up in rewards?] at node: tools
[Property extraction / Code Explorer: What are the key functions in RiverV1 related to admin configuration setters, requestRedeem, sendELFees, sendCLFunds, sendCoverageFunds, and sendRedeemManagerExceedingFunds? What access controls and checks are applied to each?] at node: tools
[Property extraction / Code Explorer: In the setConsensusLayerData function of OracleManager.1.sol, what exactly is tracked in vars.trace.rewards and what is the exact amount passed to _onEarnings? Specifically: does pulledRedeemManagerExceedingEthBuffer get added to rewards, and is there any scenario where coverage funds could indirectly end up in rewards?] at node: tool_result; tool calls: [grep_files]
[Property extraction / Code Explorer: What are the key functions in RiverV1 related to admin configuration setters, requestRedeem, sendELFees, sendCLFunds, sendCoverageFunds, and sendRedeemManagerExceedingFunds? What access controls and checks are applied to each?] at node: tool_result; tool calls: [grep_files, get_file]
[Property extraction / Code Explorer: In the setConsensusLayerData function of OracleManager.1.sol, what exactly is tracked in vars.trace.rewards and what is the exact amount passed to _onEarnings? Specifically: does pulledRedeemManagerExceedingEthBuffer get added to rewards, and is there any scenario where coverage funds could indirectly end up in rewards?] at node: tools
[Property extraction / Code Explorer: In the setConsensusLayerData function of OracleManager.1.sol, what exactly is tracked in vars.trace.rewards and what is the exact amount passed to _onEarnings? Specifically: does pulledRedeemManagerExceedingEthBuffer get added to rewards, and is there any scenario where coverage funds could indirectly end up in rewards?] at node: tool_result; tool calls: [grep_files]
[Property extraction / Code Explorer: What are the key functions in RiverV1 related to admin configuration setters, requestRedeem, sendELFees, sendCLFunds, sendCoverageFunds, and sendRedeemManagerExceedingFunds? What access controls and checks are applied to each?] at node: tools
[Property extraction / Code Explorer: What are the key functions in RiverV1 related to admin configuration setters, requestRedeem, sendELFees, sendCLFunds, sendCoverageFunds, and sendRedeemManagerExceedingFunds? What access controls and checks are applied to each?] at node: tool_result; tool calls: [grep_files]
[Property extraction / Code Explorer: In the setConsensusLayerData function of OracleManager.1.sol, what exactly is tracked in vars.trace.rewards and what is the exact amount passed to _onEarnings? Specifically: does pulledRedeemManagerExceedingEthBuffer get added to rewards, and is there any scenario where coverage funds could indirectly end up in rewards?] at node: tools
[Property extraction / Code Explorer: What are all the places where _mintRawShares is called? Who receives newly minted shares (besides depositors)?] at node: tool_result; tool calls: [result]
[Property extraction / Code Explorer: What are all the places where _mintRawShares is called? Who receives newly minted shares (besides depositors)?] at node: tools
[Property extraction / Code Explorer: What are all the places where _mintRawShares is called? Who receives newly minted shares (besides depositors)?] end
[Property extraction / Code Explorer: In the setConsensusLayerData function of OracleManager.1.sol, what exactly is tracked in vars.trace.rewards and what is the exact amount passed to _onEarnings? Specifically: does pulledRedeemManagerExceedingEthBuffer get added to rewards, and is there any scenario where coverage funds could indirectly end up in rewards?] at node: tool_result; tool calls: [grep_files]
[Property extraction] at node: tools
[Property extraction / Code Explorer: What are the key functions in RiverV1 related to admin configuration setters, requestRedeem, sendELFees, sendCLFunds, sendCoverageFunds, and sendRedeemManagerExceedingFunds? What access controls and checks are applied to each?] at node: tools
[Property extraction / Code Explorer: In the setConsensusLayerData function of OracleManager.1.sol, what exactly is tracked in vars.trace.rewards and what is the exact amount passed to _onEarnings? Specifically: does pulledRedeemManagerExceedingEthBuffer get added to rewards, and is there any scenario where coverage funds could indirectly end up in rewards?] at node: tools
[Property extraction / Code Explorer: In the setConsensusLayerData function of OracleManager.1.sol, what exactly is tracked in vars.trace.rewards and what is the exact amount passed to _onEarnings? Specifically: does pulledRedeemManagerExceedingEthBuffer get added to rewards, and is there any scenario where coverage funds could indirectly end up in rewards?] at node: tool_result; tool calls: [grep_files]
[Property extraction / Code Explorer: In the setConsensusLayerData function of OracleManager.1.sol, what exactly is tracked in vars.trace.rewards and what is the exact amount passed to _onEarnings? Specifically: does pulledRedeemManagerExceedingEthBuffer get added to rewards, and is there any scenario where coverage funds could indirectly end up in rewards?] at node: tools
[Property extraction / Code Explorer: In the setConsensusLayerData function of OracleManager.1.sol, what exactly is tracked in vars.trace.rewards and what is the exact amount passed to _onEarnings? Specifically: does pulledRedeemManagerExceedingEthBuffer get added to rewards, and is there any scenario where coverage funds could indirectly end up in rewards?] at node: tool_result; tool calls: [get_file]
[Property extraction / Code Explorer: In the setConsensusLayerData function of OracleManager.1.sol, what exactly is tracked in vars.trace.rewards and what is the exact amount passed to _onEarnings? Specifically: does pulledRedeemManagerExceedingEthBuffer get added to rewards, and is there any scenario where coverage funds could indirectly end up in rewards?] at node: tools
[Property extraction / Code Explorer: In the setConsensusLayerData function of OracleManager.1.sol, what exactly is tracked in vars.trace.rewards and what is the exact amount passed to _onEarnings? Specifically: does pulledRedeemManagerExceedingEthBuffer get added to rewards, and is there any scenario where coverage funds could indirectly end up in rewards?] at node: tool_result; tool calls: [grep_files]
[Property extraction / Code Explorer: In the setConsensusLayerData function of OracleManager.1.sol, what exactly is tracked in vars.trace.rewards and what is the exact amount passed to _onEarnings? Specifically: does pulledRedeemManagerExceedingEthBuffer get added to rewards, and is there any scenario where coverage funds could indirectly end up in rewards?] at node: tools
[Property extraction / Code Explorer: In the setConsensusLayerData function of OracleManager.1.sol, what exactly is tracked in vars.trace.rewards and what is the exact amount passed to _onEarnings? Specifically: does pulledRedeemManagerExceedingEthBuffer get added to rewards, and is there any scenario where coverage funds could indirectly end up in rewards?] at node: tool_result; tool calls: [get_file]
[Property extraction / Code Explorer: In the setConsensusLayerData function of OracleManager.1.sol, what exactly is tracked in vars.trace.rewards and what is the exact amount passed to _onEarnings? Specifically: does pulledRedeemManagerExceedingEthBuffer get added to rewards, and is there any scenario where coverage funds could indirectly end up in rewards?] at node: tools
[Property extraction / Code Explorer: What are the key functions in RiverV1 related to admin configuration setters, requestRedeem, sendELFees, sendCLFunds, sendCoverageFunds, and sendRedeemManagerExceedingFunds? What access controls and checks are applied to each?] at node: tool_result; tool calls: [result]
[Property extraction / Code Explorer: What are the key functions in RiverV1 related to admin configuration setters, requestRedeem, sendELFees, sendCLFunds, sendCoverageFunds, and sendRedeemManagerExceedingFunds? What access controls and checks are applied to each?] at node: tools
[Property extraction / Code Explorer: What are the key functions in RiverV1 related to admin configuration setters, requestRedeem, sendELFees, sendCLFunds, sendCoverageFunds, and sendRedeemManagerExceedingFunds? What access controls and checks are applied to each?] end
[Property extraction] at node: tools
[Property extraction] at node: tool_result; tool calls: [get_file, code_explorer]
[Property extraction / Code Explorer: What is the slashing containment mode check (whenNotSlashingContainmentMode modifier)? How is it defined and what state does it read?] start  (via tool: toolu_018aTBKt36VnzkB5CAo2jv1s)
[Property extraction / Code Explorer: In the setConsensusLayerData function of OracleManager.1.sol, what exactly is tracked in vars.trace.rewards and what is the exact amount passed to _onEarnings? Specifically: does pulledRedeemManagerExceedingEthBuffer get added to rewards, and is there any scenario where coverage funds could indirectly end up in rewards?] at node: tool_result; tool calls: [get_file]
[Property extraction / Code Explorer: In the setConsensusLayerData function of OracleManager.1.sol, what exactly is tracked in vars.trace.rewards and what is the exact amount passed to _onEarnings? Specifically: does pulledRedeemManagerExceedingEthBuffer get added to rewards, and is there any scenario where coverage funds could indirectly end up in rewards?] at node: tools
[Property extraction / Code Explorer: What is the slashing containment mode check (whenNotSlashingContainmentMode modifier)? How is it defined and what state does it read?] at node: initial; tool calls: [grep_files]
[Property extraction / Code Explorer: What is the slashing containment mode check (whenNotSlashingContainmentMode modifier)? How is it defined and what state does it read?] at node: tools
[Property extraction / Code Explorer: What is the slashing containment mode check (whenNotSlashingContainmentMode modifier)? How is it defined and what state does it read?] at node: tool_result; tool calls: [get_file, get_file]
[Property extraction / Code Explorer: What is the slashing containment mode check (whenNotSlashingContainmentMode modifier)? How is it defined and what state does it read?] at node: tools
[Property extraction / Code Explorer: What is the slashing containment mode check (whenNotSlashingContainmentMode modifier)? How is it defined and what state does it read?] at node: tool_result; tool calls: [get_file, get_file]
[Property extraction / Code Explorer: What is the slashing containment mode check (whenNotSlashingContainmentMode modifier)? How is it defined and what state does it read?] at node: tools
[Property extraction / Code Explorer: In the setConsensusLayerData function of OracleManager.1.sol, what exactly is tracked in vars.trace.rewards and what is the exact amount passed to _onEarnings? Specifically: does pulledRedeemManagerExceedingEthBuffer get added to rewards, and is there any scenario where coverage funds could indirectly end up in rewards?] at node: tool_result; tool calls: [result]
[Property extraction / Code Explorer: In the setConsensusLayerData function of OracleManager.1.sol, what exactly is tracked in vars.trace.rewards and what is the exact amount passed to _onEarnings? Specifically: does pulledRedeemManagerExceedingEthBuffer get added to rewards, and is there any scenario where coverage funds could indirectly end up in rewards?] at node: tools
[Property extraction / Code Explorer: In the setConsensusLayerData function of OracleManager.1.sol, what exactly is tracked in vars.trace.rewards and what is the exact amount passed to _onEarnings? Specifically: does pulledRedeemManagerExceedingEthBuffer get added to rewards, and is there any scenario where coverage funds could indirectly end up in rewards?] end
[Property extraction] at node: tools
[Property extraction] at node: tool_result; tool calls: [write_rough_draft]
[Property extraction] at node: tools
[Property extraction / Code Explorer: What is the slashing containment mode check (whenNotSlashingContainmentMode modifier)? How is it defined and what state does it read?] at node: tool_result; tool calls: [result]
[Property extraction / Code Explorer: What is the slashing containment mode check (whenNotSlashingContainmentMode modifier)? How is it defined and what state does it read?] at node: tools
[Property extraction / Code Explorer: What is the slashing containment mode check (whenNotSlashingContainmentMode modifier)? How is it defined and what state does it read?] end
[Property extraction] at node: tools
[Property extraction] at node: tool_result; tool calls: [code_explorer, code_explorer]
[Property extraction / Code Explorer: What does GlobalFee.set() validate? What are the valid fee range constraints? Does setGlobalFee have any maximum fee constraint?] start  (via tool: toolu_013w7VTaoga7AaNzUC8GoC4Q)
[Property extraction / Code Explorer: In requestRedeem in RiverV1, what LsETH transfer mechanism is used? Does _transfer check allowances? What happens to LsETH shares when transferred to address(this)? What approval is set in initRiverV1_1 for the RedeemManager?] start  (via tool: toolu_01HceMcv6s3GaWcyJR2qQjbE)
[Property extraction / Code Explorer: In requestRedeem in RiverV1, what LsETH transfer mechanism is used? Does _transfer check allowances? What happens to LsETH shares when transferred to address(this)? What approval is set in initRiverV1_1 for the RedeemManager?] at node: initial; tool calls: [grep_files]
[Property extraction / Code Explorer: In requestRedeem in RiverV1, what LsETH transfer mechanism is used? Does _transfer check allowances? What happens to LsETH shares when transferred to address(this)? What approval is set in initRiverV1_1 for the RedeemManager?] at node: tools
[Property extraction / Code Explorer: In requestRedeem in RiverV1, what LsETH transfer mechanism is used? Does _transfer check allowances? What happens to LsETH shares when transferred to address(this)? What approval is set in initRiverV1_1 for the RedeemManager?] at node: tool_result; tool calls: [get_file]
[Property extraction / Code Explorer: In requestRedeem in RiverV1, what LsETH transfer mechanism is used? Does _transfer check allowances? What happens to LsETH shares when transferred to address(this)? What approval is set in initRiverV1_1 for the RedeemManager?] at node: tools
[Property extraction / Code Explorer: What does GlobalFee.set() validate? What are the valid fee range constraints? Does setGlobalFee have any maximum fee constraint?] at node: initial; tool calls: [result]
[Property extraction / Code Explorer: What does GlobalFee.set() validate? What are the valid fee range constraints? Does setGlobalFee have any maximum fee constraint?] at node: tools
[Property extraction / Code Explorer: What does GlobalFee.set() validate? What are the valid fee range constraints? Does setGlobalFee have any maximum fee constraint?] end
[Property extraction / Code Explorer: In requestRedeem in RiverV1, what LsETH transfer mechanism is used? Does _transfer check allowances? What happens to LsETH shares when transferred to address(this)? What approval is set in initRiverV1_1 for the RedeemManager?] at node: tool_result; tool calls: [get_file, grep_files]
[Property extraction] at node: tool_result; tool calls: [read_rough_draft]
[Property extraction] at node: tools
[Property extraction] at node: tool_result; tool calls: [write_rough_draft]
[Property extraction] at node: tools
[Property extraction / Code Explorer: In requestRedeem in RiverV1, what LsETH transfer mechanism is used? Does _transfer check allowances? What happens to LsETH shares when transferred to address(this)? What approval is set in initRiverV1_1 for the RedeemManager?] at node: tools
[Property extraction / Code Explorer: In requestRedeem in RiverV1, what LsETH transfer mechanism is used? Does _transfer check allowances? What happens to LsETH shares when transferred to address(this)? What approval is set in initRiverV1_1 for the RedeemManager?] at node: tool_result; tool calls: [grep_files, grep_files]
[Property extraction / Code Explorer: In requestRedeem in RiverV1, what LsETH transfer mechanism is used? Does _transfer check allowances? What happens to LsETH shares when transferred to address(this)? What approval is set in initRiverV1_1 for the RedeemManager?] at node: tools
[Property extraction / Code Explorer: In requestRedeem in RiverV1, what LsETH transfer mechanism is used? Does _transfer check allowances? What happens to LsETH shares when transferred to address(this)? What approval is set in initRiverV1_1 for the RedeemManager?] at node: tool_result; tool calls: [get_file]
[Property extraction / Code Explorer: In requestRedeem in RiverV1, what LsETH transfer mechanism is used? Does _transfer check allowances? What happens to LsETH shares when transferred to address(this)? What approval is set in initRiverV1_1 for the RedeemManager?] at node: tools
[Property extraction] at node: tool_result; tool calls: [write_rough_draft]
[Property extraction] at node: tools
[Property extraction / Code Explorer: In requestRedeem in RiverV1, what LsETH transfer mechanism is used? Does _transfer check allowances? What happens to LsETH shares when transferred to address(this)? What approval is set in initRiverV1_1 for the RedeemManager?] at node: tool_result; tool calls: [grep_files, grep_files]
[Property extraction] at node: tool_result; tool calls: [result]
[Property extraction] at node: tools
[Property extraction] end
[UserDepositManager] ✓ done
[Property extraction / Code Explorer: In requestRedeem in RiverV1, what LsETH transfer mechanism is used? Does _transfer check allowances? What happens to LsETH shares when transferred to address(this)? What approval is set in initRiverV1_1 for the RedeemManager?] at node: tools
[Property extraction / Code Explorer: In requestRedeem in RiverV1, what LsETH transfer mechanism is used? Does _transfer check allowances? What happens to LsETH shares when transferred to address(this)? What approval is set in initRiverV1_1 for the RedeemManager?] at node: tool_result; tool calls: [get_file]
[Property extraction / Code Explorer: In requestRedeem in RiverV1, what LsETH transfer mechanism is used? Does _transfer check allowances? What happens to LsETH shares when transferred to address(this)? What approval is set in initRiverV1_1 for the RedeemManager?] at node: tools
[Property extraction / Code Explorer: In requestRedeem in RiverV1, what LsETH transfer mechanism is used? Does _transfer check allowances? What happens to LsETH shares when transferred to address(this)? What approval is set in initRiverV1_1 for the RedeemManager?] at node: tool_result; tool calls: [grep_files, grep_files]
[Property extraction] at node: tool_result; tool calls: [read_rough_draft]
[Property extraction] at node: tools
[Property extraction / Code Explorer: In requestRedeem in RiverV1, what LsETH transfer mechanism is used? Does _transfer check allowances? What happens to LsETH shares when transferred to address(this)? What approval is set in initRiverV1_1 for the RedeemManager?] at node: tools
[Property extraction / Code Explorer: In requestRedeem in RiverV1, what LsETH transfer mechanism is used? Does _transfer check allowances? What happens to LsETH shares when transferred to address(this)? What approval is set in initRiverV1_1 for the RedeemManager?] at node: tool_result; tool calls: [grep_files, grep_files]
[Property extraction / Code Explorer: In requestRedeem in RiverV1, what LsETH transfer mechanism is used? Does _transfer check allowances? What happens to LsETH shares when transferred to address(this)? What approval is set in initRiverV1_1 for the RedeemManager?] at node: tools
[Property extraction] at node: tool_result; tool calls: [read_rough_draft]
[Property extraction] at node: tools
[Property extraction / Code Explorer: In requestRedeem in RiverV1, what LsETH transfer mechanism is used? Does _transfer check allowances? What happens to LsETH shares when transferred to address(this)? What approval is set in initRiverV1_1 for the RedeemManager?] at node: tool_result; tool calls: [get_file]
[Property extraction / Code Explorer: In requestRedeem in RiverV1, what LsETH transfer mechanism is used? Does _transfer check allowances? What happens to LsETH shares when transferred to address(this)? What approval is set in initRiverV1_1 for the RedeemManager?] at node: tools
[Property extraction / Code Explorer: In requestRedeem in RiverV1, what LsETH transfer mechanism is used? Does _transfer check allowances? What happens to LsETH shares when transferred to address(this)? What approval is set in initRiverV1_1 for the RedeemManager?] at node: tool_result; tool calls: [result]
[Property extraction / Code Explorer: In requestRedeem in RiverV1, what LsETH transfer mechanism is used? Does _transfer check allowances? What happens to LsETH shares when transferred to address(this)? What approval is set in initRiverV1_1 for the RedeemManager?] at node: tools
[Property extraction / Code Explorer: In requestRedeem in RiverV1, what LsETH transfer mechanism is used? Does _transfer check allowances? What happens to LsETH shares when transferred to address(this)? What approval is set in initRiverV1_1 for the RedeemManager?] end
[Property extraction] at node: tools
[Property extraction] at node: tool_result; tool calls: [code_explorer, code_explorer]
[Property extraction / Code Explorer: What does the onlyAllowed function in AllowlistV1 actually check? What is REDEEM_MASK? What happens if the allowlist address is set to address(0)?] start  (via tool: toolu_01Wv6fZiBGJ9qRivBzBeNqqs)
[Property extraction / Code Explorer: In the admin setters (setAllowlist, setCollector, setELFeeRecipient, setCoverageFund), are there any zero-address checks? What happens if a zero address is set?] start  (via tool: toolu_01T3Nybzu3Q3oHSD2W5L5rFy)
[Property extraction] at node: tool_result; tool calls: [result]
[Property extraction] at node: tools
[Property extraction] end
[SharesManager (LsETH ERC20)] ✓ done
[Property extraction / Code Explorer: In the admin setters (setAllowlist, setCollector, setELFeeRecipient, setCoverageFund), are there any zero-address checks? What happens if a zero address is set?] at node: initial; tool calls: [grep_files]
[Property extraction / Code Explorer: In the admin setters (setAllowlist, setCollector, setELFeeRecipient, setCoverageFund), are there any zero-address checks? What happens if a zero address is set?] at node: tools
[Property extraction / Code Explorer: What does the onlyAllowed function in AllowlistV1 actually check? What is REDEEM_MASK? What happens if the allowlist address is set to address(0)?] at node: initial; tool calls: [grep_files, grep_files]
[Property extraction / Code Explorer: In the admin setters (setAllowlist, setCollector, setELFeeRecipient, setCoverageFund), are there any zero-address checks? What happens if a zero address is set?] at node: tool_result; tool calls: [grep_files, grep_files, grep_files, grep_files]
[Property extraction / Code Explorer: What does the onlyAllowed function in AllowlistV1 actually check? What is REDEEM_MASK? What happens if the allowlist address is set to address(0)?] at node: tools
[Property extraction / Code Explorer: In the admin setters (setAllowlist, setCollector, setELFeeRecipient, setCoverageFund), are there any zero-address checks? What happens if a zero address is set?] at node: tools
[Property extraction / Code Explorer: What does the onlyAllowed function in AllowlistV1 actually check? What is REDEEM_MASK? What happens if the allowlist address is set to address(0)?] at node: tool_result; tool calls: [get_file, grep_files]
[Property extraction / Code Explorer: In the admin setters (setAllowlist, setCollector, setELFeeRecipient, setCoverageFund), are there any zero-address checks? What happens if a zero address is set?] at node: tool_result; tool calls: [get_file, get_file]
[Property extraction / Code Explorer: In the admin setters (setAllowlist, setCollector, setELFeeRecipient, setCoverageFund), are there any zero-address checks? What happens if a zero address is set?] at node: tools
[Property extraction / Code Explorer: What does the onlyAllowed function in AllowlistV1 actually check? What is REDEEM_MASK? What happens if the allowlist address is set to address(0)?] at node: tools
[Property extraction / Code Explorer: In the admin setters (setAllowlist, setCollector, setELFeeRecipient, setCoverageFund), are there any zero-address checks? What happens if a zero address is set?] at node: tool_result; tool calls: [grep_files, grep_files]
[Property extraction / Code Explorer: What does the onlyAllowed function in AllowlistV1 actually check? What is REDEEM_MASK? What happens if the allowlist address is set to address(0)?] at node: tool_result; tool calls: [get_file, grep_files]
[Property extraction / Code Explorer: In the admin setters (setAllowlist, setCollector, setELFeeRecipient, setCoverageFund), are there any zero-address checks? What happens if a zero address is set?] at node: tools
[Property extraction / Code Explorer: What does the onlyAllowed function in AllowlistV1 actually check? What is REDEEM_MASK? What happens if the allowlist address is set to address(0)?] at node: tools
[Property extraction / Code Explorer: What does the onlyAllowed function in AllowlistV1 actually check? What is REDEEM_MASK? What happens if the allowlist address is set to address(0)?] at node: tool_result; tool calls: [grep_files, list_files]
[Property extraction / Code Explorer: In the admin setters (setAllowlist, setCollector, setELFeeRecipient, setCoverageFund), are there any zero-address checks? What happens if a zero address is set?] at node: tool_result; tool calls: [grep_files, grep_files, grep_files, grep_files]
[Property extraction] at node: tool_result; tool calls: [result]
[Property extraction] at node: tools
[Property extraction] end
[OracleManager] ✓ done
[Property extraction / Code Explorer: What does the onlyAllowed function in AllowlistV1 actually check? What is REDEEM_MASK? What happens if the allowlist address is set to address(0)?] at node: tools
[Property extraction / Code Explorer: What does the onlyAllowed function in AllowlistV1 actually check? What is REDEEM_MASK? What happens if the allowlist address is set to address(0)?] at node: tool_result; tool calls: [get_file, get_file]
[Property extraction / Code Explorer: What does the onlyAllowed function in AllowlistV1 actually check? What is REDEEM_MASK? What happens if the allowlist address is set to address(0)?] at node: tools
[Property extraction / Code Explorer: In the admin setters (setAllowlist, setCollector, setELFeeRecipient, setCoverageFund), are there any zero-address checks? What happens if a zero address is set?] at node: tools
[Property extraction / Code Explorer: In the admin setters (setAllowlist, setCollector, setELFeeRecipient, setCoverageFund), are there any zero-address checks? What happens if a zero address is set?] at node: tool_result; tool calls: [list_files]
[Property extraction / Code Explorer: What does the onlyAllowed function in AllowlistV1 actually check? What is REDEEM_MASK? What happens if the allowlist address is set to address(0)?] at node: tool_result; tool calls: [get_file, get_file]
[Property extraction / Code Explorer: What does the onlyAllowed function in AllowlistV1 actually check? What is REDEEM_MASK? What happens if the allowlist address is set to address(0)?] at node: tools
[Property extraction / Code Explorer: In the admin setters (setAllowlist, setCollector, setELFeeRecipient, setCoverageFund), are there any zero-address checks? What happens if a zero address is set?] at node: tools
[Property extraction / Code Explorer: What does the onlyAllowed function in AllowlistV1 actually check? What is REDEEM_MASK? What happens if the allowlist address is set to address(0)?] at node: tool_result; tool calls: [get_file]
[Property extraction / Code Explorer: What does the onlyAllowed function in AllowlistV1 actually check? What is REDEEM_MASK? What happens if the allowlist address is set to address(0)?] at node: tools
[Property extraction / Code Explorer: In the admin setters (setAllowlist, setCollector, setELFeeRecipient, setCoverageFund), are there any zero-address checks? What happens if a zero address is set?] at node: tool_result; tool calls: [get_file, get_file, get_file, get_file]
[Property extraction / Code Explorer: In the admin setters (setAllowlist, setCollector, setELFeeRecipient, setCoverageFund), are there any zero-address checks? What happens if a zero address is set?] at node: tools
[Property extraction / Code Explorer: In the admin setters (setAllowlist, setCollector, setELFeeRecipient, setCoverageFund), are there any zero-address checks? What happens if a zero address is set?] at node: tool_result; tool calls: [get_file]
[Property extraction / Code Explorer: In the admin setters (setAllowlist, setCollector, setELFeeRecipient, setCoverageFund), are there any zero-address checks? What happens if a zero address is set?] at node: tools
[Property extraction / Code Explorer: What does the onlyAllowed function in AllowlistV1 actually check? What is REDEEM_MASK? What happens if the allowlist address is set to address(0)?] at node: tool_result; tool calls: [result]
[Property extraction / Code Explorer: What does the onlyAllowed function in AllowlistV1 actually check? What is REDEEM_MASK? What happens if the allowlist address is set to address(0)?] at node: tools
[Property extraction / Code Explorer: What does the onlyAllowed function in AllowlistV1 actually check? What is REDEEM_MASK? What happens if the allowlist address is set to address(0)?] end
[Property extraction / Code Explorer: In the admin setters (setAllowlist, setCollector, setELFeeRecipient, setCoverageFund), are there any zero-address checks? What happens if a zero address is set?] at node: tool_result; tool calls: [result]
[Property extraction / Code Explorer: In the admin setters (setAllowlist, setCollector, setELFeeRecipient, setCoverageFund), are there any zero-address checks? What happens if a zero address is set?] at node: tools
[Property extraction / Code Explorer: In the admin setters (setAllowlist, setCollector, setELFeeRecipient, setCoverageFund), are there any zero-address checks? What happens if a zero address is set?] end
[Property extraction] at node: tools
[Property extraction] at node: tool_result; tool calls: [code_explorer, code_explorer]
[Property extraction / Code Explorer: What does the claimRedeemRequests function in RiverV1 do? Does it have any access control? What parameters does it pass to the RedeemManager? What does the RedeemManager's claimRedeemRequests do with the skipAlreadyClaimed flag?] start  (via tool: toolu_01BeByXeqRzRGDaMe8HgKW1N)
[Property extraction / Code Explorer: What does RedeemManagerV1's requestRedeem (3-arg version called by River) do with the _lsETHAmount, _recipient, and _depositor parameters? Does it check the allowlist? Does it enforce slashing containment mode?] start  (via tool: toolu_01HiMqLnYSubePbYJon9x94d)
[Property extraction / Code Explorer: What does the claimRedeemRequests function in RiverV1 do? Does it have any access control? What parameters does it pass to the RedeemManager? What does the RedeemManager's claimRedeemRequests do with the skipAlreadyClaimed flag?] at node: initial; tool calls: [grep_files]
[Property extraction / Code Explorer: What does the claimRedeemRequests function in RiverV1 do? Does it have any access control? What parameters does it pass to the RedeemManager? What does the RedeemManager's claimRedeemRequests do with the skipAlreadyClaimed flag?] at node: tools
[Property extraction / Code Explorer: What does RedeemManagerV1's requestRedeem (3-arg version called by River) do with the _lsETHAmount, _recipient, and _depositor parameters? Does it check the allowlist? Does it enforce slashing containment mode?] at node: initial; tool calls: [grep_files, grep_files]
[Property extraction / Code Explorer: What does the claimRedeemRequests function in RiverV1 do? Does it have any access control? What parameters does it pass to the RedeemManager? What does the RedeemManager's claimRedeemRequests do with the skipAlreadyClaimed flag?] at node: tool_result; tool calls: [get_file, get_file]
[Property extraction / Code Explorer: What does the claimRedeemRequests function in RiverV1 do? Does it have any access control? What parameters does it pass to the RedeemManager? What does the RedeemManager's claimRedeemRequests do with the skipAlreadyClaimed flag?] at node: tools
[Property extraction / Code Explorer: What does the claimRedeemRequests function in RiverV1 do? Does it have any access control? What parameters does it pass to the RedeemManager? What does the RedeemManager's claimRedeemRequests do with the skipAlreadyClaimed flag?] at node: tool_result; tool calls: [get_file]
[Property extraction / Code Explorer: What does the claimRedeemRequests function in RiverV1 do? Does it have any access control? What parameters does it pass to the RedeemManager? What does the RedeemManager's claimRedeemRequests do with the skipAlreadyClaimed flag?] at node: tools
[Property extraction / Code Explorer: What does RedeemManagerV1's requestRedeem (3-arg version called by River) do with the _lsETHAmount, _recipient, and _depositor parameters? Does it check the allowlist? Does it enforce slashing containment mode?] at node: tools
[Property extraction / Code Explorer: What does the claimRedeemRequests function in RiverV1 do? Does it have any access control? What parameters does it pass to the RedeemManager? What does the RedeemManager's claimRedeemRequests do with the skipAlreadyClaimed flag?] at node: tool_result; tool calls: [grep_files]
[Property extraction / Code Explorer: What does the claimRedeemRequests function in RiverV1 do? Does it have any access control? What parameters does it pass to the RedeemManager? What does the RedeemManager's claimRedeemRequests do with the skipAlreadyClaimed flag?] at node: tools
[Property extraction / Code Explorer: What does RedeemManagerV1's requestRedeem (3-arg version called by River) do with the _lsETHAmount, _recipient, and _depositor parameters? Does it check the allowlist? Does it enforce slashing containment mode?] at node: tool_result; tool calls: [get_file, get_file, get_file]
[Property extraction / Code Explorer: What does RedeemManagerV1's requestRedeem (3-arg version called by River) do with the _lsETHAmount, _recipient, and _depositor parameters? Does it check the allowlist? Does it enforce slashing containment mode?] at node: tools
[Property extraction / Code Explorer: What does the claimRedeemRequests function in RiverV1 do? Does it have any access control? What parameters does it pass to the RedeemManager? What does the RedeemManager's claimRedeemRequests do with the skipAlreadyClaimed flag?] at node: tool_result; tool calls: [grep_files]
[Property extraction / Code Explorer: What does the claimRedeemRequests function in RiverV1 do? Does it have any access control? What parameters does it pass to the RedeemManager? What does the RedeemManager's claimRedeemRequests do with the skipAlreadyClaimed flag?] at node: tools
[Property extraction / Code Explorer: What does the claimRedeemRequests function in RiverV1 do? Does it have any access control? What parameters does it pass to the RedeemManager? What does the RedeemManager's claimRedeemRequests do with the skipAlreadyClaimed flag?] at node: tool_result; tool calls: [grep_files]
[Property extraction / Code Explorer: What does the claimRedeemRequests function in RiverV1 do? Does it have any access control? What parameters does it pass to the RedeemManager? What does the RedeemManager's claimRedeemRequests do with the skipAlreadyClaimed flag?] at node: tools
[Property extraction / Code Explorer: What does the claimRedeemRequests function in RiverV1 do? Does it have any access control? What parameters does it pass to the RedeemManager? What does the RedeemManager's claimRedeemRequests do with the skipAlreadyClaimed flag?] at node: tool_result; tool calls: [grep_files]
[Property extraction / Code Explorer: What does the claimRedeemRequests function in RiverV1 do? Does it have any access control? What parameters does it pass to the RedeemManager? What does the RedeemManager's claimRedeemRequests do with the skipAlreadyClaimed flag?] at node: tools
[Property extraction / Code Explorer: What does RedeemManagerV1's requestRedeem (3-arg version called by River) do with the _lsETHAmount, _recipient, and _depositor parameters? Does it check the allowlist? Does it enforce slashing containment mode?] at node: tool_result; tool calls: [result]
[Property extraction / Code Explorer: What does RedeemManagerV1's requestRedeem (3-arg version called by River) do with the _lsETHAmount, _recipient, and _depositor parameters? Does it check the allowlist? Does it enforce slashing containment mode?] at node: tools
[Property extraction / Code Explorer: What does RedeemManagerV1's requestRedeem (3-arg version called by River) do with the _lsETHAmount, _recipient, and _depositor parameters? Does it check the allowlist? Does it enforce slashing containment mode?] end
[Property extraction / Code Explorer: What does the claimRedeemRequests function in RiverV1 do? Does it have any access control? What parameters does it pass to the RedeemManager? What does the RedeemManager's claimRedeemRequests do with the skipAlreadyClaimed flag?] at node: tool_result; tool calls: [grep_files]
[Property extraction / Code Explorer: What does the claimRedeemRequests function in RiverV1 do? Does it have any access control? What parameters does it pass to the RedeemManager? What does the RedeemManager's claimRedeemRequests do with the skipAlreadyClaimed flag?] at node: tools
[Property extraction / Code Explorer: What does the claimRedeemRequests function in RiverV1 do? Does it have any access control? What parameters does it pass to the RedeemManager? What does the RedeemManager's claimRedeemRequests do with the skipAlreadyClaimed flag?] at node: tool_result; tool calls: [result]
[Property extraction / Code Explorer: What does the claimRedeemRequests function in RiverV1 do? Does it have any access control? What parameters does it pass to the RedeemManager? What does the RedeemManager's claimRedeemRequests do with the skipAlreadyClaimed flag?] at node: tools
[Property extraction / Code Explorer: What does the claimRedeemRequests function in RiverV1 do? Does it have any access control? What parameters does it pass to the RedeemManager? What does the RedeemManager's claimRedeemRequests do with the skipAlreadyClaimed flag?] end
[Property extraction] at node: tools
[Property extraction] at node: tool_result; tool calls: [code_explorer, get_file]
[Property extraction / Code Explorer: Does RedeemManagerV1 have any zero-address check on the recipient before storing a redeem request? What happens in requestRedeem if _lsETHAmount = 0?] start  (via tool: toolu_017dTdpkWSt4odRZN2w4emHr)
[Property extraction / Code Explorer: Does RedeemManagerV1 have any zero-address check on the recipient before storing a redeem request? What happens in requestRedeem if _lsETHAmount = 0?] at node: initial; tool calls: [result]
[Property extraction / Code Explorer: Does RedeemManagerV1 have any zero-address check on the recipient before storing a redeem request? What happens in requestRedeem if _lsETHAmount = 0?] at node: tools
[Property extraction / Code Explorer: Does RedeemManagerV1 have any zero-address check on the recipient before storing a redeem request? What happens in requestRedeem if _lsETHAmount = 0?] end
[Property extraction] at node: tools
[Property extraction] at node: tool_result; tool calls: [write_rough_draft]
[Property extraction] at node: tools
[Property extraction] at node: tool_result; tool calls: [read_rough_draft]
[Property extraction] at node: tools
[Property extraction] at node: tool_result; tool calls: [write_rough_draft]
[Property extraction] at node: tools
[Property extraction] at node: tool_result; tool calls: [result]
[Property extraction] at node: tools
[Property extraction] end
[River Core (Admin & Redemptions)] ✓ done

────────────────────────────────────────────────────────────
Phase: UserDepositManager (16 properties)
────────────────────────────────────────────────────────────

────────────────────────────────────────────────────────────
Phase: SharesManager (LsETH ERC20) (21 properties)
────────────────────────────────────────────────────────────

────────────────────────────────────────────────────────────
Phase: ConsensusLayerDepositManager (15 properties)
────────────────────────────────────────────────────────────

────────────────────────────────────────────────────────────
Phase: OracleManager (21 properties)
────────────────────────────────────────────────────────────
[UserDepositManager (16 properties) (tight-analysis-merging-briskly)] start
[SharesManager (LsETH ERC20) (21 properties) (liquid-ideal-pruning-deftly)] start
[ConsensusLayerDepositManager (15 properties) (frozen-keeper-locking-totally)] start
[OracleManager (21 properties) (cobalt-lemma-verifying-keenly)] start
[UserDepositManager (16 properties) (tight-analysis-merging-briskly)] at node: initial; tool calls: [memory]
[UserDepositManager (16 properties) (tight-analysis-merging-briskly)] at node: tools
[SharesManager (LsETH ERC20) (21 properties) (liquid-ideal-pruning-deftly)] at node: initial; tool calls: [memory]
[SharesManager (LsETH ERC20) (21 properties) (liquid-ideal-pruning-deftly)] at node: tools
[ConsensusLayerDepositManager (15 properties) (frozen-keeper-locking-totally)] at node: initial; tool calls: [memory]
[ConsensusLayerDepositManager (15 properties) (frozen-keeper-locking-totally)] at node: tools
[OracleManager (21 properties) (cobalt-lemma-verifying-keenly)] at node: initial; tool calls: [memory]
[OracleManager (21 properties) (cobalt-lemma-verifying-keenly)] at node: tools
[ConsensusLayerDepositManager (15 properties) (frozen-keeper-locking-totally)] at node: tool_result; tool calls: [list_files]
[UserDepositManager (16 properties) (tight-analysis-merging-briskly)] at node: tool_result; tool calls: [list_files]
[OracleManager (21 properties) (cobalt-lemma-verifying-keenly)] at node: tool_result; tool calls: [list_files]
[SharesManager (LsETH ERC20) (21 properties) (liquid-ideal-pruning-deftly)] at node: tool_result; tool calls: [list_files]
[ConsensusLayerDepositManager (15 properties) (frozen-keeper-locking-totally)] at node: tools
[OracleManager (21 properties) (cobalt-lemma-verifying-keenly)] at node: tools
[UserDepositManager (16 properties) (tight-analysis-merging-briskly)] at node: tools
[SharesManager (LsETH ERC20) (21 properties) (liquid-ideal-pruning-deftly)] at node: tools
[ConsensusLayerDepositManager (15 properties) (frozen-keeper-locking-totally)] at node: tool_result; tool calls: [get_file, get_file]
[ConsensusLayerDepositManager (15 properties) (frozen-keeper-locking-totally)] at node: tools
[SharesManager (LsETH ERC20) (21 properties) (liquid-ideal-pruning-deftly)] at node: tool_result; tool calls: [get_file, get_file]
[SharesManager (LsETH ERC20) (21 properties) (liquid-ideal-pruning-deftly)] at node: tools
[UserDepositManager (16 properties) (tight-analysis-merging-briskly)] at node: tool_result; tool calls: [get_file, get_file]
[UserDepositManager (16 properties) (tight-analysis-merging-briskly)] at node: tools
[OracleManager (21 properties) (cobalt-lemma-verifying-keenly)] at node: tool_result; tool calls: [get_file, get_file]
[ConsensusLayerDepositManager (15 properties) (frozen-keeper-locking-totally)] at node: tool_result; tool calls: [get_file, get_file]
[OracleManager (21 properties) (cobalt-lemma-verifying-keenly)] at node: tools
[ConsensusLayerDepositManager (15 properties) (frozen-keeper-locking-totally)] at node: tools
[SharesManager (LsETH ERC20) (21 properties) (liquid-ideal-pruning-deftly)] at node: tool_result; tool calls: [get_file, get_file]
[SharesManager (LsETH ERC20) (21 properties) (liquid-ideal-pruning-deftly)] at node: tools
[UserDepositManager (16 properties) (tight-analysis-merging-briskly)] at node: tool_result; tool calls: [get_file, get_file]
[UserDepositManager (16 properties) (tight-analysis-merging-briskly)] at node: tools
[ConsensusLayerDepositManager (15 properties) (frozen-keeper-locking-totally)] at node: tool_result; tool calls: [get_file, get_file]
[ConsensusLayerDepositManager (15 properties) (frozen-keeper-locking-totally)] at node: tools
[OracleManager (21 properties) (cobalt-lemma-verifying-keenly)] at node: tool_result; tool calls: [get_file, get_file]
[OracleManager (21 properties) (cobalt-lemma-verifying-keenly)] at node: tools
[UserDepositManager (16 properties) (tight-analysis-merging-briskly)] at node: tool_result; tool calls: [get_file, get_file]
[UserDepositManager (16 properties) (tight-analysis-merging-briskly)] at node: tools
[ConsensusLayerDepositManager (15 properties) (frozen-keeper-locking-totally)] at node: tool_result; tool calls: [get_file, get_file]
[ConsensusLayerDepositManager (15 properties) (frozen-keeper-locking-totally)] at node: tools
[OracleManager (21 properties) (cobalt-lemma-verifying-keenly)] at node: tool_result; tool calls: [get_file, get_file]
[OracleManager (21 properties) (cobalt-lemma-verifying-keenly)] at node: tools
[SharesManager (LsETH ERC20) (21 properties) (liquid-ideal-pruning-deftly)] at node: tool_result; tool calls: [get_file, get_file]
[SharesManager (LsETH ERC20) (21 properties) (liquid-ideal-pruning-deftly)] at node: tools
[UserDepositManager (16 properties) (tight-analysis-merging-briskly)] at node: tool_result; tool calls: [get_file, get_file]
[UserDepositManager (16 properties) (tight-analysis-merging-briskly)] at node: tools
[ConsensusLayerDepositManager (15 properties) (frozen-keeper-locking-totally)] at node: tool_result; tool calls: [get_file, get_file, get_file]
[ConsensusLayerDepositManager (15 properties) (frozen-keeper-locking-totally)] at node: tools
[SharesManager (LsETH ERC20) (21 properties) (liquid-ideal-pruning-deftly)] at node: tool_result; tool calls: [get_file, get_file]
[SharesManager (LsETH ERC20) (21 properties) (liquid-ideal-pruning-deftly)] at node: tools
[UserDepositManager (16 properties) (tight-analysis-merging-briskly)] at node: tool_result; tool calls: [get_file, get_file]
[UserDepositManager (16 properties) (tight-analysis-merging-briskly)] at node: tools
[OracleManager (21 properties) (cobalt-lemma-verifying-keenly)] at node: tool_result; tool calls: [get_file, get_file]
[OracleManager (21 properties) (cobalt-lemma-verifying-keenly)] at node: tools
[ConsensusLayerDepositManager (15 properties) (frozen-keeper-locking-totally)] at node: tool_result; tool calls: [get_file, get_file]
[ConsensusLayerDepositManager (15 properties) (frozen-keeper-locking-totally)] at node: tools
[SharesManager (LsETH ERC20) (21 properties) (liquid-ideal-pruning-deftly)] at node: tool_result; tool calls: [get_file, get_file, get_file]
[SharesManager (LsETH ERC20) (21 properties) (liquid-ideal-pruning-deftly)] at node: tools
[UserDepositManager (16 properties) (tight-analysis-merging-briskly)] at node: tool_result; tool calls: [get_file, get_file]
[UserDepositManager (16 properties) (tight-analysis-merging-briskly)] at node: tools
[OracleManager (21 properties) (cobalt-lemma-verifying-keenly)] at node: tool_result; tool calls: [get_file, get_file]
[OracleManager (21 properties) (cobalt-lemma-verifying-keenly)] at node: tools
[ConsensusLayerDepositManager (15 properties) (frozen-keeper-locking-totally)] at node: tool_result; tool calls: [code_explorer, get_file]
[ConsensusLayerDepositManager (15 properties) (frozen-keeper-locking-totally) / Code Explorer: How does _getSlashingContainmentMode() work in RiverV1? What storage slot does it read from, and where is it modified?] start  (via tool: toolu_014uqEgUnQfCoLA8drCZdefT)
[SharesManager (LsETH ERC20) (21 properties) (liquid-ideal-pruning-deftly)] at node: tool_result; tool calls: [get_file, get_file]
[SharesManager (LsETH ERC20) (21 properties) (liquid-ideal-pruning-deftly)] at node: tools
[UserDepositManager (16 properties) (tight-analysis-merging-briskly)] at node: tool_result; tool calls: [get_file, get_file]
[UserDepositManager (16 properties) (tight-analysis-merging-briskly)] at node: tools
[OracleManager (21 properties) (cobalt-lemma-verifying-keenly)] at node: tool_result; tool calls: [get_file, get_file]
[OracleManager (21 properties) (cobalt-lemma-verifying-keenly)] at node: tools
[SharesManager (LsETH ERC20) (21 properties) (liquid-ideal-pruning-deftly)] at node: tool_result; tool calls: [get_file]
[SharesManager (LsETH ERC20) (21 properties) (liquid-ideal-pruning-deftly)] at node: tools
[UserDepositManager (16 properties) (tight-analysis-merging-briskly)] at node: tool_result; tool calls: [get_file]
[UserDepositManager (16 properties) (tight-analysis-merging-briskly)] at node: tools
[OracleManager (21 properties) (cobalt-lemma-verifying-keenly)] at node: tool_result; tool calls: [get_file, get_file]
[OracleManager (21 properties) (cobalt-lemma-verifying-keenly)] at node: tools
[SharesManager (LsETH ERC20) (21 properties) (liquid-ideal-pruning-deftly)] at node: tool_result; tool calls: [grep_files, get_file]
[UserDepositManager (16 properties) (tight-analysis-merging-briskly)] at node: tool_result; tool calls: [get_file, get_file]
[UserDepositManager (16 properties) (tight-analysis-merging-briskly)] at node: tools
[OracleManager (21 properties) (cobalt-lemma-verifying-keenly)] at node: tool_result; tool calls: [get_file, get_file]
[OracleManager (21 properties) (cobalt-lemma-verifying-keenly)] at node: tools
[UserDepositManager (16 properties) (tight-analysis-merging-briskly)] at node: tool_result; tool calls: [get_file, get_file]
[UserDepositManager (16 properties) (tight-analysis-merging-briskly)] at node: tools
[SharesManager (LsETH ERC20) (21 properties) (liquid-ideal-pruning-deftly)] at node: tools
[OracleManager (21 properties) (cobalt-lemma-verifying-keenly)] at node: tool_result; tool calls: [get_file, get_file]
[OracleManager (21 properties) (cobalt-lemma-verifying-keenly)] at node: tools
[SharesManager (LsETH ERC20) (21 properties) (liquid-ideal-pruning-deftly)] at node: tool_result; tool calls: [get_file]
[SharesManager (LsETH ERC20) (21 properties) (liquid-ideal-pruning-deftly)] at node: tools
[UserDepositManager (16 properties) (tight-analysis-merging-briskly)] at node: tool_result; tool calls: [get_file]
[UserDepositManager (16 properties) (tight-analysis-merging-briskly)] at node: tools
[SharesManager (LsETH ERC20) (21 properties) (liquid-ideal-pruning-deftly)] at node: tool_result; tool calls: [get_file, get_file]
[SharesManager (LsETH ERC20) (21 properties) (liquid-ideal-pruning-deftly)] at node: tools
[ConsensusLayerDepositManager (15 properties) (frozen-keeper-locking-totally) / Code Explorer: How does _getSlashingContainmentMode() work in RiverV1? What storage slot does it read from, and where is it modified?] at node: initial; tool calls: [result]
[ConsensusLayerDepositManager (15 properties) (frozen-keeper-locking-totally) / Code Explorer: How does _getSlashingContainmentMode() work in RiverV1? What storage slot does it read from, and where is it modified?] at node: tools
[ConsensusLayerDepositManager (15 properties) (frozen-keeper-locking-totally) / Code Explorer: How does _getSlashingContainmentMode() work in RiverV1? What storage slot does it read from, and where is it modified?] end
[UserDepositManager (16 properties) (tight-analysis-merging-briskly)] at node: tool_result; tool calls: [code_explorer, get_file]
[ConsensusLayerDepositManager (15 properties) (frozen-keeper-locking-totally)] at node: tools
[UserDepositManager (16 properties) (tight-analysis-merging-briskly) / Code Explorer: What are all the public/external getter functions on RiverV1 related to BalanceToDeposit, Shares, SharesPerOwner, and totalUnderlyingSupply that can be used to read state? Also, what is the slashingContainmentMode stored in LastConsensusLayerReport (what type/field)?] start  (via tool: toolu_0121pYqYKxNG1Cm5CzrvZQ3A)
[ConsensusLayerDepositManager (15 properties) (frozen-keeper-locking-totally)] at node: tool_result; tool calls: [get_file, grep_files]
[UserDepositManager (16 properties) (tight-analysis-merging-briskly) / Code Explorer: What are all the public/external getter functions on RiverV1 related to BalanceToDeposit, Shares, SharesPerOwner, and totalUnderlyingSupply that can be used to read state? Also, what is the slashingContainmentMode stored in LastConsensusLayerReport (what type/field)?] at node: initial; tool calls: [grep_files, grep_files]
[ConsensusLayerDepositManager (15 properties) (frozen-keeper-locking-totally)] at node: tools
[ConsensusLayerDepositManager (15 properties) (frozen-keeper-locking-totally)] at node: tool_result; tool calls: [grep_files, get_file]
[UserDepositManager (16 properties) (tight-analysis-merging-briskly) / Code Explorer: What are all the public/external getter functions on RiverV1 related to BalanceToDeposit, Shares, SharesPerOwner, and totalUnderlyingSupply that can be used to read state? Also, what is the slashingContainmentMode stored in LastConsensusLayerReport (what type/field)?] at node: tools
[UserDepositManager (16 properties) (tight-analysis-merging-briskly) / Code Explorer: What are all the public/external getter functions on RiverV1 related to BalanceToDeposit, Shares, SharesPerOwner, and totalUnderlyingSupply that can be used to read state? Also, what is the slashingContainmentMode stored in LastConsensusLayerReport (what type/field)?] at node: tool_result; tool calls: [list_files]
[ConsensusLayerDepositManager (15 properties) (frozen-keeper-locking-totally)] at node: tools
[UserDepositManager (16 properties) (tight-analysis-merging-briskly) / Code Explorer: What are all the public/external getter functions on RiverV1 related to BalanceToDeposit, Shares, SharesPerOwner, and totalUnderlyingSupply that can be used to read state? Also, what is the slashingContainmentMode stored in LastConsensusLayerReport (what type/field)?] at node: tools
[ConsensusLayerDepositManager (15 properties) (frozen-keeper-locking-totally)] at node: tool_result; tool calls: [cvl_research, get_file]
[ConsensusLayerDepositManager (15 properties) (frozen-keeper-locking-totally) / CVL Researcher] start  (via tool: toolu_01K9KN88ombc7EJi18GcxyBk)
[UserDepositManager (16 properties) (tight-analysis-merging-briskly) / Code Explorer: What are all the public/external getter functions on RiverV1 related to BalanceToDeposit, Shares, SharesPerOwner, and totalUnderlyingSupply that can be used to read state? Also, what is the slashingContainmentMode stored in LastConsensusLayerReport (what type/field)?] at node: tool_result; tool calls: [get_file, get_file]
[UserDepositManager (16 properties) (tight-analysis-merging-briskly) / Code Explorer: What are all the public/external getter functions on RiverV1 related to BalanceToDeposit, Shares, SharesPerOwner, and totalUnderlyingSupply that can be used to read state? Also, what is the slashingContainmentMode stored in LastConsensusLayerReport (what type/field)?] at node: tools
[SharesManager (LsETH ERC20) (21 properties) (liquid-ideal-pruning-deftly)] at node: tool_result; tool calls: [memory]
[SharesManager (LsETH ERC20) (21 properties) (liquid-ideal-pruning-deftly)] at node: tools
[UserDepositManager (16 properties) (tight-analysis-merging-briskly) / Code Explorer: What are all the public/external getter functions on RiverV1 related to BalanceToDeposit, Shares, SharesPerOwner, and totalUnderlyingSupply that can be used to read state? Also, what is the slashingContainmentMode stored in LastConsensusLayerReport (what type/field)?] at node: tool_result; tool calls: [get_file, get_file, get_file]
[UserDepositManager (16 properties) (tight-analysis-merging-briskly) / Code Explorer: What are all the public/external getter functions on RiverV1 related to BalanceToDeposit, Shares, SharesPerOwner, and totalUnderlyingSupply that can be used to read state? Also, what is the slashingContainmentMode stored in LastConsensusLayerReport (what type/field)?] at node: tools
[SharesManager (LsETH ERC20) (21 properties) (liquid-ideal-pruning-deftly)] at node: tool_result; tool calls: [get_file]
[SharesManager (LsETH ERC20) (21 properties) (liquid-ideal-pruning-deftly)] at node: tools
[UserDepositManager (16 properties) (tight-analysis-merging-briskly) / Code Explorer: What are all the public/external getter functions on RiverV1 related to BalanceToDeposit, Shares, SharesPerOwner, and totalUnderlyingSupply that can be used to read state? Also, what is the slashingContainmentMode stored in LastConsensusLayerReport (what type/field)?] at node: tool_result; tool calls: [grep_files, get_file]
[UserDepositManager (16 properties) (tight-analysis-merging-briskly) / Code Explorer: What are all the public/external getter functions on RiverV1 related to BalanceToDeposit, Shares, SharesPerOwner, and totalUnderlyingSupply that can be used to read state? Also, what is the slashingContainmentMode stored in LastConsensusLayerReport (what type/field)?] at node: tools
[UserDepositManager (16 properties) (tight-analysis-merging-briskly) / Code Explorer: What are all the public/external getter functions on RiverV1 related to BalanceToDeposit, Shares, SharesPerOwner, and totalUnderlyingSupply that can be used to read state? Also, what is the slashingContainmentMode stored in LastConsensusLayerReport (what type/field)?] at node: tool_result; tool calls: [get_file]
[UserDepositManager (16 properties) (tight-analysis-merging-briskly) / Code Explorer: What are all the public/external getter functions on RiverV1 related to BalanceToDeposit, Shares, SharesPerOwner, and totalUnderlyingSupply that can be used to read state? Also, what is the slashingContainmentMode stored in LastConsensusLayerReport (what type/field)?] at node: tools
[UserDepositManager (16 properties) (tight-analysis-merging-briskly) / Code Explorer: What are all the public/external getter functions on RiverV1 related to BalanceToDeposit, Shares, SharesPerOwner, and totalUnderlyingSupply that can be used to read state? Also, what is the slashingContainmentMode stored in LastConsensusLayerReport (what type/field)?] at node: tool_result; tool calls: [grep_files]
[UserDepositManager (16 properties) (tight-analysis-merging-briskly) / Code Explorer: What are all the public/external getter functions on RiverV1 related to BalanceToDeposit, Shares, SharesPerOwner, and totalUnderlyingSupply that can be used to read state? Also, what is the slashingContainmentMode stored in LastConsensusLayerReport (what type/field)?] at node: tools
[UserDepositManager (16 properties) (tight-analysis-merging-briskly) / Code Explorer: What are all the public/external getter functions on RiverV1 related to BalanceToDeposit, Shares, SharesPerOwner, and totalUnderlyingSupply that can be used to read state? Also, what is the slashingContainmentMode stored in LastConsensusLayerReport (what type/field)?] at node: tool_result; tool calls: [get_file]
[UserDepositManager (16 properties) (tight-analysis-merging-briskly) / Code Explorer: What are all the public/external getter functions on RiverV1 related to BalanceToDeposit, Shares, SharesPerOwner, and totalUnderlyingSupply that can be used to read state? Also, what is the slashingContainmentMode stored in LastConsensusLayerReport (what type/field)?] at node: tools
[ConsensusLayerDepositManager (15 properties) (frozen-keeper-locking-totally) / CVL Researcher] at node: initial; tool calls: [write_rough_draft]
[ConsensusLayerDepositManager (15 properties) (frozen-keeper-locking-totally) / CVL Researcher] at node: tools
[ConsensusLayerDepositManager (15 properties) (frozen-keeper-locking-totally) / CVL Researcher] at node: tool_result; tool calls: [read_rough_draft]
[ConsensusLayerDepositManager (15 properties) (frozen-keeper-locking-totally) / CVL Researcher] at node: tools
[UserDepositManager (16 properties) (tight-analysis-merging-briskly) / Code Explorer: What are all the public/external getter functions on RiverV1 related to BalanceToDeposit, Shares, SharesPerOwner, and totalUnderlyingSupply that can be used to read state? Also, what is the slashingContainmentMode stored in LastConsensusLayerReport (what type/field)?] at node: tool_result; tool calls: [get_file]
[UserDepositManager (16 properties) (tight-analysis-merging-briskly) / Code Explorer: What are all the public/external getter functions on RiverV1 related to BalanceToDeposit, Shares, SharesPerOwner, and totalUnderlyingSupply that can be used to read state? Also, what is the slashingContainmentMode stored in LastConsensusLayerReport (what type/field)?] at node: tools
[UserDepositManager (16 properties) (tight-analysis-merging-briskly) / Code Explorer: What are all the public/external getter functions on RiverV1 related to BalanceToDeposit, Shares, SharesPerOwner, and totalUnderlyingSupply that can be used to read state? Also, what is the slashingContainmentMode stored in LastConsensusLayerReport (what type/field)?] at node: tool_result; tool calls: [grep_files]
[UserDepositManager (16 properties) (tight-analysis-merging-briskly) / Code Explorer: What are all the public/external getter functions on RiverV1 related to BalanceToDeposit, Shares, SharesPerOwner, and totalUnderlyingSupply that can be used to read state? Also, what is the slashingContainmentMode stored in LastConsensusLayerReport (what type/field)?] at node: tools
[UserDepositManager (16 properties) (tight-analysis-merging-briskly) / Code Explorer: What are all the public/external getter functions on RiverV1 related to BalanceToDeposit, Shares, SharesPerOwner, and totalUnderlyingSupply that can be used to read state? Also, what is the slashingContainmentMode stored in LastConsensusLayerReport (what type/field)?] at node: tool_result; tool calls: [get_file]
[UserDepositManager (16 properties) (tight-analysis-merging-briskly) / Code Explorer: What are all the public/external getter functions on RiverV1 related to BalanceToDeposit, Shares, SharesPerOwner, and totalUnderlyingSupply that can be used to read state? Also, what is the slashingContainmentMode stored in LastConsensusLayerReport (what type/field)?] at node: tools
[UserDepositManager (16 properties) (tight-analysis-merging-briskly) / Code Explorer: What are all the public/external getter functions on RiverV1 related to BalanceToDeposit, Shares, SharesPerOwner, and totalUnderlyingSupply that can be used to read state? Also, what is the slashingContainmentMode stored in LastConsensusLayerReport (what type/field)?] at node: tool_result; tool calls: [get_file]
[UserDepositManager (16 properties) (tight-analysis-merging-briskly) / Code Explorer: What are all the public/external getter functions on RiverV1 related to BalanceToDeposit, Shares, SharesPerOwner, and totalUnderlyingSupply that can be used to read state? Also, what is the slashingContainmentMode stored in LastConsensusLayerReport (what type/field)?] at node: tools
[ConsensusLayerDepositManager (15 properties) (frozen-keeper-locking-totally) / CVL Researcher] at node: tool_result; tool calls: [result]
[ConsensusLayerDepositManager (15 properties) (frozen-keeper-locking-totally) / CVL Researcher] at node: tools
[ConsensusLayerDepositManager (15 properties) (frozen-keeper-locking-totally) / CVL Researcher] end
[ConsensusLayerDepositManager (15 properties) (frozen-keeper-locking-totally)] at node: tools
[OracleManager (21 properties) (cobalt-lemma-verifying-keenly)] at node: tool_result; tool calls: [get_file, get_file]
[OracleManager (21 properties) (cobalt-lemma-verifying-keenly)] at node: tools
[UserDepositManager (16 properties) (tight-analysis-merging-briskly) / Code Explorer: What are all the public/external getter functions on RiverV1 related to BalanceToDeposit, Shares, SharesPerOwner, and totalUnderlyingSupply that can be used to read state? Also, what is the slashingContainmentMode stored in LastConsensusLayerReport (what type/field)?] at node: tool_result; tool calls: [result]
[UserDepositManager (16 properties) (tight-analysis-merging-briskly) / Code Explorer: What are all the public/external getter functions on RiverV1 related to BalanceToDeposit, Shares, SharesPerOwner, and totalUnderlyingSupply that can be used to read state? Also, what is the slashingContainmentMode stored in LastConsensusLayerReport (what type/field)?] at node: tools
[UserDepositManager (16 properties) (tight-analysis-merging-briskly) / Code Explorer: What are all the public/external getter functions on RiverV1 related to BalanceToDeposit, Shares, SharesPerOwner, and totalUnderlyingSupply that can be used to read state? Also, what is the slashingContainmentMode stored in LastConsensusLayerReport (what type/field)?] end
[UserDepositManager (16 properties) (tight-analysis-merging-briskly)] at node: tools
[UserDepositManager (16 properties) (tight-analysis-merging-briskly)] at node: tool_result; tool calls: [get_file, get_file]
[UserDepositManager (16 properties) (tight-analysis-merging-briskly)] at node: tools
[SharesManager (LsETH ERC20) (21 properties) (liquid-ideal-pruning-deftly)] at node: tool_result; tool calls: [grep_files, grep_files]
[SharesManager (LsETH ERC20) (21 properties) (liquid-ideal-pruning-deftly)] at node: tools
[SharesManager (LsETH ERC20) (21 properties) (liquid-ideal-pruning-deftly)] at node: tool_result; tool calls: [grep_files, cvl_research]
[SharesManager (LsETH ERC20) (21 properties) (liquid-ideal-pruning-deftly) / CVL Researcher] start  (via tool: toolu_01YHEk4msKDRM1yw4qNcNJnt)
[SharesManager (LsETH ERC20) (21 properties) (liquid-ideal-pruning-deftly) / CVL Researcher] at node: initial; tool calls: [write_rough_draft]
[SharesManager (LsETH ERC20) (21 properties) (liquid-ideal-pruning-deftly) / CVL Researcher] at node: tools
[SharesManager (LsETH ERC20) (21 properties) (liquid-ideal-pruning-deftly) / CVL Researcher] at node: tool_result; tool calls: [read_rough_draft]
[SharesManager (LsETH ERC20) (21 properties) (liquid-ideal-pruning-deftly) / CVL Researcher] at node: tools
[SharesManager (LsETH ERC20) (21 properties) (liquid-ideal-pruning-deftly) / CVL Researcher] at node: tool_result; tool calls: [result]
[SharesManager (LsETH ERC20) (21 properties) (liquid-ideal-pruning-deftly) / CVL Researcher] at node: tools
[SharesManager (LsETH ERC20) (21 properties) (liquid-ideal-pruning-deftly) / CVL Researcher] end
[ConsensusLayerDepositManager (15 properties) (frozen-keeper-locking-totally)] at node: tool_result; tool calls: [get_file, get_file]
[ConsensusLayerDepositManager (15 properties) (frozen-keeper-locking-totally)] at node: tools
[SharesManager (LsETH ERC20) (21 properties) (liquid-ideal-pruning-deftly)] at node: tools
[SharesManager (LsETH ERC20) (21 properties) (liquid-ideal-pruning-deftly)] at node: tool_result; tool calls: [grep_files, get_file]
[SharesManager (LsETH ERC20) (21 properties) (liquid-ideal-pruning-deftly)] at node: tools
[SharesManager (LsETH ERC20) (21 properties) (liquid-ideal-pruning-deftly)] at node: tool_result; tool calls: [get_file]
[SharesManager (LsETH ERC20) (21 properties) (liquid-ideal-pruning-deftly)] at node: tools
[SharesManager (LsETH ERC20) (21 properties) (liquid-ideal-pruning-deftly)] at node: tool_result; tool calls: [get_file]
[SharesManager (LsETH ERC20) (21 properties) (liquid-ideal-pruning-deftly)] at node: tools
[SharesManager (LsETH ERC20) (21 properties) (liquid-ideal-pruning-deftly)] at node: tool_result; tool calls: [grep_files, get_file]
[SharesManager (LsETH ERC20) (21 properties) (liquid-ideal-pruning-deftly)] at node: tools
[SharesManager (LsETH ERC20) (21 properties) (liquid-ideal-pruning-deftly)] at node: tool_result; tool calls: [get_file]
[SharesManager (LsETH ERC20) (21 properties) (liquid-ideal-pruning-deftly)] at node: tools
[OracleManager (21 properties) (cobalt-lemma-verifying-keenly)] at node: tool_result; tool calls: [get_file]
[OracleManager (21 properties) (cobalt-lemma-verifying-keenly)] at node: tools
[SharesManager (LsETH ERC20) (21 properties) (liquid-ideal-pruning-deftly)] at node: tool_result; tool calls: [grep_files]
[SharesManager (LsETH ERC20) (21 properties) (liquid-ideal-pruning-deftly)] at node: tools
[UserDepositManager (16 properties) (tight-analysis-merging-briskly)] at node: tool_result; tool calls: [cvl_research, cvl_research]
[UserDepositManager (16 properties) (tight-analysis-merging-briskly) / CVL Researcher] start  (via tool: toolu_01V673xxpTEzZ3xxKfbaPB7g)
[UserDepositManager (16 properties) (tight-analysis-merging-briskly) / CVL Researcher] start  (via tool: toolu_01X78dByrrsrEG3QWH4UDB6W)
[UserDepositManager (16 properties) (tight-analysis-merging-briskly) / CVL Researcher] at node: initial; tool calls: [cvl_manual_search, cvl_keyword_search]
[UserDepositManager (16 properties) (tight-analysis-merging-briskly) / CVL Researcher] at node: tools
[UserDepositManager (16 properties) (tight-analysis-merging-briskly) / CVL Researcher] at node: initial; tool calls: [cvl_keyword_search, cvl_manual_search]
[UserDepositManager (16 properties) (tight-analysis-merging-briskly) / CVL Researcher] at node: tool_result; tool calls: [cvl_manual_search, cvl_keyword_search]
[UserDepositManager (16 properties) (tight-analysis-merging-briskly) / CVL Researcher] at node: tools
[UserDepositManager (16 properties) (tight-analysis-merging-briskly) / CVL Researcher] at node: tools
[UserDepositManager (16 properties) (tight-analysis-merging-briskly) / CVL Researcher] at node: tool_result; tool calls: [cvl_keyword_search, cvl_keyword_search]
[UserDepositManager (16 properties) (tight-analysis-merging-briskly) / CVL Researcher] at node: tools
[UserDepositManager (16 properties) (tight-analysis-merging-briskly) / CVL Researcher] at node: tool_result; tool calls: [cvl_keyword_search, scan_knowledge_base]
[UserDepositManager (16 properties) (tight-analysis-merging-briskly) / CVL Researcher] at node: tools
[UserDepositManager (16 properties) (tight-analysis-merging-briskly) / CVL Researcher] at node: tool_result; tool calls: [get_cvl_manual_section, get_cvl_manual_section]
[UserDepositManager (16 properties) (tight-analysis-merging-briskly) / CVL Researcher] at node: tools
[UserDepositManager (16 properties) (tight-analysis-merging-briskly) / CVL Researcher] at node: tool_result; tool calls: [get_cvl_manual_section, cvl_manual_search]
[UserDepositManager (16 properties) (tight-analysis-merging-briskly) / CVL Researcher] at node: tools
[UserDepositManager (16 properties) (tight-analysis-merging-briskly) / CVL Researcher] at node: tool_result; tool calls: [cvl_manual_search, scan_knowledge_base]
[UserDepositManager (16 properties) (tight-analysis-merging-briskly) / CVL Researcher] at node: tools
[UserDepositManager (16 properties) (tight-analysis-merging-briskly) / CVL Researcher] at node: tool_result; tool calls: [cvl_keyword_search, scan_knowledge_base]
[UserDepositManager (16 properties) (tight-analysis-merging-briskly) / CVL Researcher] at node: tools
[UserDepositManager (16 properties) (tight-analysis-merging-briskly) / CVL Researcher] at node: tool_result; tool calls: [cvl_keyword_search]
[UserDepositManager (16 properties) (tight-analysis-merging-briskly) / CVL Researcher] at node: tools
[UserDepositManager (16 properties) (tight-analysis-merging-briskly) / CVL Researcher] at node: tool_result; tool calls: [get_cvl_manual_section]
[UserDepositManager (16 properties) (tight-analysis-merging-briskly) / CVL Researcher] at node: tools
[UserDepositManager (16 properties) (tight-analysis-merging-briskly) / CVL Researcher] at node: tool_result; tool calls: [scan_knowledge_base, cvl_manual_search]
[UserDepositManager (16 properties) (tight-analysis-merging-briskly) / CVL Researcher] at node: tools
[UserDepositManager (16 properties) (tight-analysis-merging-briskly) / CVL Researcher] at node: tool_result; tool calls: [get_cvl_manual_section]
[UserDepositManager (16 properties) (tight-analysis-merging-briskly) / CVL Researcher] at node: tools
[UserDepositManager (16 properties) (tight-analysis-merging-briskly) / CVL Researcher] at node: tool_result; tool calls: [cvl_manual_search, get_knowledge_base_article]
[UserDepositManager (16 properties) (tight-analysis-merging-briskly) / CVL Researcher] at node: tools
[UserDepositManager (16 properties) (tight-analysis-merging-briskly) / CVL Researcher] at node: tool_result; tool calls: [cvl_manual_search, scan_knowledge_base]
[UserDepositManager (16 properties) (tight-analysis-merging-briskly) / CVL Researcher] at node: tools
[UserDepositManager (16 properties) (tight-analysis-merging-briskly) / CVL Researcher] at node: tool_result; tool calls: [write_rough_draft]
[UserDepositManager (16 properties) (tight-analysis-merging-briskly) / CVL Researcher] at node: tools
[UserDepositManager (16 properties) (tight-analysis-merging-briskly) / CVL Researcher] at node: tool_result; tool calls: [read_rough_draft]
[UserDepositManager (16 properties) (tight-analysis-merging-briskly) / CVL Researcher] at node: tools
[UserDepositManager (16 properties) (tight-analysis-merging-briskly) / CVL Researcher] at node: tool_result; tool calls: [cvl_manual_search, cvl_keyword_search]
[UserDepositManager (16 properties) (tight-analysis-merging-briskly) / CVL Researcher] at node: tools
[UserDepositManager (16 properties) (tight-analysis-merging-briskly) / CVL Researcher] at node: tool_result; tool calls: [cvl_manual_search, cvl_keyword_search]
[UserDepositManager (16 properties) (tight-analysis-merging-briskly) / CVL Researcher] at node: tools
[UserDepositManager (16 properties) (tight-analysis-merging-briskly) / CVL Researcher] at node: tool_result; tool calls: [result]
[UserDepositManager (16 properties) (tight-analysis-merging-briskly) / CVL Researcher] at node: tools
[UserDepositManager (16 properties) (tight-analysis-merging-briskly) / CVL Researcher] end
[SharesManager (LsETH ERC20) (21 properties) (liquid-ideal-pruning-deftly)] at node: tool_result; tool calls: [cvl_research]
[SharesManager (LsETH ERC20) (21 properties) (liquid-ideal-pruning-deftly) / CVL Researcher] start  (via tool: toolu_01WiTYmPwAvb5Npd9vu3goeM)
[SharesManager (LsETH ERC20) (21 properties) (liquid-ideal-pruning-deftly) / CVL Researcher] at node: initial; tool calls: [cvl_manual_search, cvl_keyword_search]
[SharesManager (LsETH ERC20) (21 properties) (liquid-ideal-pruning-deftly) / CVL Researcher] at node: tools
[SharesManager (LsETH ERC20) (21 properties) (liquid-ideal-pruning-deftly) / CVL Researcher] at node: tool_result; tool calls: [cvl_manual_search, cvl_keyword_search]
[SharesManager (LsETH ERC20) (21 properties) (liquid-ideal-pruning-deftly) / CVL Researcher] at node: tools
[SharesManager (LsETH ERC20) (21 properties) (liquid-ideal-pruning-deftly) / CVL Researcher] at node: tool_result; tool calls: [get_cvl_manual_section, scan_knowledge_base]
[SharesManager (LsETH ERC20) (21 properties) (liquid-ideal-pruning-deftly) / CVL Researcher] at node: tools
[UserDepositManager (16 properties) (tight-analysis-merging-briskly) / CVL Researcher] at node: tool_result; tool calls: [write_rough_draft]
[UserDepositManager (16 properties) (tight-analysis-merging-briskly) / CVL Researcher] at node: tools
[SharesManager (LsETH ERC20) (21 properties) (liquid-ideal-pruning-deftly) / CVL Researcher] at node: tool_result; tool calls: [cvl_manual_search, cvl_keyword_search]
[UserDepositManager (16 properties) (tight-analysis-merging-briskly) / CVL Researcher] at node: tool_result; tool calls: [read_rough_draft]
[UserDepositManager (16 properties) (tight-analysis-merging-briskly) / CVL Researcher] at node: tools
[SharesManager (LsETH ERC20) (21 properties) (liquid-ideal-pruning-deftly) / CVL Researcher] at node: tools
[SharesManager (LsETH ERC20) (21 properties) (liquid-ideal-pruning-deftly) / CVL Researcher] at node: tool_result; tool calls: [get_cvl_manual_section, cvl_manual_search]
[SharesManager (LsETH ERC20) (21 properties) (liquid-ideal-pruning-deftly) / CVL Researcher] at node: tools
[SharesManager (LsETH ERC20) (21 properties) (liquid-ideal-pruning-deftly) / CVL Researcher] at node: tool_result; tool calls: [cvl_manual_search, cvl_keyword_search]
[SharesManager (LsETH ERC20) (21 properties) (liquid-ideal-pruning-deftly) / CVL Researcher] at node: tools
[SharesManager (LsETH ERC20) (21 properties) (liquid-ideal-pruning-deftly) / CVL Researcher] at node: tool_result; tool calls: [cvl_manual_search, scan_knowledge_base]
[SharesManager (LsETH ERC20) (21 properties) (liquid-ideal-pruning-deftly) / CVL Researcher] at node: tools
[UserDepositManager (16 properties) (tight-analysis-merging-briskly) / CVL Researcher] at node: tool_result; tool calls: [result]
[UserDepositManager (16 properties) (tight-analysis-merging-briskly) / CVL Researcher] at node: tools
[UserDepositManager (16 properties) (tight-analysis-merging-briskly) / CVL Researcher] end
[UserDepositManager (16 properties) (tight-analysis-merging-briskly)] at node: tools
[SharesManager (LsETH ERC20) (21 properties) (liquid-ideal-pruning-deftly) / CVL Researcher] at node: tool_result; tool calls: [write_rough_draft]
[SharesManager (LsETH ERC20) (21 properties) (liquid-ideal-pruning-deftly) / CVL Researcher] at node: tools
[SharesManager (LsETH ERC20) (21 properties) (liquid-ideal-pruning-deftly) / CVL Researcher] at node: tool_result; tool calls: [read_rough_draft]
[SharesManager (LsETH ERC20) (21 properties) (liquid-ideal-pruning-deftly) / CVL Researcher] at node: tools
[SharesManager (LsETH ERC20) (21 properties) (liquid-ideal-pruning-deftly) / CVL Researcher] at node: tool_result; tool calls: [get_cvl_manual_section]
[SharesManager (LsETH ERC20) (21 properties) (liquid-ideal-pruning-deftly) / CVL Researcher] at node: tools
[SharesManager (LsETH ERC20) (21 properties) (liquid-ideal-pruning-deftly) / CVL Researcher] at node: tool_result; tool calls: [result]
[SharesManager (LsETH ERC20) (21 properties) (liquid-ideal-pruning-deftly) / CVL Researcher] at node: tools
[SharesManager (LsETH ERC20) (21 properties) (liquid-ideal-pruning-deftly) / CVL Researcher] end
[UserDepositManager (16 properties) (tight-analysis-merging-briskly)] at node: tool_result; tool calls: [get_file]
[UserDepositManager (16 properties) (tight-analysis-merging-briskly)] at node: tools
[SharesManager (LsETH ERC20) (21 properties) (liquid-ideal-pruning-deftly)] at node: tools
[SharesManager (LsETH ERC20) (21 properties) (liquid-ideal-pruning-deftly)] at node: tool_result; tool calls: [cvl_manual_search]
[SharesManager (LsETH ERC20) (21 properties) (liquid-ideal-pruning-deftly)] at node: tools
[SharesManager (LsETH ERC20) (21 properties) (liquid-ideal-pruning-deftly)] at node: tool_result; tool calls: [grep_files]
[SharesManager (LsETH ERC20) (21 properties) (liquid-ideal-pruning-deftly)] at node: tools
[SharesManager (LsETH ERC20) (21 properties) (liquid-ideal-pruning-deftly)] at node: tool_result; tool calls: [get_file]
[SharesManager (LsETH ERC20) (21 properties) (liquid-ideal-pruning-deftly)] at node: tools
[SharesManager (LsETH ERC20) (21 properties) (liquid-ideal-pruning-deftly)] at node: tool_result; tool calls: [grep_files]
[SharesManager (LsETH ERC20) (21 properties) (liquid-ideal-pruning-deftly)] at node: tools
[SharesManager (LsETH ERC20) (21 properties) (liquid-ideal-pruning-deftly)] at node: tool_result; tool calls: [get_file]
[SharesManager (LsETH ERC20) (21 properties) (liquid-ideal-pruning-deftly)] at node: tools
[SharesManager (LsETH ERC20) (21 properties) (liquid-ideal-pruning-deftly)] at node: tool_result; tool calls: [get_file]
[SharesManager (LsETH ERC20) (21 properties) (liquid-ideal-pruning-deftly)] at node: tools
[ConsensusLayerDepositManager (15 properties) (frozen-keeper-locking-totally)] at node: tool_result; tool calls: [grep_files, get_file]
[ConsensusLayerDepositManager (15 properties) (frozen-keeper-locking-totally)] at node: tools
[ConsensusLayerDepositManager (15 properties) (frozen-keeper-locking-totally)] at node: tool_result; tool calls: [grep_files, get_file]
[ConsensusLayerDepositManager (15 properties) (frozen-keeper-locking-totally)] at node: tools
[ConsensusLayerDepositManager (15 properties) (frozen-keeper-locking-totally)] at node: tool_result; tool calls: [memory]
[ConsensusLayerDepositManager (15 properties) (frozen-keeper-locking-totally)] at node: tools
[SharesManager (LsETH ERC20) (21 properties) (liquid-ideal-pruning-deftly)] at node: tool_result; tool calls: [grep_files]
[SharesManager (LsETH ERC20) (21 properties) (liquid-ideal-pruning-deftly)] at node: tools
[SharesManager (LsETH ERC20) (21 properties) (liquid-ideal-pruning-deftly)] at node: tool_result; tool calls: [grep_files]
[SharesManager (LsETH ERC20) (21 properties) (liquid-ideal-pruning-deftly)] at node: tools
[ConsensusLayerDepositManager (15 properties) (frozen-keeper-locking-totally)] at node: tool_result; tool calls: [put_cvl_raw]
[ConsensusLayerDepositManager (15 properties) (frozen-keeper-locking-totally)] at node: tools
[ConsensusLayerDepositManager (15 properties) (frozen-keeper-locking-totally)] at node: tool_result; tool calls: [cvl_research]
[ConsensusLayerDepositManager (15 properties) (frozen-keeper-locking-totally) / CVL Researcher] start  (via tool: toolu_01C1iVk5qTsFh4Ufq3KgY28y)
[SharesManager (LsETH ERC20) (21 properties) (liquid-ideal-pruning-deftly)] at node: summarize
[SharesManager (LsETH ERC20) (21 properties) (liquid-ideal-pruning-deftly)] at node: tool_result; tool calls: [memory]
[SharesManager (LsETH ERC20) (21 properties) (liquid-ideal-pruning-deftly)] at node: tools
[ConsensusLayerDepositManager (15 properties) (frozen-keeper-locking-totally) / CVL Researcher] at node: initial; tool calls: [cvl_manual_search, cvl_keyword_search]
[ConsensusLayerDepositManager (15 properties) (frozen-keeper-locking-totally) / CVL Researcher] at node: tools
[SharesManager (LsETH ERC20) (21 properties) (liquid-ideal-pruning-deftly)] at node: tool_result; tool calls: [memory]
[SharesManager (LsETH ERC20) (21 properties) (liquid-ideal-pruning-deftly)] at node: tools
[ConsensusLayerDepositManager (15 properties) (frozen-keeper-locking-totally) / CVL Researcher] at node: tool_result; tool calls: [get_cvl_manual_section, cvl_manual_search]
[ConsensusLayerDepositManager (15 properties) (frozen-keeper-locking-totally) / CVL Researcher] at node: tools
[SharesManager (LsETH ERC20) (21 properties) (liquid-ideal-pruning-deftly)] at node: tool_result; tool calls: [get_cvl, list_files]
[SharesManager (LsETH ERC20) (21 properties) (liquid-ideal-pruning-deftly)] at node: tools
[ConsensusLayerDepositManager (15 properties) (frozen-keeper-locking-totally) / CVL Researcher] at node: tool_result; tool calls: [cvl_manual_search, get_cvl_manual_section]
[ConsensusLayerDepositManager (15 properties) (frozen-keeper-locking-totally) / CVL Researcher] at node: tools
[SharesManager (LsETH ERC20) (21 properties) (liquid-ideal-pruning-deftly)] at node: tool_result; tool calls: [get_file, get_file]
[SharesManager (LsETH ERC20) (21 properties) (liquid-ideal-pruning-deftly)] at node: tools
[SharesManager (LsETH ERC20) (21 properties) (liquid-ideal-pruning-deftly)] at node: tool_result; tool calls: [get_file, get_file]
[SharesManager (LsETH ERC20) (21 properties) (liquid-ideal-pruning-deftly)] at node: tools
[SharesManager (LsETH ERC20) (21 properties) (liquid-ideal-pruning-deftly)] at node: tool_result; tool calls: [get_file, get_file]
[SharesManager (LsETH ERC20) (21 properties) (liquid-ideal-pruning-deftly)] at node: tools
[SharesManager (LsETH ERC20) (21 properties) (liquid-ideal-pruning-deftly)] at node: tool_result; tool calls: [get_file, get_file]
[SharesManager (LsETH ERC20) (21 properties) (liquid-ideal-pruning-deftly)] at node: tools
[SharesManager (LsETH ERC20) (21 properties) (liquid-ideal-pruning-deftly)] at node: tool_result; tool calls: [get_file, get_file]
[SharesManager (LsETH ERC20) (21 properties) (liquid-ideal-pruning-deftly)] at node: tools
[ConsensusLayerDepositManager (15 properties) (frozen-keeper-locking-totally) / CVL Researcher] at node: tool_result; tool calls: [cvl_manual_search]
[ConsensusLayerDepositManager (15 properties) (frozen-keeper-locking-totally) / CVL Researcher] at node: tools
[SharesManager (LsETH ERC20) (21 properties) (liquid-ideal-pruning-deftly)] at node: tool_result; tool calls: [get_file, get_file]
[SharesManager (LsETH ERC20) (21 properties) (liquid-ideal-pruning-deftly)] at node: tools
[ConsensusLayerDepositManager (15 properties) (frozen-keeper-locking-totally) / CVL Researcher] at node: tool_result; tool calls: [cvl_manual_search]
[ConsensusLayerDepositManager (15 properties) (frozen-keeper-locking-totally) / CVL Researcher] at node: tools
[SharesManager (LsETH ERC20) (21 properties) (liquid-ideal-pruning-deftly)] at node: tool_result; tool calls: [grep_files, get_file]
[SharesManager (LsETH ERC20) (21 properties) (liquid-ideal-pruning-deftly)] at node: tools
[SharesManager (LsETH ERC20) (21 properties) (liquid-ideal-pruning-deftly)] at node: tool_result; tool calls: [get_file]
[SharesManager (LsETH ERC20) (21 properties) (liquid-ideal-pruning-deftly)] at node: tools
[SharesManager (LsETH ERC20) (21 properties) (liquid-ideal-pruning-deftly)] at node: tool_result; tool calls: [get_file, get_file]
[SharesManager (LsETH ERC20) (21 properties) (liquid-ideal-pruning-deftly)] at node: tools
[SharesManager (LsETH ERC20) (21 properties) (liquid-ideal-pruning-deftly)] at node: tool_result; tool calls: [grep_files, get_file]
[SharesManager (LsETH ERC20) (21 properties) (liquid-ideal-pruning-deftly)] at node: tools
[ConsensusLayerDepositManager (15 properties) (frozen-keeper-locking-totally) / CVL Researcher] at node: tool_result; tool calls: [write_rough_draft]
[ConsensusLayerDepositManager (15 properties) (frozen-keeper-locking-totally) / CVL Researcher] at node: tools
[ConsensusLayerDepositManager (15 properties) (frozen-keeper-locking-totally) / CVL Researcher] at node: tool_result; tool calls: [read_rough_draft]
[ConsensusLayerDepositManager (15 properties) (frozen-keeper-locking-totally) / CVL Researcher] at node: tools
[OracleManager (21 properties) (cobalt-lemma-verifying-keenly)] at node: tool_result; tool calls: [memory]
[OracleManager (21 properties) (cobalt-lemma-verifying-keenly)] at node: tools
[OracleManager (21 properties) (cobalt-lemma-verifying-keenly)] at node: tool_result; tool calls: [get_file, cvl_research]
[OracleManager (21 properties) (cobalt-lemma-verifying-keenly) / CVL Researcher] start  (via tool: toolu_01MUTBebbhbSAk2FQkdgrS7S)
[OracleManager (21 properties) (cobalt-lemma-verifying-keenly) / CVL Researcher] at node: initial; tool calls: [cvl_manual_search, cvl_keyword_search]
[OracleManager (21 properties) (cobalt-lemma-verifying-keenly) / CVL Researcher] at node: tools
[OracleManager (21 properties) (cobalt-lemma-verifying-keenly) / CVL Researcher] at node: tool_result; tool calls: [get_cvl_manual_section, cvl_manual_search]
[OracleManager (21 properties) (cobalt-lemma-verifying-keenly) / CVL Researcher] at node: tools
[ConsensusLayerDepositManager (15 properties) (frozen-keeper-locking-totally) / CVL Researcher] at node: tool_result; tool calls: [result]
[ConsensusLayerDepositManager (15 properties) (frozen-keeper-locking-totally) / CVL Researcher] at node: tools
[ConsensusLayerDepositManager (15 properties) (frozen-keeper-locking-totally) / CVL Researcher] end
[ConsensusLayerDepositManager (15 properties) (frozen-keeper-locking-totally)] at node: tools
[OracleManager (21 properties) (cobalt-lemma-verifying-keenly) / CVL Researcher] at node: tool_result; tool calls: [write_rough_draft]
[OracleManager (21 properties) (cobalt-lemma-verifying-keenly) / CVL Researcher] at node: tools
[OracleManager (21 properties) (cobalt-lemma-verifying-keenly) / CVL Researcher] at node: tool_result; tool calls: [read_rough_draft]
[OracleManager (21 properties) (cobalt-lemma-verifying-keenly) / CVL Researcher] at node: tools
[SharesManager (LsETH ERC20) (21 properties) (liquid-ideal-pruning-deftly)] at node: tool_result; tool calls: [grep_files, get_file]
[SharesManager (LsETH ERC20) (21 properties) (liquid-ideal-pruning-deftly)] at node: tools
[OracleManager (21 properties) (cobalt-lemma-verifying-keenly) / CVL Researcher] at node: tool_result; tool calls: [result]
[OracleManager (21 properties) (cobalt-lemma-verifying-keenly) / CVL Researcher] at node: tools
[OracleManager (21 properties) (cobalt-lemma-verifying-keenly) / CVL Researcher] end
[OracleManager (21 properties) (cobalt-lemma-verifying-keenly)] at node: tools
[UserDepositManager (16 properties) (tight-analysis-merging-briskly)] at node: tool_result; tool calls: [memory]
[UserDepositManager (16 properties) (tight-analysis-merging-briskly)] at node: tools
[SharesManager (LsETH ERC20) (21 properties) (liquid-ideal-pruning-deftly)] at node: tool_result; tool calls: [grep_files, get_file]
[SharesManager (LsETH ERC20) (21 properties) (liquid-ideal-pruning-deftly)] at node: tools
[UserDepositManager (16 properties) (tight-analysis-merging-briskly)] at node: tool_result; tool calls: [put_cvl_raw]
[UserDepositManager (16 properties) (tight-analysis-merging-briskly)] at node: tools
[UserDepositManager (16 properties) (tight-analysis-merging-briskly)] at node: tool_result; tool calls: [expect_rule_failure, expect_rule_failure]
[UserDepositManager (16 properties) (tight-analysis-merging-briskly)] at node: tool_result; tool calls: [feedback_tool]
[UserDepositManager (16 properties) (tight-analysis-merging-briskly) / Property feedback judge] start  (via tool: toolu_016r2xWqcwDih5kDdiCFFr2U)
[UserDepositManager (16 properties) (tight-analysis-merging-briskly) / Property feedback judge] at node: initial; tool calls: [memory]
[UserDepositManager (16 properties) (tight-analysis-merging-briskly) / Property feedback judge] at node: tools
[ConsensusLayerDepositManager (15 properties) (frozen-keeper-locking-totally)] at node: tool_result; tool calls: [put_cvl_raw]
[ConsensusLayerDepositManager (15 properties) (frozen-keeper-locking-totally)] at node: tools
[UserDepositManager (16 properties) (tight-analysis-merging-briskly) / Property feedback judge] at node: tool_result; tool calls: [list_files, get_cvl]
[UserDepositManager (16 properties) (tight-analysis-merging-briskly) / Property feedback judge] at node: tools
[UserDepositManager (16 properties) (tight-analysis-merging-briskly) / Property feedback judge] at node: tool_result; tool calls: [get_file, get_file]
[UserDepositManager (16 properties) (tight-analysis-merging-briskly) / Property feedback judge] at node: tools
[ConsensusLayerDepositManager (15 properties) (frozen-keeper-locking-totally)] at node: tool_result; tool calls: [record_skip]
[ConsensusLayerDepositManager (15 properties) (frozen-keeper-locking-totally)] at node: tools
[ConsensusLayerDepositManager (15 properties) (frozen-keeper-locking-totally)] at node: tool_result; tool calls: [feedback_tool]
[ConsensusLayerDepositManager (15 properties) (frozen-keeper-locking-totally) / Property feedback judge] start  (via tool: toolu_01DDUfvydmxDrjMx2kGnwhbe)
[ConsensusLayerDepositManager (15 properties) (frozen-keeper-locking-totally) / Property feedback judge] at node: initial; tool calls: [memory]
[ConsensusLayerDepositManager (15 properties) (frozen-keeper-locking-totally) / Property feedback judge] at node: tools
[UserDepositManager (16 properties) (tight-analysis-merging-briskly) / Property feedback judge] at node: tool_result; tool calls: [get_file, get_file]
[UserDepositManager (16 properties) (tight-analysis-merging-briskly) / Property feedback judge] at node: tools
[UserDepositManager (16 properties) (tight-analysis-merging-briskly) / Property feedback judge] at node: tool_result; tool calls: [get_file, get_file]
[UserDepositManager (16 properties) (tight-analysis-merging-briskly) / Property feedback judge] at node: tools
[SharesManager (LsETH ERC20) (21 properties) (liquid-ideal-pruning-deftly)] at node: tool_result; tool calls: [cvl_research, cvl_research]
[SharesManager (LsETH ERC20) (21 properties) (liquid-ideal-pruning-deftly) / CVL Researcher] start  (via tool: toolu_01DhZuGxNTBYWv4JtjSmumBP)
[SharesManager (LsETH ERC20) (21 properties) (liquid-ideal-pruning-deftly) / CVL Researcher] start  (via tool: toolu_014v9hC8Up9WJCiHaL3RZeTW)
[SharesManager (LsETH ERC20) (21 properties) (liquid-ideal-pruning-deftly) / CVL Researcher] at node: initial; tool calls: [cvl_manual_search, cvl_keyword_search]
[SharesManager (LsETH ERC20) (21 properties) (liquid-ideal-pruning-deftly) / CVL Researcher] at node: tools
[SharesManager (LsETH ERC20) (21 properties) (liquid-ideal-pruning-deftly) / CVL Researcher] at node: tool_result; tool calls: [cvl_manual_search, cvl_keyword_search]
[SharesManager (LsETH ERC20) (21 properties) (liquid-ideal-pruning-deftly) / CVL Researcher] at node: tools
[SharesManager (LsETH ERC20) (21 properties) (liquid-ideal-pruning-deftly) / CVL Researcher] at node: tool_result; tool calls: [get_cvl_manual_section, cvl_keyword_search]
[SharesManager (LsETH ERC20) (21 properties) (liquid-ideal-pruning-deftly) / CVL Researcher] at node: tools
[SharesManager (LsETH ERC20) (21 properties) (liquid-ideal-pruning-deftly) / CVL Researcher] at node: tool_result; tool calls: [cvl_manual_search, scan_knowledge_base]
[SharesManager (LsETH ERC20) (21 properties) (liquid-ideal-pruning-deftly) / CVL Researcher] at node: tools
[OracleManager (21 properties) (cobalt-lemma-verifying-keenly)] at node: tool_result; tool calls: [put_cvl_raw]
[SharesManager (LsETH ERC20) (21 properties) (liquid-ideal-pruning-deftly) / CVL Researcher] at node: initial; tool calls: [write_rough_draft]
[SharesManager (LsETH ERC20) (21 properties) (liquid-ideal-pruning-deftly) / CVL Researcher] at node: tools
[OracleManager (21 properties) (cobalt-lemma-verifying-keenly)] at node: tools
[SharesManager (LsETH ERC20) (21 properties) (liquid-ideal-pruning-deftly) / CVL Researcher] at node: tool_result; tool calls: [read_rough_draft]
[SharesManager (LsETH ERC20) (21 properties) (liquid-ideal-pruning-deftly) / CVL Researcher] at node: tools
[SharesManager (LsETH ERC20) (21 properties) (liquid-ideal-pruning-deftly) / CVL Researcher] at node: tool_result; tool calls: [get_cvl_manual_section]
[SharesManager (LsETH ERC20) (21 properties) (liquid-ideal-pruning-deftly) / CVL Researcher] at node: tools
[OracleManager (21 properties) (cobalt-lemma-verifying-keenly)] at node: tool_result; tool calls: [expect_rule_failure, expect_rule_failure, expect_rule_failure, expect_rule_failure]
[OracleManager (21 properties) (cobalt-lemma-verifying-keenly)] at node: tool_result; tool calls: [feedback_tool]
[OracleManager (21 properties) (cobalt-lemma-verifying-keenly) / Property feedback judge] start  (via tool: toolu_011wwn75noAPT8b7hg8wW2Y1)
[OracleManager (21 properties) (cobalt-lemma-verifying-keenly) / Property feedback judge] at node: initial; tool calls: [memory]
[OracleManager (21 properties) (cobalt-lemma-verifying-keenly) / Property feedback judge] at node: tools
[SharesManager (LsETH ERC20) (21 properties) (liquid-ideal-pruning-deftly) / CVL Researcher] at node: tool_result; tool calls: [result]
[SharesManager (LsETH ERC20) (21 properties) (liquid-ideal-pruning-deftly) / CVL Researcher] at node: tools
[SharesManager (LsETH ERC20) (21 properties) (liquid-ideal-pruning-deftly) / CVL Researcher] end
[OracleManager (21 properties) (cobalt-lemma-verifying-keenly) / Property feedback judge] at node: tool_result; tool calls: [get_cvl, list_files]
[OracleManager (21 properties) (cobalt-lemma-verifying-keenly) / Property feedback judge] at node: tools
[OracleManager (21 properties) (cobalt-lemma-verifying-keenly) / Property feedback judge] at node: tool_result; tool calls: [get_file, get_file]
[OracleManager (21 properties) (cobalt-lemma-verifying-keenly) / Property feedback judge] at node: tools
[OracleManager (21 properties) (cobalt-lemma-verifying-keenly) / Property feedback judge] at node: tool_result; tool calls: [get_file, get_file]
[OracleManager (21 properties) (cobalt-lemma-verifying-keenly) / Property feedback judge] at node: tools
[SharesManager (LsETH ERC20) (21 properties) (liquid-ideal-pruning-deftly) / CVL Researcher] at node: tool_result; tool calls: [write_rough_draft]
[SharesManager (LsETH ERC20) (21 properties) (liquid-ideal-pruning-deftly) / CVL Researcher] at node: tools
[SharesManager (LsETH ERC20) (21 properties) (liquid-ideal-pruning-deftly) / CVL Researcher] at node: tool_result; tool calls: [read_rough_draft]
[SharesManager (LsETH ERC20) (21 properties) (liquid-ideal-pruning-deftly) / CVL Researcher] at node: tools
[SharesManager (LsETH ERC20) (21 properties) (liquid-ideal-pruning-deftly) / CVL Researcher] at node: tool_result; tool calls: [result]
[SharesManager (LsETH ERC20) (21 properties) (liquid-ideal-pruning-deftly) / CVL Researcher] at node: tools
[SharesManager (LsETH ERC20) (21 properties) (liquid-ideal-pruning-deftly) / CVL Researcher] end
[SharesManager (LsETH ERC20) (21 properties) (liquid-ideal-pruning-deftly)] at node: tools
[OracleManager (21 properties) (cobalt-lemma-verifying-keenly) / Property feedback judge] at node: tool_result; tool calls: [get_file]
[OracleManager (21 properties) (cobalt-lemma-verifying-keenly) / Property feedback judge] at node: tools
[ConsensusLayerDepositManager (15 properties) (frozen-keeper-locking-totally) / Property feedback judge] at node: tool_result; tool calls: [memory]
[ConsensusLayerDepositManager (15 properties) (frozen-keeper-locking-totally) / Property feedback judge] at node: tools
[ConsensusLayerDepositManager (15 properties) (frozen-keeper-locking-totally) / Property feedback judge] at node: tool_result; tool calls: [write_rough_draft]
[ConsensusLayerDepositManager (15 properties) (frozen-keeper-locking-totally) / Property feedback judge] at node: tools
[ConsensusLayerDepositManager (15 properties) (frozen-keeper-locking-totally) / Property feedback judge] at node: tool_result; tool calls: [read_rough_draft]
[ConsensusLayerDepositManager (15 properties) (frozen-keeper-locking-totally) / Property feedback judge] at node: tools
[ConsensusLayerDepositManager (15 properties) (frozen-keeper-locking-totally) / Property feedback judge] at node: tool_result; tool calls: [memory]
[ConsensusLayerDepositManager (15 properties) (frozen-keeper-locking-totally) / Property feedback judge] at node: tools
[UserDepositManager (16 properties) (tight-analysis-merging-briskly) / Property feedback judge] at node: tool_result; tool calls: [get_file, get_file]
[UserDepositManager (16 properties) (tight-analysis-merging-briskly) / Property feedback judge] at node: tools
[ConsensusLayerDepositManager (15 properties) (frozen-keeper-locking-totally) / Property feedback judge] at node: tool_result; tool calls: [result]
[ConsensusLayerDepositManager (15 properties) (frozen-keeper-locking-totally) / Property feedback judge] at node: tools
[ConsensusLayerDepositManager (15 properties) (frozen-keeper-locking-totally) / Property feedback judge] end
[ConsensusLayerDepositManager (15 properties) (frozen-keeper-locking-totally)] at node: tools
[UserDepositManager (16 properties) (tight-analysis-merging-briskly) / Property feedback judge] at node: tool_result; tool calls: [write_rough_draft]
[UserDepositManager (16 properties) (tight-analysis-merging-briskly) / Property feedback judge] at node: tools
[UserDepositManager (16 properties) (tight-analysis-merging-briskly) / Property feedback judge] at node: tool_result; tool calls: [read_rough_draft]
[UserDepositManager (16 properties) (tight-analysis-merging-briskly) / Property feedback judge] at node: tools
[UserDepositManager (16 properties) (tight-analysis-merging-briskly) / Property feedback judge] at node: tool_result; tool calls: [memory]
[UserDepositManager (16 properties) (tight-analysis-merging-briskly) / Property feedback judge] at node: tools
[UserDepositManager (16 properties) (tight-analysis-merging-briskly) / Property feedback judge] at node: tool_result; tool calls: [result]
[UserDepositManager (16 properties) (tight-analysis-merging-briskly) / Property feedback judge] at node: tools
[UserDepositManager (16 properties) (tight-analysis-merging-briskly) / Property feedback judge] end
[UserDepositManager (16 properties) (tight-analysis-merging-briskly)] at node: tools
[UserDepositManager (16 properties) (tight-analysis-merging-briskly)] at node: tool_result; tool calls: [put_cvl_raw]
[UserDepositManager (16 properties) (tight-analysis-merging-briskly)] at node: tools
[UserDepositManager (16 properties) (tight-analysis-merging-briskly)] at node: tool_result; tool calls: [feedback_tool]
[UserDepositManager (16 properties) (tight-analysis-merging-briskly) / Property feedback judge] start  (via tool: toolu_0149sEuf9gVxuFTKFBf54D34)
[OracleManager (21 properties) (cobalt-lemma-verifying-keenly) / Property feedback judge] at node: tool_result; tool calls: [get_file, get_file]
[OracleManager (21 properties) (cobalt-lemma-verifying-keenly) / Property feedback judge] at node: tools
[UserDepositManager (16 properties) (tight-analysis-merging-briskly) / Property feedback judge] at node: initial; tool calls: [memory]
[UserDepositManager (16 properties) (tight-analysis-merging-briskly) / Property feedback judge] at node: tools
[UserDepositManager (16 properties) (tight-analysis-merging-briskly) / Property feedback judge] at node: tool_result; tool calls: [memory]
[UserDepositManager (16 properties) (tight-analysis-merging-briskly) / Property feedback judge] at node: tools
[OracleManager (21 properties) (cobalt-lemma-verifying-keenly) / Property feedback judge] at node: tool_result; tool calls: [write_rough_draft]
[OracleManager (21 properties) (cobalt-lemma-verifying-keenly) / Property feedback judge] at node: tools
[OracleManager (21 properties) (cobalt-lemma-verifying-keenly) / Property feedback judge] at node: tool_result; tool calls: [read_rough_draft]
[OracleManager (21 properties) (cobalt-lemma-verifying-keenly) / Property feedback judge] at node: tools
[OracleManager (21 properties) (cobalt-lemma-verifying-keenly) / Property feedback judge] at node: tool_result; tool calls: [memory]
[OracleManager (21 properties) (cobalt-lemma-verifying-keenly) / Property feedback judge] at node: tools
[ConsensusLayerDepositManager (15 properties) (frozen-keeper-locking-totally)] at node: tool_result; tool calls: [put_cvl_raw]
[ConsensusLayerDepositManager (15 properties) (frozen-keeper-locking-totally)] at node: tools
[ConsensusLayerDepositManager (15 properties) (frozen-keeper-locking-totally)] at node: tool_result; tool calls: [feedback_tool]
[ConsensusLayerDepositManager (15 properties) (frozen-keeper-locking-totally) / Property feedback judge] start  (via tool: toolu_01Lj4xH1kFc5c7h3eG4NiPx8)
[ConsensusLayerDepositManager (15 properties) (frozen-keeper-locking-totally) / Property feedback judge] at node: initial; tool calls: [memory]
[ConsensusLayerDepositManager (15 properties) (frozen-keeper-locking-totally) / Property feedback judge] at node: tools
[ConsensusLayerDepositManager (15 properties) (frozen-keeper-locking-totally) / Property feedback judge] at node: tool_result; tool calls: [memory]
[ConsensusLayerDepositManager (15 properties) (frozen-keeper-locking-totally) / Property feedback judge] at node: tools
[OracleManager (21 properties) (cobalt-lemma-verifying-keenly) / Property feedback judge] at node: tool_result; tool calls: [result]
[OracleManager (21 properties) (cobalt-lemma-verifying-keenly) / Property feedback judge] at node: tools
[OracleManager (21 properties) (cobalt-lemma-verifying-keenly) / Property feedback judge] end
[OracleManager (21 properties) (cobalt-lemma-verifying-keenly)] at node: tools
[SharesManager (LsETH ERC20) (21 properties) (liquid-ideal-pruning-deftly)] at node: tool_result; tool calls: [grep_files]
[SharesManager (LsETH ERC20) (21 properties) (liquid-ideal-pruning-deftly)] at node: tools
[SharesManager (LsETH ERC20) (21 properties) (liquid-ideal-pruning-deftly)] at node: tool_result; tool calls: [grep_files]
[SharesManager (LsETH ERC20) (21 properties) (liquid-ideal-pruning-deftly)] at node: tools
[UserDepositManager (16 properties) (tight-analysis-merging-briskly) / Property feedback judge] at node: tool_result; tool calls: [get_cvl]
[UserDepositManager (16 properties) (tight-analysis-merging-briskly) / Property feedback judge] at node: tools
[UserDepositManager (16 properties) (tight-analysis-merging-briskly) / Property feedback judge] at node: tool_result; tool calls: [code_explorer, code_explorer]
[UserDepositManager (16 properties) (tight-analysis-merging-briskly) / Property feedback judge / Code Explorer: What are the exact revert conditions in the _deposit, deposit, and depositAndTransfer functions in UserDepositManagerV1/RiverV1? Specifically, when does depositAndTransfer revert due to the recipient being denied?] start  (via tool: toolu_013gWfRJfXK3ZnsQWFVankLU)
[UserDepositManager (16 properties) (tight-analysis-merging-briskly) / Property feedback judge / Code Explorer: Does AllowlistV1 have any special handling for address(0)? Is address(0) always denied or always blocked in isDenied or onlyAllowed?] start  (via tool: toolu_013xL1roJCFgnDHbNgtVSoHP)
[UserDepositManager (16 properties) (tight-analysis-merging-briskly) / Property feedback judge / Code Explorer: What are the exact revert conditions in the _deposit, deposit, and depositAndTransfer functions in UserDepositManagerV1/RiverV1? Specifically, when does depositAndTransfer revert due to the recipient being denied?] at node: initial; tool calls: [grep_files]
[UserDepositManager (16 properties) (tight-analysis-merging-briskly) / Property feedback judge / Code Explorer: Does AllowlistV1 have any special handling for address(0)? Is address(0) always denied or always blocked in isDenied or onlyAllowed?] at node: initial; tool calls: [get_file]
[UserDepositManager (16 properties) (tight-analysis-merging-briskly) / Property feedback judge / Code Explorer: Does AllowlistV1 have any special handling for address(0)? Is address(0) always denied or always blocked in isDenied or onlyAllowed?] at node: tools
[UserDepositManager (16 properties) (tight-analysis-merging-briskly) / Property feedback judge / Code Explorer: Does AllowlistV1 have any special handling for address(0)? Is address(0) always denied or always blocked in isDenied or onlyAllowed?] at node: tool_result; tool calls: [get_file]
[UserDepositManager (16 properties) (tight-analysis-merging-briskly) / Property feedback judge / Code Explorer: Does AllowlistV1 have any special handling for address(0)? Is address(0) always denied or always blocked in isDenied or onlyAllowed?] at node: tools
[UserDepositManager (16 properties) (tight-analysis-merging-briskly) / Property feedback judge / Code Explorer: What are the exact revert conditions in the _deposit, deposit, and depositAndTransfer functions in UserDepositManagerV1/RiverV1? Specifically, when does depositAndTransfer revert due to the recipient being denied?] at node: tools
[UserDepositManager (16 properties) (tight-analysis-merging-briskly) / Property feedback judge / Code Explorer: Does AllowlistV1 have any special handling for address(0)? Is address(0) always denied or always blocked in isDenied or onlyAllowed?] at node: tool_result; tool calls: [grep_files]
[UserDepositManager (16 properties) (tight-analysis-merging-briskly) / Property feedback judge / Code Explorer: What are the exact revert conditions in the _deposit, deposit, and depositAndTransfer functions in UserDepositManagerV1/RiverV1? Specifically, when does depositAndTransfer revert due to the recipient being denied?] at node: tool_result; tool calls: [list_files]
[UserDepositManager (16 properties) (tight-analysis-merging-briskly) / Property feedback judge / Code Explorer: Does AllowlistV1 have any special handling for address(0)? Is address(0) always denied or always blocked in isDenied or onlyAllowed?] at node: tools
[UserDepositManager (16 properties) (tight-analysis-merging-briskly) / Property feedback judge / Code Explorer: What are the exact revert conditions in the _deposit, deposit, and depositAndTransfer functions in UserDepositManagerV1/RiverV1? Specifically, when does depositAndTransfer revert due to the recipient being denied?] at node: tools
[UserDepositManager (16 properties) (tight-analysis-merging-briskly) / Property feedback judge / Code Explorer: What are the exact revert conditions in the _deposit, deposit, and depositAndTransfer functions in UserDepositManagerV1/RiverV1? Specifically, when does depositAndTransfer revert due to the recipient being denied?] at node: tool_result; tool calls: [get_file, grep_files]
[UserDepositManager (16 properties) (tight-analysis-merging-briskly) / Property feedback judge / Code Explorer: What are the exact revert conditions in the _deposit, deposit, and depositAndTransfer functions in UserDepositManagerV1/RiverV1? Specifically, when does depositAndTransfer revert due to the recipient being denied?] at node: tools
[UserDepositManager (16 properties) (tight-analysis-merging-briskly) / Property feedback judge / Code Explorer: What are the exact revert conditions in the _deposit, deposit, and depositAndTransfer functions in UserDepositManagerV1/RiverV1? Specifically, when does depositAndTransfer revert due to the recipient being denied?] at node: tool_result; tool calls: [grep_files]
[UserDepositManager (16 properties) (tight-analysis-merging-briskly) / Property feedback judge / Code Explorer: What are the exact revert conditions in the _deposit, deposit, and depositAndTransfer functions in UserDepositManagerV1/RiverV1? Specifically, when does depositAndTransfer revert due to the recipient being denied?] at node: tools
[UserDepositManager (16 properties) (tight-analysis-merging-briskly) / Property feedback judge / Code Explorer: What are the exact revert conditions in the _deposit, deposit, and depositAndTransfer functions in UserDepositManagerV1/RiverV1? Specifically, when does depositAndTransfer revert due to the recipient being denied?] at node: tool_result; tool calls: [grep_files]
[UserDepositManager (16 properties) (tight-analysis-merging-briskly) / Property feedback judge / Code Explorer: What are the exact revert conditions in the _deposit, deposit, and depositAndTransfer functions in UserDepositManagerV1/RiverV1? Specifically, when does depositAndTransfer revert due to the recipient being denied?] at node: tools
[UserDepositManager (16 properties) (tight-analysis-merging-briskly) / Property feedback judge / Code Explorer: What are the exact revert conditions in the _deposit, deposit, and depositAndTransfer functions in UserDepositManagerV1/RiverV1? Specifically, when does depositAndTransfer revert due to the recipient being denied?] at node: tool_result; tool calls: [get_file, get_file]
[UserDepositManager (16 properties) (tight-analysis-merging-briskly) / Property feedback judge / Code Explorer: What are the exact revert conditions in the _deposit, deposit, and depositAndTransfer functions in UserDepositManagerV1/RiverV1? Specifically, when does depositAndTransfer revert due to the recipient being denied?] at node: tools
[UserDepositManager (16 properties) (tight-analysis-merging-briskly) / Property feedback judge / Code Explorer: Does AllowlistV1 have any special handling for address(0)? Is address(0) always denied or always blocked in isDenied or onlyAllowed?] at node: tool_result; tool calls: [result]
[UserDepositManager (16 properties) (tight-analysis-merging-briskly) / Property feedback judge / Code Explorer: Does AllowlistV1 have any special handling for address(0)? Is address(0) always denied or always blocked in isDenied or onlyAllowed?] at node: tools
[UserDepositManager (16 properties) (tight-analysis-merging-briskly) / Property feedback judge / Code Explorer: Does AllowlistV1 have any special handling for address(0)? Is address(0) always denied or always blocked in isDenied or onlyAllowed?] end
[UserDepositManager (16 properties) (tight-analysis-merging-briskly) / Property feedback judge / Code Explorer: What are the exact revert conditions in the _deposit, deposit, and depositAndTransfer functions in UserDepositManagerV1/RiverV1? Specifically, when does depositAndTransfer revert due to the recipient being denied?] at node: tool_result; tool calls: [get_file]
[UserDepositManager (16 properties) (tight-analysis-merging-briskly) / Property feedback judge / Code Explorer: What are the exact revert conditions in the _deposit, deposit, and depositAndTransfer functions in UserDepositManagerV1/RiverV1? Specifically, when does depositAndTransfer revert due to the recipient being denied?] at node: tools
[ConsensusLayerDepositManager (15 properties) (frozen-keeper-locking-totally) / Property feedback judge] at node: tool_result; tool calls: [get_cvl, memory]
[ConsensusLayerDepositManager (15 properties) (frozen-keeper-locking-totally) / Property feedback judge] at node: tools
[UserDepositManager (16 properties) (tight-analysis-merging-briskly) / Property feedback judge / Code Explorer: What are the exact revert conditions in the _deposit, deposit, and depositAndTransfer functions in UserDepositManagerV1/RiverV1? Specifically, when does depositAndTransfer revert due to the recipient being denied?] at node: tool_result; tool calls: [grep_files, grep_files]
[UserDepositManager (16 properties) (tight-analysis-merging-briskly) / Property feedback judge / Code Explorer: What are the exact revert conditions in the _deposit, deposit, and depositAndTransfer functions in UserDepositManagerV1/RiverV1? Specifically, when does depositAndTransfer revert due to the recipient being denied?] at node: tools
[UserDepositManager (16 properties) (tight-analysis-merging-briskly) / Property feedback judge / Code Explorer: What are the exact revert conditions in the _deposit, deposit, and depositAndTransfer functions in UserDepositManagerV1/RiverV1? Specifically, when does depositAndTransfer revert due to the recipient being denied?] at node: tool_result; tool calls: [get_file, get_file]
[UserDepositManager (16 properties) (tight-analysis-merging-briskly) / Property feedback judge / Code Explorer: What are the exact revert conditions in the _deposit, deposit, and depositAndTransfer functions in UserDepositManagerV1/RiverV1? Specifically, when does depositAndTransfer revert due to the recipient being denied?] at node: tools
[UserDepositManager (16 properties) (tight-analysis-merging-briskly) / Property feedback judge / Code Explorer: What are the exact revert conditions in the _deposit, deposit, and depositAndTransfer functions in UserDepositManagerV1/RiverV1? Specifically, when does depositAndTransfer revert due to the recipient being denied?] at node: tool_result; tool calls: [grep_files]
[UserDepositManager (16 properties) (tight-analysis-merging-briskly) / Property feedback judge / Code Explorer: What are the exact revert conditions in the _deposit, deposit, and depositAndTransfer functions in UserDepositManagerV1/RiverV1? Specifically, when does depositAndTransfer revert due to the recipient being denied?] at node: tools
[UserDepositManager (16 properties) (tight-analysis-merging-briskly) / Property feedback judge / Code Explorer: What are the exact revert conditions in the _deposit, deposit, and depositAndTransfer functions in UserDepositManagerV1/RiverV1? Specifically, when does depositAndTransfer revert due to the recipient being denied?] at node: tool_result; tool calls: [get_file]
[UserDepositManager (16 properties) (tight-analysis-merging-briskly) / Property feedback judge / Code Explorer: What are the exact revert conditions in the _deposit, deposit, and depositAndTransfer functions in UserDepositManagerV1/RiverV1? Specifically, when does depositAndTransfer revert due to the recipient being denied?] at node: tools
[UserDepositManager (16 properties) (tight-analysis-merging-briskly) / Property feedback judge / Code Explorer: What are the exact revert conditions in the _deposit, deposit, and depositAndTransfer functions in UserDepositManagerV1/RiverV1? Specifically, when does depositAndTransfer revert due to the recipient being denied?] at node: tool_result; tool calls: [result]
[UserDepositManager (16 properties) (tight-analysis-merging-briskly) / Property feedback judge / Code Explorer: What are the exact revert conditions in the _deposit, deposit, and depositAndTransfer functions in UserDepositManagerV1/RiverV1? Specifically, when does depositAndTransfer revert due to the recipient being denied?] at node: tools
[UserDepositManager (16 properties) (tight-analysis-merging-briskly) / Property feedback judge / Code Explorer: What are the exact revert conditions in the _deposit, deposit, and depositAndTransfer functions in UserDepositManagerV1/RiverV1? Specifically, when does depositAndTransfer revert due to the recipient being denied?] end
[UserDepositManager (16 properties) (tight-analysis-merging-briskly) / Property feedback judge] at node: tools
[ConsensusLayerDepositManager (15 properties) (frozen-keeper-locking-totally) / Property feedback judge] at node: tool_result; tool calls: [write_rough_draft]
[ConsensusLayerDepositManager (15 properties) (frozen-keeper-locking-totally) / Property feedback judge] at node: tools
[SharesManager (LsETH ERC20) (21 properties) (liquid-ideal-pruning-deftly)] at node: tool_result; tool calls: [put_cvl_raw]
[SharesManager (LsETH ERC20) (21 properties) (liquid-ideal-pruning-deftly)] at node: tools
[SharesManager (LsETH ERC20) (21 properties) (liquid-ideal-pruning-deftly)] at node: tool_result; tool calls: [record_skip, record_skip]
[SharesManager (LsETH ERC20) (21 properties) (liquid-ideal-pruning-deftly)] at node: tool_result; tool calls: [expect_rule_failure, expect_rule_failure]
[SharesManager (LsETH ERC20) (21 properties) (liquid-ideal-pruning-deftly)] at node: tool_result; tool calls: [feedback_tool]
[SharesManager (LsETH ERC20) (21 properties) (liquid-ideal-pruning-deftly) / Property feedback judge] start  (via tool: toolu_01YXw77xxCFCKNe6i2d4QbVt)
[SharesManager (LsETH ERC20) (21 properties) (liquid-ideal-pruning-deftly) / Property feedback judge] at node: initial; tool calls: [memory]
[SharesManager (LsETH ERC20) (21 properties) (liquid-ideal-pruning-deftly) / Property feedback judge] at node: tools
[SharesManager (LsETH ERC20) (21 properties) (liquid-ideal-pruning-deftly) / Property feedback judge] at node: tool_result; tool calls: [get_cvl, list_files]
[ConsensusLayerDepositManager (15 properties) (frozen-keeper-locking-totally) / Property feedback judge] at node: tool_result; tool calls: [read_rough_draft]
[ConsensusLayerDepositManager (15 properties) (frozen-keeper-locking-totally) / Property feedback judge] at node: tools
[SharesManager (LsETH ERC20) (21 properties) (liquid-ideal-pruning-deftly) / Property feedback judge] at node: tools
[SharesManager (LsETH ERC20) (21 properties) (liquid-ideal-pruning-deftly) / Property feedback judge] at node: tool_result; tool calls: [get_file, get_file]
[SharesManager (LsETH ERC20) (21 properties) (liquid-ideal-pruning-deftly) / Property feedback judge] at node: tools
[UserDepositManager (16 properties) (tight-analysis-merging-briskly) / Property feedback judge] at node: tool_result; tool calls: [write_rough_draft]
[UserDepositManager (16 properties) (tight-analysis-merging-briskly) / Property feedback judge] at node: tools
[SharesManager (LsETH ERC20) (21 properties) (liquid-ideal-pruning-deftly) / Property feedback judge] at node: tool_result; tool calls: [get_file, get_file]
[SharesManager (LsETH ERC20) (21 properties) (liquid-ideal-pruning-deftly) / Property feedback judge] at node: tools
[UserDepositManager (16 properties) (tight-analysis-merging-briskly) / Property feedback judge] at node: tool_result; tool calls: [read_rough_draft]
[UserDepositManager (16 properties) (tight-analysis-merging-briskly) / Property feedback judge] at node: tools
[SharesManager (LsETH ERC20) (21 properties) (liquid-ideal-pruning-deftly) / Property feedback judge] at node: tool_result; tool calls: [get_file, get_file]
[SharesManager (LsETH ERC20) (21 properties) (liquid-ideal-pruning-deftly) / Property feedback judge] at node: tools
[ConsensusLayerDepositManager (15 properties) (frozen-keeper-locking-totally) / Property feedback judge] at node: tool_result; tool calls: [memory]
[ConsensusLayerDepositManager (15 properties) (frozen-keeper-locking-totally) / Property feedback judge] at node: tools
[UserDepositManager (16 properties) (tight-analysis-merging-briskly) / Property feedback judge] at node: tool_result; tool calls: [memory]
[UserDepositManager (16 properties) (tight-analysis-merging-briskly) / Property feedback judge] at node: tools
[UserDepositManager (16 properties) (tight-analysis-merging-briskly) / Property feedback judge] at node: tool_result; tool calls: [memory]
[UserDepositManager (16 properties) (tight-analysis-merging-briskly) / Property feedback judge] at node: tools
[ConsensusLayerDepositManager (15 properties) (frozen-keeper-locking-totally) / Property feedback judge] at node: tool_result; tool calls: [memory]
[ConsensusLayerDepositManager (15 properties) (frozen-keeper-locking-totally) / Property feedback judge] at node: tools
[UserDepositManager (16 properties) (tight-analysis-merging-briskly) / Property feedback judge] at node: tool_result; tool calls: [result]
[UserDepositManager (16 properties) (tight-analysis-merging-briskly) / Property feedback judge] at node: tools
[UserDepositManager (16 properties) (tight-analysis-merging-briskly) / Property feedback judge] end
[UserDepositManager (16 properties) (tight-analysis-merging-briskly)] at node: tools
[ConsensusLayerDepositManager (15 properties) (frozen-keeper-locking-totally) / Property feedback judge] at node: tool_result; tool calls: [result]
[ConsensusLayerDepositManager (15 properties) (frozen-keeper-locking-totally) / Property feedback judge] at node: tools
[ConsensusLayerDepositManager (15 properties) (frozen-keeper-locking-totally) / Property feedback judge] end
[ConsensusLayerDepositManager (15 properties) (frozen-keeper-locking-totally)] at node: tools
[OracleManager (21 properties) (cobalt-lemma-verifying-keenly)] at node: tool_result; tool calls: [put_cvl_raw]
[OracleManager (21 properties) (cobalt-lemma-verifying-keenly)] at node: tools
[OracleManager (21 properties) (cobalt-lemma-verifying-keenly)] at node: tool_result; tool calls: [feedback_tool]
[OracleManager (21 properties) (cobalt-lemma-verifying-keenly) / Property feedback judge] start  (via tool: toolu_018AnjbuhJLfwzGNsbHbg8Mb)
[OracleManager (21 properties) (cobalt-lemma-verifying-keenly) / Property feedback judge] at node: initial; tool calls: [memory]
[OracleManager (21 properties) (cobalt-lemma-verifying-keenly) / Property feedback judge] at node: tools
[OracleManager (21 properties) (cobalt-lemma-verifying-keenly) / Property feedback judge] at node: tool_result; tool calls: [memory]
[OracleManager (21 properties) (cobalt-lemma-verifying-keenly) / Property feedback judge] at node: tools
[SharesManager (LsETH ERC20) (21 properties) (liquid-ideal-pruning-deftly) / Property feedback judge] at node: tool_result; tool calls: [code_explorer, cvl_research]
[SharesManager (LsETH ERC20) (21 properties) (liquid-ideal-pruning-deftly) / Property feedback judge / Code Explorer: How does the `depositAndTransfer` function work in RiverV1? Does it ever mint shares directly to the recipient address, or does it mint to msg.sender and then transfer? What happens when recipient is address(0)?] start  (via tool: toolu_016vQNo47cUXzZ419TfN7z16)
[SharesManager (LsETH ERC20) (21 properties) (liquid-ideal-pruning-deftly) / Property feedback judge / CVL Researcher] start  (via tool: toolu_01XR65ZAJ7m67Pedf8hzm1gL)
[SharesManager (LsETH ERC20) (21 properties) (liquid-ideal-pruning-deftly) / Property feedback judge / Code Explorer: How does the `depositAndTransfer` function work in RiverV1? Does it ever mint shares directly to the recipient address, or does it mint to msg.sender and then transfer? What happens when recipient is address(0)?] at node: initial; tool calls: [grep_files]
[SharesManager (LsETH ERC20) (21 properties) (liquid-ideal-pruning-deftly) / Property feedback judge / Code Explorer: How does the `depositAndTransfer` function work in RiverV1? Does it ever mint shares directly to the recipient address, or does it mint to msg.sender and then transfer? What happens when recipient is address(0)?] at node: tools
[SharesManager (LsETH ERC20) (21 properties) (liquid-ideal-pruning-deftly) / Property feedback judge / Code Explorer: How does the `depositAndTransfer` function work in RiverV1? Does it ever mint shares directly to the recipient address, or does it mint to msg.sender and then transfer? What happens when recipient is address(0)?] at node: tool_result; tool calls: [get_file]
[SharesManager (LsETH ERC20) (21 properties) (liquid-ideal-pruning-deftly) / Property feedback judge / Code Explorer: How does the `depositAndTransfer` function work in RiverV1? Does it ever mint shares directly to the recipient address, or does it mint to msg.sender and then transfer? What happens when recipient is address(0)?] at node: tools
[ConsensusLayerDepositManager (15 properties) (frozen-keeper-locking-totally)] at node: tool_result; tool calls: [put_cvl_raw]
[SharesManager (LsETH ERC20) (21 properties) (liquid-ideal-pruning-deftly) / Property feedback judge / Code Explorer: How does the `depositAndTransfer` function work in RiverV1? Does it ever mint shares directly to the recipient address, or does it mint to msg.sender and then transfer? What happens when recipient is address(0)?] at node: tool_result; tool calls: [grep_files]
[ConsensusLayerDepositManager (15 properties) (frozen-keeper-locking-totally)] at node: tools
[SharesManager (LsETH ERC20) (21 properties) (liquid-ideal-pruning-deftly) / Property feedback judge / CVL Researcher] at node: initial; tool calls: [cvl_manual_search, cvl_manual_search]
[ConsensusLayerDepositManager (15 properties) (frozen-keeper-locking-totally)] at node: tool_result; tool calls: [feedback_tool]
[ConsensusLayerDepositManager (15 properties) (frozen-keeper-locking-totally) / Property feedback judge] start  (via tool: toolu_0156ivMJE2vKEcSKzjfP8mzx)
[SharesManager (LsETH ERC20) (21 properties) (liquid-ideal-pruning-deftly) / Property feedback judge / CVL Researcher] at node: tools
[SharesManager (LsETH ERC20) (21 properties) (liquid-ideal-pruning-deftly) / Property feedback judge / Code Explorer: How does the `depositAndTransfer` function work in RiverV1? Does it ever mint shares directly to the recipient address, or does it mint to msg.sender and then transfer? What happens when recipient is address(0)?] at node: tools
[ConsensusLayerDepositManager (15 properties) (frozen-keeper-locking-totally) / Property feedback judge] at node: initial; tool calls: [memory]
[ConsensusLayerDepositManager (15 properties) (frozen-keeper-locking-totally) / Property feedback judge] at node: tools
[SharesManager (LsETH ERC20) (21 properties) (liquid-ideal-pruning-deftly) / Property feedback judge / Code Explorer: How does the `depositAndTransfer` function work in RiverV1? Does it ever mint shares directly to the recipient address, or does it mint to msg.sender and then transfer? What happens when recipient is address(0)?] at node: tool_result; tool calls: [get_file]
[SharesManager (LsETH ERC20) (21 properties) (liquid-ideal-pruning-deftly) / Property feedback judge / Code Explorer: How does the `depositAndTransfer` function work in RiverV1? Does it ever mint shares directly to the recipient address, or does it mint to msg.sender and then transfer? What happens when recipient is address(0)?] at node: tools
[ConsensusLayerDepositManager (15 properties) (frozen-keeper-locking-totally) / Property feedback judge] at node: tool_result; tool calls: [memory]
[ConsensusLayerDepositManager (15 properties) (frozen-keeper-locking-totally) / Property feedback judge] at node: tools
[SharesManager (LsETH ERC20) (21 properties) (liquid-ideal-pruning-deftly) / Property feedback judge / Code Explorer: How does the `depositAndTransfer` function work in RiverV1? Does it ever mint shares directly to the recipient address, or does it mint to msg.sender and then transfer? What happens when recipient is address(0)?] at node: tool_result; tool calls: [grep_files]
[SharesManager (LsETH ERC20) (21 properties) (liquid-ideal-pruning-deftly) / Property feedback judge / Code Explorer: How does the `depositAndTransfer` function work in RiverV1? Does it ever mint shares directly to the recipient address, or does it mint to msg.sender and then transfer? What happens when recipient is address(0)?] at node: tools
[SharesManager (LsETH ERC20) (21 properties) (liquid-ideal-pruning-deftly) / Property feedback judge / CVL Researcher] at node: tool_result; tool calls: [scan_knowledge_base, cvl_manual_search]
[SharesManager (LsETH ERC20) (21 properties) (liquid-ideal-pruning-deftly) / Property feedback judge / CVL Researcher] at node: tools
[UserDepositManager (16 properties) (tight-analysis-merging-briskly)] at node: tool_result; tool calls: [put_cvl_raw]
[UserDepositManager (16 properties) (tight-analysis-merging-briskly)] at node: tools
[SharesManager (LsETH ERC20) (21 properties) (liquid-ideal-pruning-deftly) / Property feedback judge / Code Explorer: How does the `depositAndTransfer` function work in RiverV1? Does it ever mint shares directly to the recipient address, or does it mint to msg.sender and then transfer? What happens when recipient is address(0)?] at node: tool_result; tool calls: [get_file]
[SharesManager (LsETH ERC20) (21 properties) (liquid-ideal-pruning-deftly) / Property feedback judge / Code Explorer: How does the `depositAndTransfer` function work in RiverV1? Does it ever mint shares directly to the recipient address, or does it mint to msg.sender and then transfer? What happens when recipient is address(0)?] at node: tools
[UserDepositManager (16 properties) (tight-analysis-merging-briskly)] at node: tool_result; tool calls: [feedback_tool]
[UserDepositManager (16 properties) (tight-analysis-merging-briskly) / Property feedback judge] start  (via tool: toolu_01H3T9Kj9t5xybN2MPwxrbJE)
[UserDepositManager (16 properties) (tight-analysis-merging-briskly) / Property feedback judge] at node: initial; tool calls: [memory]
[UserDepositManager (16 properties) (tight-analysis-merging-briskly) / Property feedback judge] at node: tools
[UserDepositManager (16 properties) (tight-analysis-merging-briskly) / Property feedback judge] at node: tool_result; tool calls: [memory]
[UserDepositManager (16 properties) (tight-analysis-merging-briskly) / Property feedback judge] at node: tools
[SharesManager (LsETH ERC20) (21 properties) (liquid-ideal-pruning-deftly) / Property feedback judge / Code Explorer: How does the `depositAndTransfer` function work in RiverV1? Does it ever mint shares directly to the recipient address, or does it mint to msg.sender and then transfer? What happens when recipient is address(0)?] at node: tool_result; tool calls: [result]
[SharesManager (LsETH ERC20) (21 properties) (liquid-ideal-pruning-deftly) / Property feedback judge / Code Explorer: How does the `depositAndTransfer` function work in RiverV1? Does it ever mint shares directly to the recipient address, or does it mint to msg.sender and then transfer? What happens when recipient is address(0)?] at node: tools
[SharesManager (LsETH ERC20) (21 properties) (liquid-ideal-pruning-deftly) / Property feedback judge / Code Explorer: How does the `depositAndTransfer` function work in RiverV1? Does it ever mint shares directly to the recipient address, or does it mint to msg.sender and then transfer? What happens when recipient is address(0)?] end
[SharesManager (LsETH ERC20) (21 properties) (liquid-ideal-pruning-deftly) / Property feedback judge / CVL Researcher] at node: tool_result; tool calls: [write_rough_draft]
[SharesManager (LsETH ERC20) (21 properties) (liquid-ideal-pruning-deftly) / Property feedback judge / CVL Researcher] at node: tools
[SharesManager (LsETH ERC20) (21 properties) (liquid-ideal-pruning-deftly) / Property feedback judge / CVL Researcher] at node: tool_result; tool calls: [read_rough_draft]
[SharesManager (LsETH ERC20) (21 properties) (liquid-ideal-pruning-deftly) / Property feedback judge / CVL Researcher] at node: tools
[SharesManager (LsETH ERC20) (21 properties) (liquid-ideal-pruning-deftly) / Property feedback judge / CVL Researcher] at node: tool_result; tool calls: [result]
[SharesManager (LsETH ERC20) (21 properties) (liquid-ideal-pruning-deftly) / Property feedback judge / CVL Researcher] at node: tools
[SharesManager (LsETH ERC20) (21 properties) (liquid-ideal-pruning-deftly) / Property feedback judge / CVL Researcher] end
[SharesManager (LsETH ERC20) (21 properties) (liquid-ideal-pruning-deftly) / Property feedback judge] at node: tools
[OracleManager (21 properties) (cobalt-lemma-verifying-keenly) / Property feedback judge] at node: tool_result; tool calls: [get_cvl]
[OracleManager (21 properties) (cobalt-lemma-verifying-keenly) / Property feedback judge] at node: tools
[ConsensusLayerDepositManager (15 properties) (frozen-keeper-locking-totally) / Property feedback judge] at node: tool_result; tool calls: [get_cvl]
[ConsensusLayerDepositManager (15 properties) (frozen-keeper-locking-totally) / Property feedback judge] at node: tools
[ConsensusLayerDepositManager (15 properties) (frozen-keeper-locking-totally) / Property feedback judge] at node: tool_result; tool calls: [write_rough_draft]
[ConsensusLayerDepositManager (15 properties) (frozen-keeper-locking-totally) / Property feedback judge] at node: tools
[ConsensusLayerDepositManager (15 properties) (frozen-keeper-locking-totally) / Property feedback judge] at node: tool_result; tool calls: [read_rough_draft]
[ConsensusLayerDepositManager (15 properties) (frozen-keeper-locking-totally) / Property feedback judge] at node: tools
[ConsensusLayerDepositManager (15 properties) (frozen-keeper-locking-totally) / Property feedback judge] at node: tool_result; tool calls: [memory]
[ConsensusLayerDepositManager (15 properties) (frozen-keeper-locking-totally) / Property feedback judge] at node: tools
[ConsensusLayerDepositManager (15 properties) (frozen-keeper-locking-totally) / Property feedback judge] at node: tool_result; tool calls: [memory]
[ConsensusLayerDepositManager (15 properties) (frozen-keeper-locking-totally) / Property feedback judge] at node: tools
[ConsensusLayerDepositManager (15 properties) (frozen-keeper-locking-totally) / Property feedback judge] at node: tool_result; tool calls: [result]
[ConsensusLayerDepositManager (15 properties) (frozen-keeper-locking-totally) / Property feedback judge] at node: tools
[ConsensusLayerDepositManager (15 properties) (frozen-keeper-locking-totally) / Property feedback judge] end
[ConsensusLayerDepositManager (15 properties) (frozen-keeper-locking-totally)] at node: tools
[ConsensusLayerDepositManager (15 properties) (frozen-keeper-locking-totally)] at node: tool_result; tool calls: [get_cvl]
[ConsensusLayerDepositManager (15 properties) (frozen-keeper-locking-totally)] at node: tools
[UserDepositManager (16 properties) (tight-analysis-merging-briskly) / Property feedback judge] at node: tool_result; tool calls: [get_cvl]
[UserDepositManager (16 properties) (tight-analysis-merging-briskly) / Property feedback judge] at node: tools
[OracleManager (21 properties) (cobalt-lemma-verifying-keenly) / Property feedback judge] at node: tool_result; tool calls: [write_rough_draft]
[OracleManager (21 properties) (cobalt-lemma-verifying-keenly) / Property feedback judge] at node: tools
[ConsensusLayerDepositManager (15 properties) (frozen-keeper-locking-totally)] at node: tool_result; tool calls: [put_cvl_raw]
[ConsensusLayerDepositManager (15 properties) (frozen-keeper-locking-totally)] at node: tools
[ConsensusLayerDepositManager (15 properties) (frozen-keeper-locking-totally)] at node: tool_result; tool calls: [feedback_tool]
[ConsensusLayerDepositManager (15 properties) (frozen-keeper-locking-totally) / Property feedback judge] start  (via tool: toolu_01KUC4HdURT8dM3RWQ9669pq)
[OracleManager (21 properties) (cobalt-lemma-verifying-keenly) / Property feedback judge] at node: tool_result; tool calls: [memory]
[OracleManager (21 properties) (cobalt-lemma-verifying-keenly) / Property feedback judge] at node: tools
[ConsensusLayerDepositManager (15 properties) (frozen-keeper-locking-totally) / Property feedback judge] at node: initial; tool calls: [memory]
[ConsensusLayerDepositManager (15 properties) (frozen-keeper-locking-totally) / Property feedback judge] at node: tools
[ConsensusLayerDepositManager (15 properties) (frozen-keeper-locking-totally) / Property feedback judge] at node: tool_result; tool calls: [memory]
[ConsensusLayerDepositManager (15 properties) (frozen-keeper-locking-totally) / Property feedback judge] at node: tools
[SharesManager (LsETH ERC20) (21 properties) (liquid-ideal-pruning-deftly) / Property feedback judge] at node: tool_result; tool calls: [write_rough_draft]
[SharesManager (LsETH ERC20) (21 properties) (liquid-ideal-pruning-deftly) / Property feedback judge] at node: tools
[SharesManager (LsETH ERC20) (21 properties) (liquid-ideal-pruning-deftly) / Property feedback judge] at node: tool_result; tool calls: [read_rough_draft]
[SharesManager (LsETH ERC20) (21 properties) (liquid-ideal-pruning-deftly) / Property feedback judge] at node: tools
[UserDepositManager (16 properties) (tight-analysis-merging-briskly) / Property feedback judge] at node: tool_result; tool calls: [write_rough_draft]
[UserDepositManager (16 properties) (tight-analysis-merging-briskly) / Property feedback judge] at node: tools
[UserDepositManager (16 properties) (tight-analysis-merging-briskly) / Property feedback judge] at node: tool_result; tool calls: [read_rough_draft]
[UserDepositManager (16 properties) (tight-analysis-merging-briskly) / Property feedback judge] at node: tools
[OracleManager (21 properties) (cobalt-lemma-verifying-keenly) / Property feedback judge] at node: tool_result; tool calls: [memory]
[OracleManager (21 properties) (cobalt-lemma-verifying-keenly) / Property feedback judge] at node: tools
[UserDepositManager (16 properties) (tight-analysis-merging-briskly) / Property feedback judge] at node: tool_result; tool calls: [memory]
[UserDepositManager (16 properties) (tight-analysis-merging-briskly) / Property feedback judge] at node: tools
[SharesManager (LsETH ERC20) (21 properties) (liquid-ideal-pruning-deftly) / Property feedback judge] at node: tool_result; tool calls: [memory]
[SharesManager (LsETH ERC20) (21 properties) (liquid-ideal-pruning-deftly) / Property feedback judge] at node: tools
[OracleManager (21 properties) (cobalt-lemma-verifying-keenly) / Property feedback judge] at node: tool_result; tool calls: [result]
[OracleManager (21 properties) (cobalt-lemma-verifying-keenly) / Property feedback judge] at node: tools
[OracleManager (21 properties) (cobalt-lemma-verifying-keenly) / Property feedback judge] at node: tool_result; tool calls: [read_rough_draft]
[OracleManager (21 properties) (cobalt-lemma-verifying-keenly) / Property feedback judge] at node: tools
[OracleManager (21 properties) (cobalt-lemma-verifying-keenly) / Property feedback judge] at node: tool_result; tool calls: [result]
[OracleManager (21 properties) (cobalt-lemma-verifying-keenly) / Property feedback judge] at node: tools
[OracleManager (21 properties) (cobalt-lemma-verifying-keenly) / Property feedback judge] end
[OracleManager (21 properties) (cobalt-lemma-verifying-keenly)] at node: tools
[SharesManager (LsETH ERC20) (21 properties) (liquid-ideal-pruning-deftly) / Property feedback judge] at node: tool_result; tool calls: [result]
[SharesManager (LsETH ERC20) (21 properties) (liquid-ideal-pruning-deftly) / Property feedback judge] at node: tools
[SharesManager (LsETH ERC20) (21 properties) (liquid-ideal-pruning-deftly) / Property feedback judge] end
[SharesManager (LsETH ERC20) (21 properties) (liquid-ideal-pruning-deftly)] at node: tools
[OracleManager (21 properties) (cobalt-lemma-verifying-keenly)] at node: tool_result; tool calls: [get_cvl]
[OracleManager (21 properties) (cobalt-lemma-verifying-keenly)] at node: tools
[UserDepositManager (16 properties) (tight-analysis-merging-briskly) / Property feedback judge] at node: tool_result; tool calls: [memory]
[UserDepositManager (16 properties) (tight-analysis-merging-briskly) / Property feedback judge] at node: tools
[UserDepositManager (16 properties) (tight-analysis-merging-briskly) / Property feedback judge] at node: tool_result; tool calls: [result]
[UserDepositManager (16 properties) (tight-analysis-merging-briskly) / Property feedback judge] at node: tools
[UserDepositManager (16 properties) (tight-analysis-merging-briskly) / Property feedback judge] end
[UserDepositManager (16 properties) (tight-analysis-merging-briskly)] at node: tools
[SharesManager (LsETH ERC20) (21 properties) (liquid-ideal-pruning-deftly)] at node: tool_result; tool calls: [get_file]
[SharesManager (LsETH ERC20) (21 properties) (liquid-ideal-pruning-deftly)] at node: tools
[UserDepositManager (16 properties) (tight-analysis-merging-briskly)] at node: tool_result; tool calls: [expect_rule_passage, expect_rule_passage]
[SharesManager (LsETH ERC20) (21 properties) (liquid-ideal-pruning-deftly)] at node: tool_result; tool calls: [expect_rule_passage, expect_rule_passage]
[OracleManager (21 properties) (cobalt-lemma-verifying-keenly)] at node: tool_result; tool calls: [put_cvl_raw]
[OracleManager (21 properties) (cobalt-lemma-verifying-keenly)] at node: tools
[OracleManager (21 properties) (cobalt-lemma-verifying-keenly)] at node: tool_result; tool calls: [feedback_tool]
[OracleManager (21 properties) (cobalt-lemma-verifying-keenly) / Property feedback judge] start  (via tool: toolu_011v7iERechHq7dQBaAo2wBx)
[OracleManager (21 properties) (cobalt-lemma-verifying-keenly) / Property feedback judge] at node: initial; tool calls: [memory]
[OracleManager (21 properties) (cobalt-lemma-verifying-keenly) / Property feedback judge] at node: tools
[OracleManager (21 properties) (cobalt-lemma-verifying-keenly) / Property feedback judge] at node: tool_result; tool calls: [memory]
[OracleManager (21 properties) (cobalt-lemma-verifying-keenly) / Property feedback judge] at node: tools
[ConsensusLayerDepositManager (15 properties) (frozen-keeper-locking-totally) / Property feedback judge] at node: tool_result; tool calls: [get_cvl]
[ConsensusLayerDepositManager (15 properties) (frozen-keeper-locking-totally) / Property feedback judge] at node: tools
[UserDepositManager (16 properties) (tight-analysis-merging-briskly)] at node: tool_result; tool calls: [put_cvl_raw]
[UserDepositManager (16 properties) (tight-analysis-merging-briskly)] at node: tools
[UserDepositManager (16 properties) (tight-analysis-merging-briskly)] at node: tool_result; tool calls: [feedback_tool]
[UserDepositManager (16 properties) (tight-analysis-merging-briskly) / Property feedback judge] start  (via tool: toolu_014F9PAu9Tn8cXkDjAuiUhek)
[UserDepositManager (16 properties) (tight-analysis-merging-briskly) / Property feedback judge] at node: initial; tool calls: [memory]
[UserDepositManager (16 properties) (tight-analysis-merging-briskly) / Property feedback judge] at node: tools
[UserDepositManager (16 properties) (tight-analysis-merging-briskly) / Property feedback judge] at node: tool_result; tool calls: [memory]
[UserDepositManager (16 properties) (tight-analysis-merging-briskly) / Property feedback judge] at node: tools
[SharesManager (LsETH ERC20) (21 properties) (liquid-ideal-pruning-deftly)] at node: tool_result; tool calls: [put_cvl_raw]
[SharesManager (LsETH ERC20) (21 properties) (liquid-ideal-pruning-deftly)] at node: tools
[ConsensusLayerDepositManager (15 properties) (frozen-keeper-locking-totally) / Property feedback judge] at node: tool_result; tool calls: [write_rough_draft]
[ConsensusLayerDepositManager (15 properties) (frozen-keeper-locking-totally) / Property feedback judge] at node: tools
[SharesManager (LsETH ERC20) (21 properties) (liquid-ideal-pruning-deftly)] at node: tool_result; tool calls: [feedback_tool]
[SharesManager (LsETH ERC20) (21 properties) (liquid-ideal-pruning-deftly) / Property feedback judge] start  (via tool: toolu_01AsBoT3W5GvWukCDk9LSRma)
[ConsensusLayerDepositManager (15 properties) (frozen-keeper-locking-totally) / Property feedback judge] at node: tool_result; tool calls: [read_rough_draft]
[ConsensusLayerDepositManager (15 properties) (frozen-keeper-locking-totally) / Property feedback judge] at node: tools
[SharesManager (LsETH ERC20) (21 properties) (liquid-ideal-pruning-deftly) / Property feedback judge] at node: initial; tool calls: [memory]
[SharesManager (LsETH ERC20) (21 properties) (liquid-ideal-pruning-deftly) / Property feedback judge] at node: tools
[SharesManager (LsETH ERC20) (21 properties) (liquid-ideal-pruning-deftly) / Property feedback judge] at node: tool_result; tool calls: [memory]
[SharesManager (LsETH ERC20) (21 properties) (liquid-ideal-pruning-deftly) / Property feedback judge] at node: tools
[ConsensusLayerDepositManager (15 properties) (frozen-keeper-locking-totally) / Property feedback judge] at node: tool_result; tool calls: [memory]
[ConsensusLayerDepositManager (15 properties) (frozen-keeper-locking-totally) / Property feedback judge] at node: tools
[ConsensusLayerDepositManager (15 properties) (frozen-keeper-locking-totally) / Property feedback judge] at node: tool_result; tool calls: [memory]
[ConsensusLayerDepositManager (15 properties) (frozen-keeper-locking-totally) / Property feedback judge] at node: tools
[ConsensusLayerDepositManager (15 properties) (frozen-keeper-locking-totally) / Property feedback judge] at node: tool_result; tool calls: [result]
[ConsensusLayerDepositManager (15 properties) (frozen-keeper-locking-totally) / Property feedback judge] at node: tools
[ConsensusLayerDepositManager (15 properties) (frozen-keeper-locking-totally) / Property feedback judge] end
[ConsensusLayerDepositManager (15 properties) (frozen-keeper-locking-totally)] at node: tools
[ConsensusLayerDepositManager (15 properties) (frozen-keeper-locking-totally)] at node: tool_result; tool calls: [memory]
[ConsensusLayerDepositManager (15 properties) (frozen-keeper-locking-totally)] at node: tools
[ConsensusLayerDepositManager (15 properties) (frozen-keeper-locking-totally)] at node: tool_result; tool calls: [verify_spec]
[ConsensusLayerDepositManager (15 properties) (frozen-keeper-locking-totally)]: prover start
[ConsensusLayerDepositManager (15 properties) (frozen-keeper-locking-totally)] at node: tools
[ConsensusLayerDepositManager (15 properties) (frozen-keeper-locking-totally)] at node: summarize
[ConsensusLayerDepositManager (15 properties) (frozen-keeper-locking-totally)] at node: tool_result; tool calls: [memory]
[ConsensusLayerDepositManager (15 properties) (frozen-keeper-locking-totally)] at node: tools
[ConsensusLayerDepositManager (15 properties) (frozen-keeper-locking-totally)] at node: tool_result; tool calls: [memory]
[ConsensusLayerDepositManager (15 properties) (frozen-keeper-locking-totally)] at node: tools
[ConsensusLayerDepositManager (15 properties) (frozen-keeper-locking-totally)] at node: tool_result; tool calls: [get_cvl]
[ConsensusLayerDepositManager (15 properties) (frozen-keeper-locking-totally)] at node: tools
[ConsensusLayerDepositManager (15 properties) (frozen-keeper-locking-totally)] at node: tool_result; tool calls: [grep_files, grep_files]
[ConsensusLayerDepositManager (15 properties) (frozen-keeper-locking-totally)] at node: tools
[ConsensusLayerDepositManager (15 properties) (frozen-keeper-locking-totally)] at node: tool_result; tool calls: [grep_files]
[ConsensusLayerDepositManager (15 properties) (frozen-keeper-locking-totally)] at node: tools
[ConsensusLayerDepositManager (15 properties) (frozen-keeper-locking-totally)] at node: tool_result; tool calls: [list_files]
[ConsensusLayerDepositManager (15 properties) (frozen-keeper-locking-totally)] at node: tools
[ConsensusLayerDepositManager (15 properties) (frozen-keeper-locking-totally)] at node: tool_result; tool calls: [get_file, get_file]
[ConsensusLayerDepositManager (15 properties) (frozen-keeper-locking-totally)] at node: tools
[ConsensusLayerDepositManager (15 properties) (frozen-keeper-locking-totally)] at node: tool_result; tool calls: [get_file, grep_files]
[ConsensusLayerDepositManager (15 properties) (frozen-keeper-locking-totally)] at node: tools
[ConsensusLayerDepositManager (15 properties) (frozen-keeper-locking-totally)] at node: tool_result; tool calls: [get_file, get_file]
[ConsensusLayerDepositManager (15 properties) (frozen-keeper-locking-totally)] at node: tools
[ConsensusLayerDepositManager (15 properties) (frozen-keeper-locking-totally)] at node: tool_result; tool calls: [get_file, grep_files]
[ConsensusLayerDepositManager (15 properties) (frozen-keeper-locking-totally)] at node: tools
[ConsensusLayerDepositManager (15 properties) (frozen-keeper-locking-totally)] at node: tool_result; tool calls: [grep_files]
[ConsensusLayerDepositManager (15 properties) (frozen-keeper-locking-totally)] at node: tools
[ConsensusLayerDepositManager (15 properties) (frozen-keeper-locking-totally)] at node: tool_result; tool calls: [grep_files]
[ConsensusLayerDepositManager (15 properties) (frozen-keeper-locking-totally)] at node: tools
[ConsensusLayerDepositManager (15 properties) (frozen-keeper-locking-totally)] at node: tool_result; tool calls: [grep_files]
[ConsensusLayerDepositManager (15 properties) (frozen-keeper-locking-totally)] at node: tools
[ConsensusLayerDepositManager (15 properties) (frozen-keeper-locking-totally)] at node: tool_result; tool calls: [get_file]
[ConsensusLayerDepositManager (15 properties) (frozen-keeper-locking-totally)] at node: tools
[ConsensusLayerDepositManager (15 properties) (frozen-keeper-locking-totally)] at node: tool_result; tool calls: [get_file]
[ConsensusLayerDepositManager (15 properties) (frozen-keeper-locking-totally)] at node: tools
[ConsensusLayerDepositManager (15 properties) (frozen-keeper-locking-totally)] at node: tool_result; tool calls: [get_file]
[ConsensusLayerDepositManager (15 properties) (frozen-keeper-locking-totally)] at node: tools
[ConsensusLayerDepositManager (15 properties) (frozen-keeper-locking-totally)] at node: tool_result; tool calls: [get_file]
[ConsensusLayerDepositManager (15 properties) (frozen-keeper-locking-totally)] at node: tools
[ConsensusLayerDepositManager (15 properties) (frozen-keeper-locking-totally)] at node: tool_result; tool calls: [get_file]
[ConsensusLayerDepositManager (15 properties) (frozen-keeper-locking-totally)] at node: tools
[UserDepositManager (16 properties) (tight-analysis-merging-briskly) / Property feedback judge] at node: tool_result; tool calls: [get_cvl]
[UserDepositManager (16 properties) (tight-analysis-merging-briskly) / Property feedback judge] at node: tools
[OracleManager (21 properties) (cobalt-lemma-verifying-keenly) / Property feedback judge] at node: tool_result; tool calls: [get_cvl]
[OracleManager (21 properties) (cobalt-lemma-verifying-keenly) / Property feedback judge] at node: tools
[ConsensusLayerDepositManager (15 properties) (frozen-keeper-locking-totally)] at node: tool_result; tool calls: [put_cvl_raw]
[ConsensusLayerDepositManager (15 properties) (frozen-keeper-locking-totally)] at node: tools
[ConsensusLayerDepositManager (15 properties) (frozen-keeper-locking-totally)] at node: tool_result; tool calls: [record_skip]
[ConsensusLayerDepositManager (15 properties) (frozen-keeper-locking-totally)] at node: tools
[UserDepositManager (16 properties) (tight-analysis-merging-briskly) / Property feedback judge] at node: tool_result; tool calls: [write_rough_draft]
[UserDepositManager (16 properties) (tight-analysis-merging-briskly) / Property feedback judge] at node: tools
[UserDepositManager (16 properties) (tight-analysis-merging-briskly) / Property feedback judge] at node: tool_result; tool calls: [read_rough_draft]
[UserDepositManager (16 properties) (tight-analysis-merging-briskly) / Property feedback judge] at node: tools
[SharesManager (LsETH ERC20) (21 properties) (liquid-ideal-pruning-deftly) / Property feedback judge] at node: tool_result; tool calls: [get_cvl]
[SharesManager (LsETH ERC20) (21 properties) (liquid-ideal-pruning-deftly) / Property feedback judge] at node: tools
[ConsensusLayerDepositManager (15 properties) (frozen-keeper-locking-totally)] at node: tool_result; tool calls: [memory]
[ConsensusLayerDepositManager (15 properties) (frozen-keeper-locking-totally)] at node: tools
[ConsensusLayerDepositManager (15 properties) (frozen-keeper-locking-totally)] at node: tool_result; tool calls: [verify_spec]
[ConsensusLayerDepositManager (15 properties) (frozen-keeper-locking-totally)]: prover start
[OracleManager (21 properties) (cobalt-lemma-verifying-keenly) / Property feedback judge] at node: tool_result; tool calls: [write_rough_draft]
[OracleManager (21 properties) (cobalt-lemma-verifying-keenly) / Property feedback judge] at node: tools
[OracleManager (21 properties) (cobalt-lemma-verifying-keenly) / Property feedback judge] at node: tool_result; tool calls: [read_rough_draft]
[OracleManager (21 properties) (cobalt-lemma-verifying-keenly) / Property feedback judge] at node: tools
[UserDepositManager (16 properties) (tight-analysis-merging-briskly) / Property feedback judge] at node: tool_result; tool calls: [memory]
[UserDepositManager (16 properties) (tight-analysis-merging-briskly) / Property feedback judge] at node: tools
[OracleManager (21 properties) (cobalt-lemma-verifying-keenly) / Property feedback judge] at node: tool_result; tool calls: [memory]
[OracleManager (21 properties) (cobalt-lemma-verifying-keenly) / Property feedback judge] at node: tools
[ConsensusLayerDepositManager (15 properties) (frozen-keeper-locking-totally)] at node: tools
[UserDepositManager (16 properties) (tight-analysis-merging-briskly) / Property feedback judge] at node: tool_result; tool calls: [result]
[UserDepositManager (16 properties) (tight-analysis-merging-briskly) / Property feedback judge] at node: tools
[UserDepositManager (16 properties) (tight-analysis-merging-briskly) / Property feedback judge] end
[UserDepositManager (16 properties) (tight-analysis-merging-briskly)] at node: tools
[OracleManager (21 properties) (cobalt-lemma-verifying-keenly) / Property feedback judge] at node: tool_result; tool calls: [memory]
[OracleManager (21 properties) (cobalt-lemma-verifying-keenly) / Property feedback judge] at node: tools
[OracleManager (21 properties) (cobalt-lemma-verifying-keenly) / Property feedback judge] at node: tool_result; tool calls: [result]
[OracleManager (21 properties) (cobalt-lemma-verifying-keenly) / Property feedback judge] at node: tools
[OracleManager (21 properties) (cobalt-lemma-verifying-keenly) / Property feedback judge] end
[OracleManager (21 properties) (cobalt-lemma-verifying-keenly)] at node: tools
[UserDepositManager (16 properties) (tight-analysis-merging-briskly)] at node: tool_result; tool calls: [get_cvl]
[UserDepositManager (16 properties) (tight-analysis-merging-briskly)] at node: tools
[OracleManager (21 properties) (cobalt-lemma-verifying-keenly)] at node: tool_result; tool calls: [memory]
[OracleManager (21 properties) (cobalt-lemma-verifying-keenly)] at node: tools
[OracleManager (21 properties) (cobalt-lemma-verifying-keenly)] at node: tool_result; tool calls: [verify_spec]
[OracleManager (21 properties) (cobalt-lemma-verifying-keenly)]: prover start
[SharesManager (LsETH ERC20) (21 properties) (liquid-ideal-pruning-deftly) / Property feedback judge] at node: tool_result; tool calls: [write_rough_draft]
[SharesManager (LsETH ERC20) (21 properties) (liquid-ideal-pruning-deftly) / Property feedback judge] at node: tools
[SharesManager (LsETH ERC20) (21 properties) (liquid-ideal-pruning-deftly) / Property feedback judge] at node: tool_result; tool calls: [read_rough_draft]
[SharesManager (LsETH ERC20) (21 properties) (liquid-ideal-pruning-deftly) / Property feedback judge] at node: tools
[ConsensusLayerDepositManager (15 properties) (frozen-keeper-locking-totally)] at node: tool_result; tool calls: [get_file]
[ConsensusLayerDepositManager (15 properties) (frozen-keeper-locking-totally)] at node: tools
[SharesManager (LsETH ERC20) (21 properties) (liquid-ideal-pruning-deftly) / Property feedback judge] at node: tool_result; tool calls: [memory]
[SharesManager (LsETH ERC20) (21 properties) (liquid-ideal-pruning-deftly) / Property feedback judge] at node: tools
[ConsensusLayerDepositManager (15 properties) (frozen-keeper-locking-totally)] at node: tool_result; tool calls: [get_file]
[ConsensusLayerDepositManager (15 properties) (frozen-keeper-locking-totally)] at node: tools
[OracleManager (21 properties) (cobalt-lemma-verifying-keenly)] at node: tools
[SharesManager (LsETH ERC20) (21 properties) (liquid-ideal-pruning-deftly) / Property feedback judge] at node: tool_result; tool calls: [memory]
[SharesManager (LsETH ERC20) (21 properties) (liquid-ideal-pruning-deftly) / Property feedback judge] at node: tools
[SharesManager (LsETH ERC20) (21 properties) (liquid-ideal-pruning-deftly) / Property feedback judge] at node: tool_result; tool calls: [result]
[SharesManager (LsETH ERC20) (21 properties) (liquid-ideal-pruning-deftly) / Property feedback judge] at node: tools
[SharesManager (LsETH ERC20) (21 properties) (liquid-ideal-pruning-deftly) / Property feedback judge] end
[SharesManager (LsETH ERC20) (21 properties) (liquid-ideal-pruning-deftly)] at node: tools
[SharesManager (LsETH ERC20) (21 properties) (liquid-ideal-pruning-deftly)] at node: tool_result; tool calls: [memory]
[SharesManager (LsETH ERC20) (21 properties) (liquid-ideal-pruning-deftly)] at node: tools
[SharesManager (LsETH ERC20) (21 properties) (liquid-ideal-pruning-deftly)] at node: tool_result; tool calls: [verify_spec]
[SharesManager (LsETH ERC20) (21 properties) (liquid-ideal-pruning-deftly)]: prover start
[UserDepositManager (16 properties) (tight-analysis-merging-briskly)] at node: tool_result; tool calls: [put_cvl_raw]
[UserDepositManager (16 properties) (tight-analysis-merging-briskly)] at node: tools
[SharesManager (LsETH ERC20) (21 properties) (liquid-ideal-pruning-deftly)] at node: tools
[OracleManager (21 properties) (cobalt-lemma-verifying-keenly)] at node: tool_result; tool calls: [grep_files]
[OracleManager (21 properties) (cobalt-lemma-verifying-keenly)] at node: tools
[OracleManager (21 properties) (cobalt-lemma-verifying-keenly)] at node: tool_result; tool calls: [grep_files]
[UserDepositManager (16 properties) (tight-analysis-merging-briskly)] at node: summarize
[OracleManager (21 properties) (cobalt-lemma-verifying-keenly)] at node: tools
[UserDepositManager (16 properties) (tight-analysis-merging-briskly)] at node: tool_result; tool calls: [memory]
[UserDepositManager (16 properties) (tight-analysis-merging-briskly)] at node: tools
[UserDepositManager (16 properties) (tight-analysis-merging-briskly)] at node: tool_result; tool calls: [memory]
[UserDepositManager (16 properties) (tight-analysis-merging-briskly)] at node: tools
[UserDepositManager (16 properties) (tight-analysis-merging-briskly)] at node: tool_result; tool calls: [get_cvl]
[UserDepositManager (16 properties) (tight-analysis-merging-briskly)] at node: tools
[UserDepositManager (16 properties) (tight-analysis-merging-briskly)] at node: tool_result; tool calls: [verify_spec]
[UserDepositManager (16 properties) (tight-analysis-merging-briskly)]: prover start
[ConsensusLayerDepositManager (15 properties) (frozen-keeper-locking-totally)] at node: tool_result; tool calls: [put_cvl_raw]
[ConsensusLayerDepositManager (15 properties) (frozen-keeper-locking-totally)] at node: tools
[ConsensusLayerDepositManager (15 properties) (frozen-keeper-locking-totally)] at node: tool_result; tool calls: [verify_spec]
[ConsensusLayerDepositManager (15 properties) (frozen-keeper-locking-totally)]: prover start
[SharesManager (LsETH ERC20) (21 properties) (liquid-ideal-pruning-deftly)] at node: tool_result; tool calls: [get_file]
[SharesManager (LsETH ERC20) (21 properties) (liquid-ideal-pruning-deftly)] at node: tools
[UserDepositManager (16 properties) (tight-analysis-merging-briskly)] at node: tools
[UserDepositManager (16 properties) (tight-analysis-merging-briskly)] at node: tool_result; tool calls: [list_files]
[ConsensusLayerDepositManager (15 properties) (frozen-keeper-locking-totally)] at node: tools
[UserDepositManager (16 properties) (tight-analysis-merging-briskly)] at node: tools
[UserDepositManager (16 properties) (tight-analysis-merging-briskly)] at node: tool_result; tool calls: [get_file, get_file]
[UserDepositManager (16 properties) (tight-analysis-merging-briskly)] at node: tools
[ConsensusLayerDepositManager (15 properties) (frozen-keeper-locking-totally)] at node: tool_result; tool calls: [cvl_research]
[ConsensusLayerDepositManager (15 properties) (frozen-keeper-locking-totally) / CVL Researcher] start  (via tool: toolu_01XYwqaE9rhn4tcwLL7cyts8)
[UserDepositManager (16 properties) (tight-analysis-merging-briskly)] at node: tool_result; tool calls: [get_file]
[UserDepositManager (16 properties) (tight-analysis-merging-briskly)] at node: tools
[ConsensusLayerDepositManager (15 properties) (frozen-keeper-locking-totally) / CVL Researcher] at node: initial; tool calls: [cvl_manual_search, cvl_keyword_search]
[ConsensusLayerDepositManager (15 properties) (frozen-keeper-locking-totally) / CVL Researcher] at node: tools
[SharesManager (LsETH ERC20) (21 properties) (liquid-ideal-pruning-deftly)] at node: summarize
[ConsensusLayerDepositManager (15 properties) (frozen-keeper-locking-totally) / CVL Researcher] at node: tool_result; tool calls: [get_cvl_manual_section]
[ConsensusLayerDepositManager (15 properties) (frozen-keeper-locking-totally) / CVL Researcher] at node: tools
[SharesManager (LsETH ERC20) (21 properties) (liquid-ideal-pruning-deftly)] at node: tool_result; tool calls: [memory, get_cvl]
[SharesManager (LsETH ERC20) (21 properties) (liquid-ideal-pruning-deftly)] at node: tools
[ConsensusLayerDepositManager (15 properties) (frozen-keeper-locking-totally) / CVL Researcher] at node: tool_result; tool calls: [get_cvl_manual_section]
[ConsensusLayerDepositManager (15 properties) (frozen-keeper-locking-totally) / CVL Researcher] at node: tools
[ConsensusLayerDepositManager (15 properties) (frozen-keeper-locking-totally) / CVL Researcher] at node: tool_result; tool calls: [scan_knowledge_base, cvl_manual_search]
[UserDepositManager (16 properties) (tight-analysis-merging-briskly)] at node: tool_result; tool calls: [get_file, get_file]
[UserDepositManager (16 properties) (tight-analysis-merging-briskly)] at node: tools
[ConsensusLayerDepositManager (15 properties) (frozen-keeper-locking-totally) / CVL Researcher] at node: tools
[ConsensusLayerDepositManager (15 properties) (frozen-keeper-locking-totally) / CVL Researcher] at node: tool_result; tool calls: [cvl_keyword_search]
[ConsensusLayerDepositManager (15 properties) (frozen-keeper-locking-totally) / CVL Researcher] at node: tools
[SharesManager (LsETH ERC20) (21 properties) (liquid-ideal-pruning-deftly)] at node: tool_result; tool calls: [memory]
[SharesManager (LsETH ERC20) (21 properties) (liquid-ideal-pruning-deftly)] at node: tools
[ConsensusLayerDepositManager (15 properties) (frozen-keeper-locking-totally) / CVL Researcher] at node: tool_result; tool calls: [write_rough_draft]
[ConsensusLayerDepositManager (15 properties) (frozen-keeper-locking-totally) / CVL Researcher] at node: tools
[ConsensusLayerDepositManager (15 properties) (frozen-keeper-locking-totally) / CVL Researcher] at node: tool_result; tool calls: [read_rough_draft]
[ConsensusLayerDepositManager (15 properties) (frozen-keeper-locking-totally) / CVL Researcher] at node: tools
[UserDepositManager (16 properties) (tight-analysis-merging-briskly)] at node: tool_result; tool calls: [get_cvl]
[UserDepositManager (16 properties) (tight-analysis-merging-briskly)] at node: tools
[ConsensusLayerDepositManager (15 properties) (frozen-keeper-locking-totally) / CVL Researcher] at node: tool_result; tool calls: [result]
[ConsensusLayerDepositManager (15 properties) (frozen-keeper-locking-totally) / CVL Researcher] at node: tools
[ConsensusLayerDepositManager (15 properties) (frozen-keeper-locking-totally) / CVL Researcher] end
[OracleManager (21 properties) (cobalt-lemma-verifying-keenly)] at node: tool_result; tool calls: [put_cvl_raw]
[ConsensusLayerDepositManager (15 properties) (frozen-keeper-locking-totally)] at node: tools
[OracleManager (21 properties) (cobalt-lemma-verifying-keenly)] at node: tools
[OracleManager (21 properties) (cobalt-lemma-verifying-keenly)] at node: tool_result; tool calls: [verify_spec]
[OracleManager (21 properties) (cobalt-lemma-verifying-keenly)]: prover start
[SharesManager (LsETH ERC20) (21 properties) (liquid-ideal-pruning-deftly)] at node: tool_result; tool calls: [grep_files, get_file]
[UserDepositManager (16 properties) (tight-analysis-merging-briskly)] at node: tool_result; tool calls: [grep_files]
[SharesManager (LsETH ERC20) (21 properties) (liquid-ideal-pruning-deftly)] at node: tools
[SharesManager (LsETH ERC20) (21 properties) (liquid-ideal-pruning-deftly)] at node: tool_result; tool calls: [grep_files, list_files]
[UserDepositManager (16 properties) (tight-analysis-merging-briskly)] at node: tools
[OracleManager (21 properties) (cobalt-lemma-verifying-keenly)] at node: tools
[SharesManager (LsETH ERC20) (21 properties) (liquid-ideal-pruning-deftly)] at node: tools
[SharesManager (LsETH ERC20) (21 properties) (liquid-ideal-pruning-deftly)] at node: tool_result; tool calls: [get_file, get_file]
[SharesManager (LsETH ERC20) (21 properties) (liquid-ideal-pruning-deftly)] at node: tools
[SharesManager (LsETH ERC20) (21 properties) (liquid-ideal-pruning-deftly)] at node: tool_result; tool calls: [get_file, get_file]
[SharesManager (LsETH ERC20) (21 properties) (liquid-ideal-pruning-deftly)] at node: tools
[SharesManager (LsETH ERC20) (21 properties) (liquid-ideal-pruning-deftly)] at node: tool_result; tool calls: [get_file, get_file]
[SharesManager (LsETH ERC20) (21 properties) (liquid-ideal-pruning-deftly)] at node: tools
[UserDepositManager (16 properties) (tight-analysis-merging-briskly)] at node: tool_result; tool calls: [get_file]
[UserDepositManager (16 properties) (tight-analysis-merging-briskly)] at node: tools
[ConsensusLayerDepositManager (15 properties) (frozen-keeper-locking-totally)] at node: tool_result; tool calls: [put_cvl_raw]
[ConsensusLayerDepositManager (15 properties) (frozen-keeper-locking-totally)] at node: tools
[ConsensusLayerDepositManager (15 properties) (frozen-keeper-locking-totally)] at node: tool_result; tool calls: [verify_spec]
[ConsensusLayerDepositManager (15 properties) (frozen-keeper-locking-totally)]: prover start
[SharesManager (LsETH ERC20) (21 properties) (liquid-ideal-pruning-deftly)] at node: tool_result; tool calls: [get_file]
[SharesManager (LsETH ERC20) (21 properties) (liquid-ideal-pruning-deftly)] at node: tools
[OracleManager (21 properties) (cobalt-lemma-verifying-keenly)] at node: tool_result; tool calls: [grep_files]
[ConsensusLayerDepositManager (15 properties) (frozen-keeper-locking-totally)] at node: tools
[OracleManager (21 properties) (cobalt-lemma-verifying-keenly)] at node: tools
[SharesManager (LsETH ERC20) (21 properties) (liquid-ideal-pruning-deftly)] at node: tool_result; tool calls: [get_file]
[SharesManager (LsETH ERC20) (21 properties) (liquid-ideal-pruning-deftly)] at node: tools
[ConsensusLayerDepositManager (15 properties) (frozen-keeper-locking-totally)] at node: tool_result; tool calls: [get_file, get_file]
[ConsensusLayerDepositManager (15 properties) (frozen-keeper-locking-totally)] at node: tools
[ConsensusLayerDepositManager (15 properties) (frozen-keeper-locking-totally)] at node: tool_result; tool calls: [grep_files]
[ConsensusLayerDepositManager (15 properties) (frozen-keeper-locking-totally)] at node: tools
[ConsensusLayerDepositManager (15 properties) (frozen-keeper-locking-totally)] at node: tool_result; tool calls: [grep_files]
[ConsensusLayerDepositManager (15 properties) (frozen-keeper-locking-totally)] at node: tools
[OracleManager (21 properties) (cobalt-lemma-verifying-keenly)] at node: summarize
[OracleManager (21 properties) (cobalt-lemma-verifying-keenly)] at node: tool_result; tool calls: [memory]
[OracleManager (21 properties) (cobalt-lemma-verifying-keenly)] at node: tools
[OracleManager (21 properties) (cobalt-lemma-verifying-keenly)] at node: tool_result; tool calls: [memory]
[OracleManager (21 properties) (cobalt-lemma-verifying-keenly)] at node: tools
[OracleManager (21 properties) (cobalt-lemma-verifying-keenly)] at node: tool_result; tool calls: [get_cvl]
[OracleManager (21 properties) (cobalt-lemma-verifying-keenly)] at node: tools
[OracleManager (21 properties) (cobalt-lemma-verifying-keenly)] at node: tool_result; tool calls: [get_file, list_files]
[ConsensusLayerDepositManager (15 properties) (frozen-keeper-locking-totally)] at node: tool_result; tool calls: [grep_files]
[OracleManager (21 properties) (cobalt-lemma-verifying-keenly)] at node: tools
[ConsensusLayerDepositManager (15 properties) (frozen-keeper-locking-totally)] at node: tools
[OracleManager (21 properties) (cobalt-lemma-verifying-keenly)] at node: tool_result; tool calls: [get_file, get_file]
[OracleManager (21 properties) (cobalt-lemma-verifying-keenly)] at node: tools
[ConsensusLayerDepositManager (15 properties) (frozen-keeper-locking-totally)] at node: tool_result; tool calls: [grep_files]
[UserDepositManager (16 properties) (tight-analysis-merging-briskly)] at node: tool_result; tool calls: [put_cvl_raw]
[UserDepositManager (16 properties) (tight-analysis-merging-briskly)] at node: tools
[ConsensusLayerDepositManager (15 properties) (frozen-keeper-locking-totally)] at node: tools
[UserDepositManager (16 properties) (tight-analysis-merging-briskly)] at node: tool_result; tool calls: [verify_spec]
[UserDepositManager (16 properties) (tight-analysis-merging-briskly)]: prover start
[OracleManager (21 properties) (cobalt-lemma-verifying-keenly)] at node: tool_result; tool calls: [get_file, get_file]
[OracleManager (21 properties) (cobalt-lemma-verifying-keenly)] at node: tools
[UserDepositManager (16 properties) (tight-analysis-merging-briskly)] at node: tools
[OracleManager (21 properties) (cobalt-lemma-verifying-keenly)] at node: tool_result; tool calls: [get_file, get_file]
[OracleManager (21 properties) (cobalt-lemma-verifying-keenly)] at node: tools
[OracleManager (21 properties) (cobalt-lemma-verifying-keenly)] at node: tool_result; tool calls: [get_file]
[OracleManager (21 properties) (cobalt-lemma-verifying-keenly)] at node: tools
[SharesManager (LsETH ERC20) (21 properties) (liquid-ideal-pruning-deftly)] at node: tool_result; tool calls: [cvl_research]
[SharesManager (LsETH ERC20) (21 properties) (liquid-ideal-pruning-deftly) / CVL Researcher] start  (via tool: toolu_01UsiWr6BKrmhCHTaAGeRdeh)
[ConsensusLayerDepositManager (15 properties) (frozen-keeper-locking-totally)] at node: summarize
[ConsensusLayerDepositManager (15 properties) (frozen-keeper-locking-totally)] at node: tool_result; tool calls: [memory]
[ConsensusLayerDepositManager (15 properties) (frozen-keeper-locking-totally)] at node: tools
[ConsensusLayerDepositManager (15 properties) (frozen-keeper-locking-totally)] at node: tool_result; tool calls: [memory]
[ConsensusLayerDepositManager (15 properties) (frozen-keeper-locking-totally)] at node: tools
[ConsensusLayerDepositManager (15 properties) (frozen-keeper-locking-totally)] at node: tool_result; tool calls: [get_cvl]
[ConsensusLayerDepositManager (15 properties) (frozen-keeper-locking-totally)] at node: tools
[ConsensusLayerDepositManager (15 properties) (frozen-keeper-locking-totally)] at node: tool_result; tool calls: [grep_files]
[SharesManager (LsETH ERC20) (21 properties) (liquid-ideal-pruning-deftly) / CVL Researcher] at node: initial; tool calls: [write_rough_draft]
[SharesManager (LsETH ERC20) (21 properties) (liquid-ideal-pruning-deftly) / CVL Researcher] at node: tools
[SharesManager (LsETH ERC20) (21 properties) (liquid-ideal-pruning-deftly) / CVL Researcher] at node: tool_result; tool calls: [read_rough_draft]
[SharesManager (LsETH ERC20) (21 properties) (liquid-ideal-pruning-deftly) / CVL Researcher] at node: tools
[ConsensusLayerDepositManager (15 properties) (frozen-keeper-locking-totally)] at node: tools
[SharesManager (LsETH ERC20) (21 properties) (liquid-ideal-pruning-deftly) / CVL Researcher] at node: tool_result; tool calls: [result]
[SharesManager (LsETH ERC20) (21 properties) (liquid-ideal-pruning-deftly) / CVL Researcher] at node: tools
[SharesManager (LsETH ERC20) (21 properties) (liquid-ideal-pruning-deftly) / CVL Researcher] end
[SharesManager (LsETH ERC20) (21 properties) (liquid-ideal-pruning-deftly)] at node: tools
[SharesManager (LsETH ERC20) (21 properties) (liquid-ideal-pruning-deftly)] at node: tool_result; tool calls: [cvl_research]
[SharesManager (LsETH ERC20) (21 properties) (liquid-ideal-pruning-deftly) / CVL Researcher] start  (via tool: toolu_0134gvZFaACiKZAHrfXyahCU)
[OracleManager (21 properties) (cobalt-lemma-verifying-keenly)] at node: tool_result; tool calls: [get_file, get_file]
[OracleManager (21 properties) (cobalt-lemma-verifying-keenly)] at node: tools
[OracleManager (21 properties) (cobalt-lemma-verifying-keenly)] at node: tool_result; tool calls: [get_file]
[OracleManager (21 properties) (cobalt-lemma-verifying-keenly)] at node: tools
[ConsensusLayerDepositManager (15 properties) (frozen-keeper-locking-totally)] at node: tool_result; tool calls: [put_cvl_raw]
[ConsensusLayerDepositManager (15 properties) (frozen-keeper-locking-totally)] at node: tools
[ConsensusLayerDepositManager (15 properties) (frozen-keeper-locking-totally)] at node: tool_result; tool calls: [record_skip]
[ConsensusLayerDepositManager (15 properties) (frozen-keeper-locking-totally)] at node: tools
[SharesManager (LsETH ERC20) (21 properties) (liquid-ideal-pruning-deftly) / CVL Researcher] at node: initial; tool calls: [write_rough_draft]
[SharesManager (LsETH ERC20) (21 properties) (liquid-ideal-pruning-deftly) / CVL Researcher] at node: tools
[SharesManager (LsETH ERC20) (21 properties) (liquid-ideal-pruning-deftly) / CVL Researcher] at node: tool_result; tool calls: [read_rough_draft]
[SharesManager (LsETH ERC20) (21 properties) (liquid-ideal-pruning-deftly) / CVL Researcher] at node: tools
[ConsensusLayerDepositManager (15 properties) (frozen-keeper-locking-totally)] at node: tool_result; tool calls: [memory]
[ConsensusLayerDepositManager (15 properties) (frozen-keeper-locking-totally)] at node: tools
[ConsensusLayerDepositManager (15 properties) (frozen-keeper-locking-totally)] at node: tool_result; tool calls: [verify_spec]
[ConsensusLayerDepositManager (15 properties) (frozen-keeper-locking-totally)]: prover start
[SharesManager (LsETH ERC20) (21 properties) (liquid-ideal-pruning-deftly) / CVL Researcher] at node: tool_result; tool calls: [result]
[SharesManager (LsETH ERC20) (21 properties) (liquid-ideal-pruning-deftly) / CVL Researcher] at node: tools
[SharesManager (LsETH ERC20) (21 properties) (liquid-ideal-pruning-deftly) / CVL Researcher] end
[SharesManager (LsETH ERC20) (21 properties) (liquid-ideal-pruning-deftly)] at node: tools
[UserDepositManager (16 properties) (tight-analysis-merging-briskly)] at node: tool_result; tool calls: [put_cvl_raw]
[UserDepositManager (16 properties) (tight-analysis-merging-briskly)] at node: tools
[UserDepositManager (16 properties) (tight-analysis-merging-briskly)] at node: tool_result; tool calls: [verify_spec]
[UserDepositManager (16 properties) (tight-analysis-merging-briskly)]: prover start
[SharesManager (LsETH ERC20) (21 properties) (liquid-ideal-pruning-deftly)] at node: tool_result; tool calls: [grep_files, get_file]
[ConsensusLayerDepositManager (15 properties) (frozen-keeper-locking-totally)] at node: tools
[SharesManager (LsETH ERC20) (21 properties) (liquid-ideal-pruning-deftly)] at node: tools
[OracleManager (21 properties) (cobalt-lemma-verifying-keenly)] at node: tool_result; tool calls: [expect_rule_failure, expect_rule_failure]
[OracleManager (21 properties) (cobalt-lemma-verifying-keenly)] at node: tool_result; tool calls: [expect_rule_failure, expect_rule_failure]
[OracleManager (21 properties) (cobalt-lemma-verifying-keenly)] at node: tool_result; tool calls: [grep_files, grep_files]
[OracleManager (21 properties) (cobalt-lemma-verifying-keenly)] at node: tools
[ConsensusLayerDepositManager (15 properties) (frozen-keeper-locking-totally)] at node: tool_result; tool calls: [put_cvl_raw]
[ConsensusLayerDepositManager (15 properties) (frozen-keeper-locking-totally)] at node: tools
[ConsensusLayerDepositManager (15 properties) (frozen-keeper-locking-totally)] at node: tool_result; tool calls: [verify_spec]
[ConsensusLayerDepositManager (15 properties) (frozen-keeper-locking-totally)]: prover start
[OracleManager (21 properties) (cobalt-lemma-verifying-keenly)] at node: tool_result; tool calls: [memory]
[OracleManager (21 properties) (cobalt-lemma-verifying-keenly)] at node: tools
[OracleManager (21 properties) (cobalt-lemma-verifying-keenly)] at node: tool_result; tool calls: [verify_spec]
[OracleManager (21 properties) (cobalt-lemma-verifying-keenly)]: prover start
[ConsensusLayerDepositManager (15 properties) (frozen-keeper-locking-totally)] at node: tools
[OracleManager (21 properties) (cobalt-lemma-verifying-keenly)] at node: tools
[ConsensusLayerDepositManager (15 properties) (frozen-keeper-locking-totally)] at node: tool_result; tool calls: [get_file]
[ConsensusLayerDepositManager (15 properties) (frozen-keeper-locking-totally)] at node: tools
[SharesManager (LsETH ERC20) (21 properties) (liquid-ideal-pruning-deftly)] at node: tool_result; tool calls: [put_cvl_raw]
[SharesManager (LsETH ERC20) (21 properties) (liquid-ideal-pruning-deftly)] at node: tools
[OracleManager (21 properties) (cobalt-lemma-verifying-keenly)] at node: tool_result; tool calls: [grep_files, get_file]
[ConsensusLayerDepositManager (15 properties) (frozen-keeper-locking-totally)] at node: tool_result; tool calls: [grep_files]
[OracleManager (21 properties) (cobalt-lemma-verifying-keenly)] at node: tools
[SharesManager (LsETH ERC20) (21 properties) (liquid-ideal-pruning-deftly)] at node: tool_result; tool calls: [memory]
[SharesManager (LsETH ERC20) (21 properties) (liquid-ideal-pruning-deftly)] at node: tools
[SharesManager (LsETH ERC20) (21 properties) (liquid-ideal-pruning-deftly)] at node: tool_result; tool calls: [feedback_tool]
[SharesManager (LsETH ERC20) (21 properties) (liquid-ideal-pruning-deftly) / Property feedback judge] start  (via tool: toolu_01Ukx1u2ibZTp3eaz9VLVnHN)
[OracleManager (21 properties) (cobalt-lemma-verifying-keenly)] at node: tool_result; tool calls: [get_file]
[OracleManager (21 properties) (cobalt-lemma-verifying-keenly)] at node: tools
[ConsensusLayerDepositManager (15 properties) (frozen-keeper-locking-totally)] at node: tools
[SharesManager (LsETH ERC20) (21 properties) (liquid-ideal-pruning-deftly) / Property feedback judge] at node: initial; tool calls: [memory]
[SharesManager (LsETH ERC20) (21 properties) (liquid-ideal-pruning-deftly) / Property feedback judge] at node: tools
[SharesManager (LsETH ERC20) (21 properties) (liquid-ideal-pruning-deftly) / Property feedback judge] at node: tool_result; tool calls: [memory]
[SharesManager (LsETH ERC20) (21 properties) (liquid-ideal-pruning-deftly) / Property feedback judge] at node: tools
[OracleManager (21 properties) (cobalt-lemma-verifying-keenly)] at node: tool_result; tool calls: [grep_files]
[ConsensusLayerDepositManager (15 properties) (frozen-keeper-locking-totally)] at node: tool_result; tool calls: [get_file]
[ConsensusLayerDepositManager (15 properties) (frozen-keeper-locking-totally)] at node: tools
[OracleManager (21 properties) (cobalt-lemma-verifying-keenly)] at node: tools
[OracleManager (21 properties) (cobalt-lemma-verifying-keenly)] at node: tool_result; tool calls: [get_file]
[OracleManager (21 properties) (cobalt-lemma-verifying-keenly)] at node: tools
[ConsensusLayerDepositManager (15 properties) (frozen-keeper-locking-totally)] at node: tool_result; tool calls: [get_file]
[ConsensusLayerDepositManager (15 properties) (frozen-keeper-locking-totally)] at node: tools
[ConsensusLayerDepositManager (15 properties) (frozen-keeper-locking-totally)] at node: tool_result; tool calls: [cvl_research]
[ConsensusLayerDepositManager (15 properties) (frozen-keeper-locking-totally) / CVL Researcher] start  (via tool: toolu_01YXCzkhS7U2MeUR3pAPorVB)
[ConsensusLayerDepositManager (15 properties) (frozen-keeper-locking-totally) / CVL Researcher] at node: initial; tool calls: [cvl_manual_search, cvl_keyword_search]
[ConsensusLayerDepositManager (15 properties) (frozen-keeper-locking-totally) / CVL Researcher] at node: tools
[ConsensusLayerDepositManager (15 properties) (frozen-keeper-locking-totally) / CVL Researcher] at node: tool_result; tool calls: [cvl_manual_search, get_cvl_manual_section]
[ConsensusLayerDepositManager (15 properties) (frozen-keeper-locking-totally) / CVL Researcher] at node: tools
[ConsensusLayerDepositManager (15 properties) (frozen-keeper-locking-totally) / CVL Researcher] at node: tool_result; tool calls: [cvl_manual_search, scan_knowledge_base]
[ConsensusLayerDepositManager (15 properties) (frozen-keeper-locking-totally) / CVL Researcher] at node: tools
[ConsensusLayerDepositManager (15 properties) (frozen-keeper-locking-totally) / CVL Researcher] at node: tool_result; tool calls: [scan_knowledge_base, cvl_keyword_search]
[ConsensusLayerDepositManager (15 properties) (frozen-keeper-locking-totally) / CVL Researcher] at node: tools
[ConsensusLayerDepositManager (15 properties) (frozen-keeper-locking-totally) / CVL Researcher] at node: tool_result; tool calls: [cvl_keyword_search, cvl_manual_search]
[ConsensusLayerDepositManager (15 properties) (frozen-keeper-locking-totally) / CVL Researcher] at node: tools
[ConsensusLayerDepositManager (15 properties) (frozen-keeper-locking-totally) / CVL Researcher] at node: tool_result; tool calls: [get_cvl_manual_section, cvl_keyword_search]
[ConsensusLayerDepositManager (15 properties) (frozen-keeper-locking-totally) / CVL Researcher] at node: tools
[ConsensusLayerDepositManager (15 properties) (frozen-keeper-locking-totally) / CVL Researcher] at node: tool_result; tool calls: [scan_knowledge_base, cvl_manual_search]
[ConsensusLayerDepositManager (15 properties) (frozen-keeper-locking-totally) / CVL Researcher] at node: tools
[ConsensusLayerDepositManager (15 properties) (frozen-keeper-locking-totally) / CVL Researcher] at node: tool_result; tool calls: [cvl_keyword_search, scan_knowledge_base]
[ConsensusLayerDepositManager (15 properties) (frozen-keeper-locking-totally) / CVL Researcher] at node: tools
[ConsensusLayerDepositManager (15 properties) (frozen-keeper-locking-totally) / CVL Researcher] at node: tool_result; tool calls: [cvl_manual_search, cvl_keyword_search]
[ConsensusLayerDepositManager (15 properties) (frozen-keeper-locking-totally) / CVL Researcher] at node: tools
[ConsensusLayerDepositManager (15 properties) (frozen-keeper-locking-totally) / CVL Researcher] at node: tool_result; tool calls: [write_rough_draft]
[ConsensusLayerDepositManager (15 properties) (frozen-keeper-locking-totally) / CVL Researcher] at node: tools
[ConsensusLayerDepositManager (15 properties) (frozen-keeper-locking-totally) / CVL Researcher] at node: tool_result; tool calls: [read_rough_draft]
[ConsensusLayerDepositManager (15 properties) (frozen-keeper-locking-totally) / CVL Researcher] at node: tools
[UserDepositManager (16 properties) (tight-analysis-merging-briskly)]; prover complete
[UserDepositManager (16 properties) (tight-analysis-merging-briskly)]: rule analysis start -> revertCharacteristic_deposit_and_receive for deposit()
[ConsensusLayerDepositManager (15 properties) (frozen-keeper-locking-totally) / CVL Researcher] at node: tool_result; tool calls: [result]
[ConsensusLayerDepositManager (15 properties) (frozen-keeper-locking-totally) / CVL Researcher] at node: tools
[ConsensusLayerDepositManager (15 properties) (frozen-keeper-locking-totally) / CVL Researcher] end
[ConsensusLayerDepositManager (15 properties) (frozen-keeper-locking-totally)] at node: tools
[ConsensusLayerDepositManager (15 properties) (frozen-keeper-locking-totally)] at node: tool_result; tool calls: [get_file]
[ConsensusLayerDepositManager (15 properties) (frozen-keeper-locking-totally)] at node: tools
[UserDepositManager (16 properties) (tight-analysis-merging-briskly)]: rule analysis complete -> revertCharacteristic_deposit_and_receive for deposit()
[UserDepositManager (16 properties) (tight-analysis-merging-briskly)] at node: tools
[SharesManager (LsETH ERC20) (21 properties) (liquid-ideal-pruning-deftly) / Property feedback judge] at node: tool_result; tool calls: [memory]
[SharesManager (LsETH ERC20) (21 properties) (liquid-ideal-pruning-deftly) / Property feedback judge] at node: tools
[SharesManager (LsETH ERC20) (21 properties) (liquid-ideal-pruning-deftly) / Property feedback judge] at node: tool_result; tool calls: [get_cvl]
[SharesManager (LsETH ERC20) (21 properties) (liquid-ideal-pruning-deftly) / Property feedback judge] at node: tools
[SharesManager (LsETH ERC20) (21 properties) (liquid-ideal-pruning-deftly) / Property feedback judge] at node: tool_result; tool calls: [write_rough_draft]
[SharesManager (LsETH ERC20) (21 properties) (liquid-ideal-pruning-deftly) / Property feedback judge] at node: tools
[SharesManager (LsETH ERC20) (21 properties) (liquid-ideal-pruning-deftly) / Property feedback judge] at node: tool_result; tool calls: [read_rough_draft]
[SharesManager (LsETH ERC20) (21 properties) (liquid-ideal-pruning-deftly) / Property feedback judge] at node: tools
[SharesManager (LsETH ERC20) (21 properties) (liquid-ideal-pruning-deftly) / Property feedback judge] at node: tool_result; tool calls: [memory]
[SharesManager (LsETH ERC20) (21 properties) (liquid-ideal-pruning-deftly) / Property feedback judge] at node: tools
[SharesManager (LsETH ERC20) (21 properties) (liquid-ideal-pruning-deftly) / Property feedback judge] at node: tool_result; tool calls: [result]
[SharesManager (LsETH ERC20) (21 properties) (liquid-ideal-pruning-deftly) / Property feedback judge] at node: tools
[SharesManager (LsETH ERC20) (21 properties) (liquid-ideal-pruning-deftly) / Property feedback judge] end
[SharesManager (LsETH ERC20) (21 properties) (liquid-ideal-pruning-deftly)] at node: tools
[UserDepositManager (16 properties) (tight-analysis-merging-briskly)] at node: tool_result; tool calls: [get_file]
[UserDepositManager (16 properties) (tight-analysis-merging-briskly)] at node: tools
[ConsensusLayerDepositManager (15 properties) (frozen-keeper-locking-totally)] at node: tool_result; tool calls: [put_cvl_raw]
[ConsensusLayerDepositManager (15 properties) (frozen-keeper-locking-totally)] at node: tools
[ConsensusLayerDepositManager (15 properties) (frozen-keeper-locking-totally)] at node: tool_result; tool calls: [verify_spec]
[ConsensusLayerDepositManager (15 properties) (frozen-keeper-locking-totally)]: prover start
[SharesManager (LsETH ERC20) (21 properties) (liquid-ideal-pruning-deftly)] at node: tool_result; tool calls: [get_cvl]
[SharesManager (LsETH ERC20) (21 properties) (liquid-ideal-pruning-deftly)] at node: tools
[ConsensusLayerDepositManager (15 properties) (frozen-keeper-locking-totally)] at node: tools
[OracleManager (21 properties) (cobalt-lemma-verifying-keenly)] at node: tool_result; tool calls: [grep_files, grep_files]
[OracleManager (21 properties) (cobalt-lemma-verifying-keenly)] at node: tools
[OracleManager (21 properties) (cobalt-lemma-verifying-keenly)] at node: tool_result; tool calls: [get_file]
[OracleManager (21 properties) (cobalt-lemma-verifying-keenly)] at node: tools
[SharesManager (LsETH ERC20) (21 properties) (liquid-ideal-pruning-deftly)] at node: tool_result; tool calls: [put_cvl_raw]
[SharesManager (LsETH ERC20) (21 properties) (liquid-ideal-pruning-deftly)] at node: tools
[SharesManager (LsETH ERC20) (21 properties) (liquid-ideal-pruning-deftly)] at node: tool_result; tool calls: [feedback_tool]
[SharesManager (LsETH ERC20) (21 properties) (liquid-ideal-pruning-deftly) / Property feedback judge] start  (via tool: toolu_01Wiyj2uruo2v5aHFbikYEFJ)
[SharesManager (LsETH ERC20) (21 properties) (liquid-ideal-pruning-deftly) / Property feedback judge] at node: initial; tool calls: [memory]
[SharesManager (LsETH ERC20) (21 properties) (liquid-ideal-pruning-deftly) / Property feedback judge] at node: tools
[SharesManager (LsETH ERC20) (21 properties) (liquid-ideal-pruning-deftly) / Property feedback judge] at node: tool_result; tool calls: [memory]
[SharesManager (LsETH ERC20) (21 properties) (liquid-ideal-pruning-deftly) / Property feedback judge] at node: tools
[ConsensusLayerDepositManager (15 properties) (frozen-keeper-locking-totally)] at node: tool_result; tool calls: [list_files]
[UserDepositManager (16 properties) (tight-analysis-merging-briskly)] at node: tool_result; tool calls: [put_cvl_raw]
[ConsensusLayerDepositManager (15 properties) (frozen-keeper-locking-totally)] at node: tools
[UserDepositManager (16 properties) (tight-analysis-merging-briskly)] at node: tools
[UserDepositManager (16 properties) (tight-analysis-merging-briskly)] at node: tool_result; tool calls: [verify_spec]
[UserDepositManager (16 properties) (tight-analysis-merging-briskly)]: prover start
[ConsensusLayerDepositManager (15 properties) (frozen-keeper-locking-totally)] at node: tool_result; tool calls: [get_file, get_file]
[ConsensusLayerDepositManager (15 properties) (frozen-keeper-locking-totally)] at node: tools
[ConsensusLayerDepositManager (15 properties) (frozen-keeper-locking-totally)] at node: tool_result; tool calls: [get_file]
[ConsensusLayerDepositManager (15 properties) (frozen-keeper-locking-totally)] at node: tools
[ConsensusLayerDepositManager (15 properties) (frozen-keeper-locking-totally)] at node: tool_result; tool calls: [put_cvl_raw]
[ConsensusLayerDepositManager (15 properties) (frozen-keeper-locking-totally)] at node: tools
[SharesManager (LsETH ERC20) (21 properties) (liquid-ideal-pruning-deftly) / Property feedback judge] at node: tool_result; tool calls: [get_cvl]
[SharesManager (LsETH ERC20) (21 properties) (liquid-ideal-pruning-deftly) / Property feedback judge] at node: tools
[ConsensusLayerDepositManager (15 properties) (frozen-keeper-locking-totally)] at node: tool_result; tool calls: [verify_spec]
[ConsensusLayerDepositManager (15 properties) (frozen-keeper-locking-totally)]: prover start
[OracleManager (21 properties) (cobalt-lemma-verifying-keenly)] at node: tool_result; tool calls: [put_cvl_raw]
[OracleManager (21 properties) (cobalt-lemma-verifying-keenly)] at node: tools
[OracleManager (21 properties) (cobalt-lemma-verifying-keenly)] at node: tool_result; tool calls: [verify_spec]
[OracleManager (21 properties) (cobalt-lemma-verifying-keenly)]: prover start
[OracleManager (21 properties) (cobalt-lemma-verifying-keenly)] at node: tools
[SharesManager (LsETH ERC20) (21 properties) (liquid-ideal-pruning-deftly) / Property feedback judge] at node: tool_result; tool calls: [write_rough_draft]
[SharesManager (LsETH ERC20) (21 properties) (liquid-ideal-pruning-deftly) / Property feedback judge] at node: tools
[SharesManager (LsETH ERC20) (21 properties) (liquid-ideal-pruning-deftly) / Property feedback judge] at node: tool_result; tool calls: [read_rough_draft]
[SharesManager (LsETH ERC20) (21 properties) (liquid-ideal-pruning-deftly) / Property feedback judge] at node: tools
[SharesManager (LsETH ERC20) (21 properties) (liquid-ideal-pruning-deftly) / Property feedback judge] at node: tool_result; tool calls: [memory]
[SharesManager (LsETH ERC20) (21 properties) (liquid-ideal-pruning-deftly) / Property feedback judge] at node: tools
[SharesManager (LsETH ERC20) (21 properties) (liquid-ideal-pruning-deftly) / Property feedback judge] at node: tool_result; tool calls: [result]
[SharesManager (LsETH ERC20) (21 properties) (liquid-ideal-pruning-deftly) / Property feedback judge] at node: tools
[SharesManager (LsETH ERC20) (21 properties) (liquid-ideal-pruning-deftly) / Property feedback judge] end
[SharesManager (LsETH ERC20) (21 properties) (liquid-ideal-pruning-deftly)] at node: tools
[SharesManager (LsETH ERC20) (21 properties) (liquid-ideal-pruning-deftly)] at node: tool_result; tool calls: [record_skip, record_skip]
[SharesManager (LsETH ERC20) (21 properties) (liquid-ideal-pruning-deftly)] at node: tool_result; tool calls: [memory]
[SharesManager (LsETH ERC20) (21 properties) (liquid-ideal-pruning-deftly)] at node: tools
[SharesManager (LsETH ERC20) (21 properties) (liquid-ideal-pruning-deftly)] at node: tool_result; tool calls: [verify_spec]
[SharesManager (LsETH ERC20) (21 properties) (liquid-ideal-pruning-deftly)]: prover start
[SharesManager (LsETH ERC20) (21 properties) (liquid-ideal-pruning-deftly)] at node: tools
[UserDepositManager (16 properties) (tight-analysis-merging-briskly)]; prover complete
[UserDepositManager (16 properties) (tight-analysis-merging-briskly)]: rule analysis start -> revertCharacteristic_depositAndTransfer
[UserDepositManager (16 properties) (tight-analysis-merging-briskly)]: rule analysis start -> revertCharacteristic_deposit_and_receive for deposit()
[SharesManager (LsETH ERC20) (21 properties) (liquid-ideal-pruning-deftly)] at node: tool_result; tool calls: [get_file]
[SharesManager (LsETH ERC20) (21 properties) (liquid-ideal-pruning-deftly)] at node: tools
[UserDepositManager (16 properties) (tight-analysis-merging-briskly)]: rule analysis complete -> revertCharacteristic_deposit_and_receive for deposit()
[OracleManager (21 properties) (cobalt-lemma-verifying-keenly)] at node: tool_result; tool calls: [get_file, grep_files]
[OracleManager (21 properties) (cobalt-lemma-verifying-keenly)] at node: tools
[SharesManager (LsETH ERC20) (21 properties) (liquid-ideal-pruning-deftly)] at node: tool_result; tool calls: [put_cvl_raw]
[SharesManager (LsETH ERC20) (21 properties) (liquid-ideal-pruning-deftly)] at node: tools
[UserDepositManager (16 properties) (tight-analysis-merging-briskly)]: rule analysis complete -> revertCharacteristic_depositAndTransfer
[UserDepositManager (16 properties) (tight-analysis-merging-briskly)] at node: tools
[SharesManager (LsETH ERC20) (21 properties) (liquid-ideal-pruning-deftly)] at node: tool_result; tool calls: [verify_spec]
[SharesManager (LsETH ERC20) (21 properties) (liquid-ideal-pruning-deftly)]: prover start
[SharesManager (LsETH ERC20) (21 properties) (liquid-ideal-pruning-deftly)] at node: tools
[SharesManager (LsETH ERC20) (21 properties) (liquid-ideal-pruning-deftly)] at node: tool_result; tool calls: [grep_files]
[SharesManager (LsETH ERC20) (21 properties) (liquid-ideal-pruning-deftly)] at node: tools
[SharesManager (LsETH ERC20) (21 properties) (liquid-ideal-pruning-deftly)] at node: tool_result; tool calls: [get_file]
[SharesManager (LsETH ERC20) (21 properties) (liquid-ideal-pruning-deftly)] at node: tools
[OracleManager (21 properties) (cobalt-lemma-verifying-keenly)] at node: tool_result; tool calls: [get_file]
[OracleManager (21 properties) (cobalt-lemma-verifying-keenly)] at node: tools
[SharesManager (LsETH ERC20) (21 properties) (liquid-ideal-pruning-deftly)] at node: tool_result; tool calls: [get_file]
[SharesManager (LsETH ERC20) (21 properties) (liquid-ideal-pruning-deftly)] at node: tools
[SharesManager (LsETH ERC20) (21 properties) (liquid-ideal-pruning-deftly)] at node: tool_result; tool calls: [grep_files]
[SharesManager (LsETH ERC20) (21 properties) (liquid-ideal-pruning-deftly)] at node: tools
[UserDepositManager (16 properties) (tight-analysis-merging-briskly)] at node: tool_result; tool calls: [put_cvl_raw]
[UserDepositManager (16 properties) (tight-analysis-merging-briskly)] at node: tools
[UserDepositManager (16 properties) (tight-analysis-merging-briskly)] at node: tool_result; tool calls: [verify_spec]
[UserDepositManager (16 properties) (tight-analysis-merging-briskly)]: prover start
[SharesManager (LsETH ERC20) (21 properties) (liquid-ideal-pruning-deftly)] at node: tool_result; tool calls: [get_file]
[SharesManager (LsETH ERC20) (21 properties) (liquid-ideal-pruning-deftly)] at node: tools
[SharesManager (LsETH ERC20) (21 properties) (liquid-ideal-pruning-deftly)] at node: tool_result; tool calls: [get_file]
[SharesManager (LsETH ERC20) (21 properties) (liquid-ideal-pruning-deftly)] at node: tools
[SharesManager (LsETH ERC20) (21 properties) (liquid-ideal-pruning-deftly)] at node: tool_result; tool calls: [get_file]
[SharesManager (LsETH ERC20) (21 properties) (liquid-ideal-pruning-deftly)] at node: tools
[SharesManager (LsETH ERC20) (21 properties) (liquid-ideal-pruning-deftly)] at node: tool_result; tool calls: [grep_files]
[SharesManager (LsETH ERC20) (21 properties) (liquid-ideal-pruning-deftly)] at node: tools
[SharesManager (LsETH ERC20) (21 properties) (liquid-ideal-pruning-deftly)] at node: tool_result; tool calls: [get_file]
[SharesManager (LsETH ERC20) (21 properties) (liquid-ideal-pruning-deftly)] at node: tools
[OracleManager (21 properties) (cobalt-lemma-verifying-keenly)] at node: tool_result; tool calls: [get_file]
[OracleManager (21 properties) (cobalt-lemma-verifying-keenly)] at node: tools
[OracleManager (21 properties) (cobalt-lemma-verifying-keenly)] at node: tool_result; tool calls: [get_file]
[OracleManager (21 properties) (cobalt-lemma-verifying-keenly)] at node: tools
[SharesManager (LsETH ERC20) (21 properties) (liquid-ideal-pruning-deftly)] at node: summarize
[SharesManager (LsETH ERC20) (21 properties) (liquid-ideal-pruning-deftly)] at node: tool_result; tool calls: [memory]
[SharesManager (LsETH ERC20) (21 properties) (liquid-ideal-pruning-deftly)] at node: tools
[SharesManager (LsETH ERC20) (21 properties) (liquid-ideal-pruning-deftly)] at node: tool_result; tool calls: [memory]
[SharesManager (LsETH ERC20) (21 properties) (liquid-ideal-pruning-deftly)] at node: tools
[SharesManager (LsETH ERC20) (21 properties) (liquid-ideal-pruning-deftly)] at node: tool_result; tool calls: [get_cvl]
[SharesManager (LsETH ERC20) (21 properties) (liquid-ideal-pruning-deftly)] at node: tools
[SharesManager (LsETH ERC20) (21 properties) (liquid-ideal-pruning-deftly)] at node: tool_result; tool calls: [get_file, get_file]
[SharesManager (LsETH ERC20) (21 properties) (liquid-ideal-pruning-deftly)] at node: tools
[SharesManager (LsETH ERC20) (21 properties) (liquid-ideal-pruning-deftly)] at node: tool_result; tool calls: [get_file]
[SharesManager (LsETH ERC20) (21 properties) (liquid-ideal-pruning-deftly)] at node: tools
[SharesManager (LsETH ERC20) (21 properties) (liquid-ideal-pruning-deftly)] at node: tool_result; tool calls: [get_file]
[SharesManager (LsETH ERC20) (21 properties) (liquid-ideal-pruning-deftly)] at node: tools
[SharesManager (LsETH ERC20) (21 properties) (liquid-ideal-pruning-deftly)] at node: tool_result; tool calls: [get_file]
[SharesManager (LsETH ERC20) (21 properties) (liquid-ideal-pruning-deftly)] at node: tools
[SharesManager (LsETH ERC20) (21 properties) (liquid-ideal-pruning-deftly)] at node: tool_result; tool calls: [grep_files]
[SharesManager (LsETH ERC20) (21 properties) (liquid-ideal-pruning-deftly)] at node: tools
[SharesManager (LsETH ERC20) (21 properties) (liquid-ideal-pruning-deftly)] at node: tool_result; tool calls: [get_file]
[SharesManager (LsETH ERC20) (21 properties) (liquid-ideal-pruning-deftly)] at node: tools
[SharesManager (LsETH ERC20) (21 properties) (liquid-ideal-pruning-deftly)] at node: tool_result; tool calls: [grep_files, get_file]
[SharesManager (LsETH ERC20) (21 properties) (liquid-ideal-pruning-deftly)] at node: tools
[UserDepositManager (16 properties) (tight-analysis-merging-briskly)]; prover complete
[UserDepositManager (16 properties) (tight-analysis-merging-briskly)]: rule analysis start -> revertCharacteristic_depositAndTransfer
[UserDepositManager (16 properties) (tight-analysis-merging-briskly)]: rule analysis start -> revertCharacteristic_deposit_and_receive for deposit()
[SharesManager (LsETH ERC20) (21 properties) (liquid-ideal-pruning-deftly)] at node: tool_result; tool calls: [list_files]
[SharesManager (LsETH ERC20) (21 properties) (liquid-ideal-pruning-deftly)] at node: tools
[SharesManager (LsETH ERC20) (21 properties) (liquid-ideal-pruning-deftly)] at node: tool_result; tool calls: [get_file, get_file]
[SharesManager (LsETH ERC20) (21 properties) (liquid-ideal-pruning-deftly)] at node: tools
[SharesManager (LsETH ERC20) (21 properties) (liquid-ideal-pruning-deftly)] at node: tool_result; tool calls: [get_file, get_file]
[SharesManager (LsETH ERC20) (21 properties) (liquid-ideal-pruning-deftly)] at node: tools
[SharesManager (LsETH ERC20) (21 properties) (liquid-ideal-pruning-deftly)] at node: tool_result; tool calls: [get_file]
[SharesManager (LsETH ERC20) (21 properties) (liquid-ideal-pruning-deftly)] at node: tools
[SharesManager (LsETH ERC20) (21 properties) (liquid-ideal-pruning-deftly)] at node: tool_result; tool calls: [grep_files, grep_files]
[UserDepositManager (16 properties) (tight-analysis-merging-briskly)]: rule analysis complete -> revertCharacteristic_deposit_and_receive for deposit()
[SharesManager (LsETH ERC20) (21 properties) (liquid-ideal-pruning-deftly)] at node: tools
[SharesManager (LsETH ERC20) (21 properties) (liquid-ideal-pruning-deftly)] at node: tool_result; tool calls: [grep_files, grep_files]
[UserDepositManager (16 properties) (tight-analysis-merging-briskly)]: rule analysis complete -> revertCharacteristic_depositAndTransfer
[UserDepositManager (16 properties) (tight-analysis-merging-briskly)] at node: tools
[SharesManager (LsETH ERC20) (21 properties) (liquid-ideal-pruning-deftly)] at node: tools
[SharesManager (LsETH ERC20) (21 properties) (liquid-ideal-pruning-deftly)] at node: tool_result; tool calls: [grep_files]
[SharesManager (LsETH ERC20) (21 properties) (liquid-ideal-pruning-deftly)] at node: tools
[SharesManager (LsETH ERC20) (21 properties) (liquid-ideal-pruning-deftly)] at node: tool_result; tool calls: [grep_files]
[OracleManager (21 properties) (cobalt-lemma-verifying-keenly)] at node: tool_result; tool calls: [put_cvl_raw]
[OracleManager (21 properties) (cobalt-lemma-verifying-keenly)] at node: tools
[SharesManager (LsETH ERC20) (21 properties) (liquid-ideal-pruning-deftly)] at node: tools
[SharesManager (LsETH ERC20) (21 properties) (liquid-ideal-pruning-deftly)] at node: tool_result; tool calls: [grep_files]
[OracleManager (21 properties) (cobalt-lemma-verifying-keenly)] at node: tool_result; tool calls: [verify_spec]
[OracleManager (21 properties) (cobalt-lemma-verifying-keenly)]: prover start
[SharesManager (LsETH ERC20) (21 properties) (liquid-ideal-pruning-deftly)] at node: tools
[OracleManager (21 properties) (cobalt-lemma-verifying-keenly)] at node: tools
[SharesManager (LsETH ERC20) (21 properties) (liquid-ideal-pruning-deftly)] at node: tool_result; tool calls: [get_file]
[SharesManager (LsETH ERC20) (21 properties) (liquid-ideal-pruning-deftly)] at node: tools
[SharesManager (LsETH ERC20) (21 properties) (liquid-ideal-pruning-deftly)] at node: tool_result; tool calls: [grep_files, cvl_research]
[SharesManager (LsETH ERC20) (21 properties) (liquid-ideal-pruning-deftly) / CVL Researcher] start  (via tool: toolu_01GMzcSD147ij6HeAsgTgjxu)
[SharesManager (LsETH ERC20) (21 properties) (liquid-ideal-pruning-deftly) / CVL Researcher] at node: initial; tool calls: [write_rough_draft]
[SharesManager (LsETH ERC20) (21 properties) (liquid-ideal-pruning-deftly) / CVL Researcher] at node: tools
[SharesManager (LsETH ERC20) (21 properties) (liquid-ideal-pruning-deftly) / CVL Researcher] at node: tool_result; tool calls: [result]
[SharesManager (LsETH ERC20) (21 properties) (liquid-ideal-pruning-deftly) / CVL Researcher] at node: tools
[SharesManager (LsETH ERC20) (21 properties) (liquid-ideal-pruning-deftly) / CVL Researcher] end
[UserDepositManager (16 properties) (tight-analysis-merging-briskly)] at node: tool_result; tool calls: [put_cvl_raw]
[UserDepositManager (16 properties) (tight-analysis-merging-briskly)] at node: tools
[UserDepositManager (16 properties) (tight-analysis-merging-briskly)] at node: tool_result; tool calls: [verify_spec]
[UserDepositManager (16 properties) (tight-analysis-merging-briskly)]: prover start
[SharesManager (LsETH ERC20) (21 properties) (liquid-ideal-pruning-deftly)] at node: tools
[ConsensusLayerDepositManager (15 properties) (frozen-keeper-locking-totally)]; prover complete
[ConsensusLayerDepositManager (15 properties) (frozen-keeper-locking-totally)] at node: tools
[SharesManager (LsETH ERC20) (21 properties) (liquid-ideal-pruning-deftly)] at node: tool_result; tool calls: [grep_files]
[ConsensusLayerDepositManager (15 properties) (frozen-keeper-locking-totally)] at node: tool_result; tool calls: [verify_spec]
[ConsensusLayerDepositManager (15 properties) (frozen-keeper-locking-totally)]: prover start
[SharesManager (LsETH ERC20) (21 properties) (liquid-ideal-pruning-deftly)] at node: tools
[SharesManager (LsETH ERC20) (21 properties) (liquid-ideal-pruning-deftly)] at node: tool_result; tool calls: [get_file]
[SharesManager (LsETH ERC20) (21 properties) (liquid-ideal-pruning-deftly)] at node: tools
[SharesManager (LsETH ERC20) (21 properties) (liquid-ideal-pruning-deftly)] at node: tool_result; tool calls: [grep_files, cvl_manual_search]
[SharesManager (LsETH ERC20) (21 properties) (liquid-ideal-pruning-deftly)] at node: tools
[SharesManager (LsETH ERC20) (21 properties) (liquid-ideal-pruning-deftly)] at node: tool_result; tool calls: [get_file]
[SharesManager (LsETH ERC20) (21 properties) (liquid-ideal-pruning-deftly)] at node: tools
[OracleManager (21 properties) (cobalt-lemma-verifying-keenly)] at node: tool_result; tool calls: [put_cvl_raw]
[OracleManager (21 properties) (cobalt-lemma-verifying-keenly)] at node: tools
[SharesManager (LsETH ERC20) (21 properties) (liquid-ideal-pruning-deftly)] at node: tool_result; tool calls: [get_file]
[SharesManager (LsETH ERC20) (21 properties) (liquid-ideal-pruning-deftly)] at node: tools
[OracleManager (21 properties) (cobalt-lemma-verifying-keenly)] at node: tool_result; tool calls: [verify_spec]
[OracleManager (21 properties) (cobalt-lemma-verifying-keenly)]: prover start
[SharesManager (LsETH ERC20) (21 properties) (liquid-ideal-pruning-deftly)] at node: tool_result; tool calls: [get_file]
[SharesManager (LsETH ERC20) (21 properties) (liquid-ideal-pruning-deftly)] at node: tools
[SharesManager (LsETH ERC20) (21 properties) (liquid-ideal-pruning-deftly)] at node: tool_result; tool calls: [grep_files]
[SharesManager (LsETH ERC20) (21 properties) (liquid-ideal-pruning-deftly)] at node: tools
[SharesManager (LsETH ERC20) (21 properties) (liquid-ideal-pruning-deftly)] at node: tool_result; tool calls: [get_file]
[SharesManager (LsETH ERC20) (21 properties) (liquid-ideal-pruning-deftly)] at node: tools
[SharesManager (LsETH ERC20) (21 properties) (liquid-ideal-pruning-deftly)] at node: tool_result; tool calls: [grep_files]
[SharesManager (LsETH ERC20) (21 properties) (liquid-ideal-pruning-deftly)] at node: tools
[SharesManager (LsETH ERC20) (21 properties) (liquid-ideal-pruning-deftly)] at node: tool_result; tool calls: [get_file]
[SharesManager (LsETH ERC20) (21 properties) (liquid-ideal-pruning-deftly)] at node: tools
[UserDepositManager (16 properties) (tight-analysis-merging-briskly)]; prover complete
[UserDepositManager (16 properties) (tight-analysis-merging-briskly)] at node: tools
[UserDepositManager (16 properties) (tight-analysis-merging-briskly)] at node: tool_result; tool calls: [verify_spec]
[UserDepositManager (16 properties) (tight-analysis-merging-briskly)]: prover start
[SharesManager (LsETH ERC20) (21 properties) (liquid-ideal-pruning-deftly)] at node: tool_result; tool calls: [grep_files]
[SharesManager (LsETH ERC20) (21 properties) (liquid-ideal-pruning-deftly)] at node: tools
[SharesManager (LsETH ERC20) (21 properties) (liquid-ideal-pruning-deftly)] at node: tool_result; tool calls: [grep_files]
[SharesManager (LsETH ERC20) (21 properties) (liquid-ideal-pruning-deftly)] at node: tools
[SharesManager (LsETH ERC20) (21 properties) (liquid-ideal-pruning-deftly)] at node: summarize
[SharesManager (LsETH ERC20) (21 properties) (liquid-ideal-pruning-deftly)] at node: tool_result; tool calls: [memory]
[SharesManager (LsETH ERC20) (21 properties) (liquid-ideal-pruning-deftly)] at node: tools
[SharesManager (LsETH ERC20) (21 properties) (liquid-ideal-pruning-deftly)] at node: tool_result; tool calls: [memory]
[SharesManager (LsETH ERC20) (21 properties) (liquid-ideal-pruning-deftly)] at node: tools
[SharesManager (LsETH ERC20) (21 properties) (liquid-ideal-pruning-deftly)] at node: tool_result; tool calls: [get_cvl]
[SharesManager (LsETH ERC20) (21 properties) (liquid-ideal-pruning-deftly)] at node: tools
[SharesManager (LsETH ERC20) (21 properties) (liquid-ideal-pruning-deftly)] at node: tool_result; tool calls: [get_file, get_file]
[SharesManager (LsETH ERC20) (21 properties) (liquid-ideal-pruning-deftly)] at node: tools
[SharesManager (LsETH ERC20) (21 properties) (liquid-ideal-pruning-deftly)] at node: tool_result; tool calls: [get_file, get_file]
[SharesManager (LsETH ERC20) (21 properties) (liquid-ideal-pruning-deftly)] at node: tools
[SharesManager (LsETH ERC20) (21 properties) (liquid-ideal-pruning-deftly)] at node: tool_result; tool calls: [list_files]
[SharesManager (LsETH ERC20) (21 properties) (liquid-ideal-pruning-deftly)] at node: tools
[SharesManager (LsETH ERC20) (21 properties) (liquid-ideal-pruning-deftly)] at node: tool_result; tool calls: [get_file, get_file]
[SharesManager (LsETH ERC20) (21 properties) (liquid-ideal-pruning-deftly)] at node: tools
[SharesManager (LsETH ERC20) (21 properties) (liquid-ideal-pruning-deftly)] at node: tool_result; tool calls: [get_file, get_file]
[SharesManager (LsETH ERC20) (21 properties) (liquid-ideal-pruning-deftly)] at node: tools
[SharesManager (LsETH ERC20) (21 properties) (liquid-ideal-pruning-deftly)] at node: tool_result; tool calls: [put_cvl_raw]
[SharesManager (LsETH ERC20) (21 properties) (liquid-ideal-pruning-deftly)] at node: tools
[SharesManager (LsETH ERC20) (21 properties) (liquid-ideal-pruning-deftly)] at node: tool_result; tool calls: [record_skip]
[SharesManager (LsETH ERC20) (21 properties) (liquid-ideal-pruning-deftly)] at node: tools
[SharesManager (LsETH ERC20) (21 properties) (liquid-ideal-pruning-deftly)] at node: tool_result; tool calls: [record_skip]
[SharesManager (LsETH ERC20) (21 properties) (liquid-ideal-pruning-deftly)] at node: tools
[SharesManager (LsETH ERC20) (21 properties) (liquid-ideal-pruning-deftly)] at node: tool_result; tool calls: [feedback_tool]
[SharesManager (LsETH ERC20) (21 properties) (liquid-ideal-pruning-deftly) / Property feedback judge] start  (via tool: toolu_01T4C8bXt6Zy7wm1B1c5Z67X)
[SharesManager (LsETH ERC20) (21 properties) (liquid-ideal-pruning-deftly) / Property feedback judge] at node: initial; tool calls: [memory]
[SharesManager (LsETH ERC20) (21 properties) (liquid-ideal-pruning-deftly) / Property feedback judge] at node: tools
[SharesManager (LsETH ERC20) (21 properties) (liquid-ideal-pruning-deftly) / Property feedback judge] at node: tool_result; tool calls: [memory]
[SharesManager (LsETH ERC20) (21 properties) (liquid-ideal-pruning-deftly) / Property feedback judge] at node: tools
[SharesManager (LsETH ERC20) (21 properties) (liquid-ideal-pruning-deftly) / Property feedback judge] at node: tool_result; tool calls: [get_cvl]
[SharesManager (LsETH ERC20) (21 properties) (liquid-ideal-pruning-deftly) / Property feedback judge] at node: tools
[SharesManager (LsETH ERC20) (21 properties) (liquid-ideal-pruning-deftly) / Property feedback judge] at node: tool_result; tool calls: [write_rough_draft]
[SharesManager (LsETH ERC20) (21 properties) (liquid-ideal-pruning-deftly) / Property feedback judge] at node: tools
[SharesManager (LsETH ERC20) (21 properties) (liquid-ideal-pruning-deftly) / Property feedback judge] at node: tool_result; tool calls: [read_rough_draft]
[SharesManager (LsETH ERC20) (21 properties) (liquid-ideal-pruning-deftly) / Property feedback judge] at node: tools
[SharesManager (LsETH ERC20) (21 properties) (liquid-ideal-pruning-deftly) / Property feedback judge] at node: tool_result; tool calls: [memory]
[SharesManager (LsETH ERC20) (21 properties) (liquid-ideal-pruning-deftly) / Property feedback judge] at node: tools
[SharesManager (LsETH ERC20) (21 properties) (liquid-ideal-pruning-deftly) / Property feedback judge] at node: tool_result; tool calls: [result]
[SharesManager (LsETH ERC20) (21 properties) (liquid-ideal-pruning-deftly) / Property feedback judge] at node: tools
[SharesManager (LsETH ERC20) (21 properties) (liquid-ideal-pruning-deftly) / Property feedback judge] end
[SharesManager (LsETH ERC20) (21 properties) (liquid-ideal-pruning-deftly)] at node: tools
[SharesManager (LsETH ERC20) (21 properties) (liquid-ideal-pruning-deftly)] at node: tool_result; tool calls: [memory]
[SharesManager (LsETH ERC20) (21 properties) (liquid-ideal-pruning-deftly)] at node: tools
[SharesManager (LsETH ERC20) (21 properties) (liquid-ideal-pruning-deftly)] at node: tool_result; tool calls: [verify_spec]
[SharesManager (LsETH ERC20) (21 properties) (liquid-ideal-pruning-deftly)]: prover start
[SharesManager (LsETH ERC20) (21 properties) (liquid-ideal-pruning-deftly)] at node: tools
[SharesManager (LsETH ERC20) (21 properties) (liquid-ideal-pruning-deftly)] at node: tool_result; tool calls: [get_file]
[SharesManager (LsETH ERC20) (21 properties) (liquid-ideal-pruning-deftly)] at node: tools
[UserDepositManager (16 properties) (tight-analysis-merging-briskly)]; prover complete
[UserDepositManager (16 properties) (tight-analysis-merging-briskly)]: rule analysis start -> noAssetsNoShares for setConsensusLayerData((uint256,uint256,uint256,uint256,uint256,uint32,uint32[],bool,bool))
[UserDepositManager (16 properties) (tight-analysis-merging-briskly)]: rule analysis start -> prop13_fallbackAlwaysReverts for <receiveOrFallback>()
[SharesManager (LsETH ERC20) (21 properties) (liquid-ideal-pruning-deftly)] at node: tool_result; tool calls: [grep_files]
[SharesManager (LsETH ERC20) (21 properties) (liquid-ideal-pruning-deftly)] at node: tools
[SharesManager (LsETH ERC20) (21 properties) (liquid-ideal-pruning-deftly)] at node: tool_result; tool calls: [grep_files]
[SharesManager (LsETH ERC20) (21 properties) (liquid-ideal-pruning-deftly)] at node: tools
[SharesManager (LsETH ERC20) (21 properties) (liquid-ideal-pruning-deftly)] at node: tool_result; tool calls: [get_file]
[SharesManager (LsETH ERC20) (21 properties) (liquid-ideal-pruning-deftly)] at node: tools
[SharesManager (LsETH ERC20) (21 properties) (liquid-ideal-pruning-deftly)] at node: tool_result; tool calls: [get_file]
[SharesManager (LsETH ERC20) (21 properties) (liquid-ideal-pruning-deftly)] at node: tools
[SharesManager (LsETH ERC20) (21 properties) (liquid-ideal-pruning-deftly)] at node: tool_result; tool calls: [grep_files]
[SharesManager (LsETH ERC20) (21 properties) (liquid-ideal-pruning-deftly)] at node: tools
[UserDepositManager (16 properties) (tight-analysis-merging-briskly)]: rule analysis complete -> noAssetsNoShares for setConsensusLayerData((uint256,uint256,uint256,uint256,uint256,uint32,uint32[],bool,bool))
[SharesManager (LsETH ERC20) (21 properties) (liquid-ideal-pruning-deftly)] at node: tool_result; tool calls: [grep_files]
[UserDepositManager (16 properties) (tight-analysis-merging-briskly)]: rule analysis complete -> prop13_fallbackAlwaysReverts for <receiveOrFallback>()
[UserDepositManager (16 properties) (tight-analysis-merging-briskly)] at node: tools
[SharesManager (LsETH ERC20) (21 properties) (liquid-ideal-pruning-deftly)] at node: tools
[UserDepositManager (16 properties) (tight-analysis-merging-briskly)] at node: tool_result; tool calls: [put_cvl_raw]
[UserDepositManager (16 properties) (tight-analysis-merging-briskly)] at node: tools
[UserDepositManager (16 properties) (tight-analysis-merging-briskly)] at node: tool_result; tool calls: [verify_spec]
[UserDepositManager (16 properties) (tight-analysis-merging-briskly)]: prover start
[SharesManager (LsETH ERC20) (21 properties) (liquid-ideal-pruning-deftly)] at node: tool_result; tool calls: [put_cvl_raw]
[SharesManager (LsETH ERC20) (21 properties) (liquid-ideal-pruning-deftly)] at node: tools
[SharesManager (LsETH ERC20) (21 properties) (liquid-ideal-pruning-deftly)] at node: tool_result; tool calls: [verify_spec]
[SharesManager (LsETH ERC20) (21 properties) (liquid-ideal-pruning-deftly)]: prover start
[ConsensusLayerDepositManager (15 properties) (frozen-keeper-locking-totally)]; prover complete
[ConsensusLayerDepositManager (15 properties) (frozen-keeper-locking-totally)]: rule analysis start -> depositedValidatorCountNonDecreasing for claimRedeemRequests(uint32[],uint32[])
[ConsensusLayerDepositManager (15 properties) (frozen-keeper-locking-totally)]: rule analysis start -> depositedValidatorCountNonDecreasing for resolveRedeemRequests(uint32[])
[ConsensusLayerDepositManager (15 properties) (frozen-keeper-locking-totally)]: rule analysis start -> onlyDepositFunctionModifiesDepositedValidatorCount for claimRedeemRequests(uint32[],uint32[])
[ConsensusLayerDepositManager (15 properties) (frozen-keeper-locking-totally)]: rule analysis start -> onlyDepositFunctionModifiesDepositedValidatorCount for resolveRedeemRequests(uint32[])
[ConsensusLayerDepositManager (15 properties) (frozen-keeper-locking-totally)]: rule analysis complete -> depositedValidatorCountNonDecreasing for claimRedeemRequests(uint32[],uint32[])
[ConsensusLayerDepositManager (15 properties) (frozen-keeper-locking-totally)]: rule analysis complete -> onlyDepositFunctionModifiesDepositedValidatorCount for claimRedeemRequests(uint32[],uint32[])
[ConsensusLayerDepositManager (15 properties) (frozen-keeper-locking-totally)]: rule analysis complete -> onlyDepositFunctionModifiesDepositedValidatorCount for resolveRedeemRequests(uint32[])
[ConsensusLayerDepositManager (15 properties) (frozen-keeper-locking-totally)]: rule analysis complete -> depositedValidatorCountNonDecreasing for resolveRedeemRequests(uint32[])
[ConsensusLayerDepositManager (15 properties) (frozen-keeper-locking-totally)] at node: tools
[OracleManager (21 properties) (cobalt-lemma-verifying-keenly)]; prover complete
[OracleManager (21 properties) (cobalt-lemma-verifying-keenly)]: rule analysis start -> prop13a_sharesMintedNotBurned
[ConsensusLayerDepositManager (15 properties) (frozen-keeper-locking-totally)] at node: tool_result; tool calls: [put_cvl_raw]
[ConsensusLayerDepositManager (15 properties) (frozen-keeper-locking-totally)] at node: tools
[ConsensusLayerDepositManager (15 properties) (frozen-keeper-locking-totally)] at node: tool_result; tool calls: [feedback_tool]
[ConsensusLayerDepositManager (15 properties) (frozen-keeper-locking-totally) / Property feedback judge] start  (via tool: toolu_01WLoGsXjosXR4Foq2Kif5TQ)
[ConsensusLayerDepositManager (15 properties) (frozen-keeper-locking-totally) / Property feedback judge] at node: initial; tool calls: [memory]
[ConsensusLayerDepositManager (15 properties) (frozen-keeper-locking-totally) / Property feedback judge] at node: tools
[ConsensusLayerDepositManager (15 properties) (frozen-keeper-locking-totally) / Property feedback judge] at node: tool_result; tool calls: [memory]
[ConsensusLayerDepositManager (15 properties) (frozen-keeper-locking-totally) / Property feedback judge] at node: tools
[OracleManager (21 properties) (cobalt-lemma-verifying-keenly)]: rule analysis complete -> prop13a_sharesMintedNotBurned
[OracleManager (21 properties) (cobalt-lemma-verifying-keenly)] at node: tools
[UserDepositManager (16 properties) (tight-analysis-merging-briskly)]; prover complete
[UserDepositManager (16 properties) (tight-analysis-merging-briskly)]: rule analysis start -> prop13_fallbackAlwaysReverts for <receiveOrFallback>()
[SharesManager (LsETH ERC20) (21 properties) (liquid-ideal-pruning-deftly)]; prover complete
[SharesManager (LsETH ERC20) (21 properties) (liquid-ideal-pruning-deftly)] at node: tools
[SharesManager (LsETH ERC20) (21 properties) (liquid-ideal-pruning-deftly)] at node: tool_result; tool calls: [verify_spec]
[SharesManager (LsETH ERC20) (21 properties) (liquid-ideal-pruning-deftly)]: prover start
[OracleManager (21 properties) (cobalt-lemma-verifying-keenly)] at node: summarize
[OracleManager (21 properties) (cobalt-lemma-verifying-keenly)] at node: tool_result; tool calls: [memory]
[OracleManager (21 properties) (cobalt-lemma-verifying-keenly)] at node: tools
[OracleManager (21 properties) (cobalt-lemma-verifying-keenly)] at node: tool_result; tool calls: [memory]
[OracleManager (21 properties) (cobalt-lemma-verifying-keenly)] at node: tools
[OracleManager (21 properties) (cobalt-lemma-verifying-keenly)] at node: tool_result; tool calls: [get_cvl]
[OracleManager (21 properties) (cobalt-lemma-verifying-keenly)] at node: tools
[UserDepositManager (16 properties) (tight-analysis-merging-briskly)]: rule analysis complete -> prop13_fallbackAlwaysReverts for <receiveOrFallback>()
[UserDepositManager (16 properties) (tight-analysis-merging-briskly)] at node: tools
[UserDepositManager (16 properties) (tight-analysis-merging-briskly)] at node: tool_result; tool calls: [record_skip]
[UserDepositManager (16 properties) (tight-analysis-merging-briskly)] at node: tools
[UserDepositManager (16 properties) (tight-analysis-merging-briskly)] at node: tool_result; tool calls: [expect_rule_failure]
[UserDepositManager (16 properties) (tight-analysis-merging-briskly)] at node: tools
[ConsensusLayerDepositManager (15 properties) (frozen-keeper-locking-totally) / Property feedback judge] at node: tool_result; tool calls: [get_cvl]
[ConsensusLayerDepositManager (15 properties) (frozen-keeper-locking-totally) / Property feedback judge] at node: tools
[UserDepositManager (16 properties) (tight-analysis-merging-briskly)] at node: tool_result; tool calls: [verify_spec]
[UserDepositManager (16 properties) (tight-analysis-merging-briskly)]: prover start
[ConsensusLayerDepositManager (15 properties) (frozen-keeper-locking-totally) / Property feedback judge] at node: tool_result; tool calls: [write_rough_draft]
[ConsensusLayerDepositManager (15 properties) (frozen-keeper-locking-totally) / Property feedback judge] at node: tools
[OracleManager (21 properties) (cobalt-lemma-verifying-keenly)] at node: tool_result; tool calls: [get_file, get_file]
[OracleManager (21 properties) (cobalt-lemma-verifying-keenly)] at node: tools
[ConsensusLayerDepositManager (15 properties) (frozen-keeper-locking-totally) / Property feedback judge] at node: tool_result; tool calls: [read_rough_draft]
[ConsensusLayerDepositManager (15 properties) (frozen-keeper-locking-totally) / Property feedback judge] at node: tools
[OracleManager (21 properties) (cobalt-lemma-verifying-keenly)] at node: tool_result; tool calls: [list_files]
[ConsensusLayerDepositManager (15 properties) (frozen-keeper-locking-totally) / Property feedback judge] at node: tool_result; tool calls: [memory]
[ConsensusLayerDepositManager (15 properties) (frozen-keeper-locking-totally) / Property feedback judge] at node: tools
[ConsensusLayerDepositManager (15 properties) (frozen-keeper-locking-totally) / Property feedback judge] at node: tool_result; tool calls: [result]
[ConsensusLayerDepositManager (15 properties) (frozen-keeper-locking-totally) / Property feedback judge] at node: tools
[ConsensusLayerDepositManager (15 properties) (frozen-keeper-locking-totally) / Property feedback judge] end
[ConsensusLayerDepositManager (15 properties) (frozen-keeper-locking-totally)] at node: tools
[OracleManager (21 properties) (cobalt-lemma-verifying-keenly)] at node: tools
[OracleManager (21 properties) (cobalt-lemma-verifying-keenly)] at node: tool_result; tool calls: [get_file, get_file]
[OracleManager (21 properties) (cobalt-lemma-verifying-keenly)] at node: tools
[ConsensusLayerDepositManager (15 properties) (frozen-keeper-locking-totally)] at node: tool_result; tool calls: [memory]
[ConsensusLayerDepositManager (15 properties) (frozen-keeper-locking-totally)] at node: tools
[ConsensusLayerDepositManager (15 properties) (frozen-keeper-locking-totally)] at node: tool_result; tool calls: [verify_spec]
[ConsensusLayerDepositManager (15 properties) (frozen-keeper-locking-totally)]: prover start
[OracleManager (21 properties) (cobalt-lemma-verifying-keenly)] at node: tool_result; tool calls: [get_file, get_file]
[OracleManager (21 properties) (cobalt-lemma-verifying-keenly)] at node: tools
[OracleManager (21 properties) (cobalt-lemma-verifying-keenly)] at node: tool_result; tool calls: [get_file, get_file]
[OracleManager (21 properties) (cobalt-lemma-verifying-keenly)] at node: tools
[OracleManager (21 properties) (cobalt-lemma-verifying-keenly)] at node: tool_result; tool calls: [get_file, get_file]
[OracleManager (21 properties) (cobalt-lemma-verifying-keenly)] at node: tools
[OracleManager (21 properties) (cobalt-lemma-verifying-keenly)] at node: tool_result; tool calls: [get_file]
[OracleManager (21 properties) (cobalt-lemma-verifying-keenly)] at node: tools
[OracleManager (21 properties) (cobalt-lemma-verifying-keenly)] at node: tool_result; tool calls: [grep_files]
[OracleManager (21 properties) (cobalt-lemma-verifying-keenly)] at node: tools
[OracleManager (21 properties) (cobalt-lemma-verifying-keenly)] at node: tool_result; tool calls: [get_file]
[OracleManager (21 properties) (cobalt-lemma-verifying-keenly)] at node: tools
[OracleManager (21 properties) (cobalt-lemma-verifying-keenly)] at node: tool_result; tool calls: [get_file]
[OracleManager (21 properties) (cobalt-lemma-verifying-keenly)] at node: tools
[OracleManager (21 properties) (cobalt-lemma-verifying-keenly)] at node: tool_result; tool calls: [grep_files]
[OracleManager (21 properties) (cobalt-lemma-verifying-keenly)] at node: tools
[OracleManager (21 properties) (cobalt-lemma-verifying-keenly)] at node: tool_result; tool calls: [get_file]
[OracleManager (21 properties) (cobalt-lemma-verifying-keenly)] at node: tools
[OracleManager (21 properties) (cobalt-lemma-verifying-keenly)] at node: tool_result; tool calls: [grep_files]
[OracleManager (21 properties) (cobalt-lemma-verifying-keenly)] at node: tools
[OracleManager (21 properties) (cobalt-lemma-verifying-keenly)] at node: tool_result; tool calls: [get_file]
[OracleManager (21 properties) (cobalt-lemma-verifying-keenly)] at node: tools
[OracleManager (21 properties) (cobalt-lemma-verifying-keenly)] at node: tool_result; tool calls: [put_cvl_raw]
[OracleManager (21 properties) (cobalt-lemma-verifying-keenly)] at node: tools
[UserDepositManager (16 properties) (tight-analysis-merging-briskly)]; prover complete
[UserDepositManager (16 properties) (tight-analysis-merging-briskly)]: rule analysis start -> prop13_fallbackAlwaysReverts for <receiveOrFallback>()
[OracleManager (21 properties) (cobalt-lemma-verifying-keenly)] at node: tool_result; tool calls: [record_skip]
[OracleManager (21 properties) (cobalt-lemma-verifying-keenly)] at node: tools
[OracleManager (21 properties) (cobalt-lemma-verifying-keenly)] at node: tool_result; tool calls: [record_skip]
[OracleManager (21 properties) (cobalt-lemma-verifying-keenly)] at node: tools
[OracleManager (21 properties) (cobalt-lemma-verifying-keenly)] at node: tool_result; tool calls: [expect_rule_failure, expect_rule_failure, expect_rule_failure, expect_rule_failure]
[OracleManager (21 properties) (cobalt-lemma-verifying-keenly)] at node: tool_result; tool calls: [feedback_tool]
[OracleManager (21 properties) (cobalt-lemma-verifying-keenly) / Property feedback judge] start  (via tool: toolu_01Y2nsLoxZwv2TkqNUx8nNLj)
[OracleManager (21 properties) (cobalt-lemma-verifying-keenly) / Property feedback judge] at node: initial; tool calls: [memory]
[OracleManager (21 properties) (cobalt-lemma-verifying-keenly) / Property feedback judge] at node: tools
[OracleManager (21 properties) (cobalt-lemma-verifying-keenly) / Property feedback judge] at node: tool_result; tool calls: [memory]
[OracleManager (21 properties) (cobalt-lemma-verifying-keenly) / Property feedback judge] at node: tools
[UserDepositManager (16 properties) (tight-analysis-merging-briskly)]: rule analysis complete -> prop13_fallbackAlwaysReverts for <receiveOrFallback>()
[UserDepositManager (16 properties) (tight-analysis-merging-briskly)] at node: tools
[SharesManager (LsETH ERC20) (21 properties) (liquid-ideal-pruning-deftly)]; prover complete
[SharesManager (LsETH ERC20) (21 properties) (liquid-ideal-pruning-deftly)] at node: tools
[SharesManager (LsETH ERC20) (21 properties) (liquid-ideal-pruning-deftly)] at node: tool_result; tool calls: [verify_spec]
[SharesManager (LsETH ERC20) (21 properties) (liquid-ideal-pruning-deftly)]: prover start
[UserDepositManager (16 properties) (tight-analysis-merging-briskly)] at node: tool_result; tool calls: [put_cvl_raw]
[UserDepositManager (16 properties) (tight-analysis-merging-briskly)] at node: tools
[UserDepositManager (16 properties) (tight-analysis-merging-briskly)] at node: tool_result; tool calls: [verify_spec]
[UserDepositManager (16 properties) (tight-analysis-merging-briskly)]: prover start
[UserDepositManager (16 properties) (tight-analysis-merging-briskly)]; prover complete
[UserDepositManager (16 properties) (tight-analysis-merging-briskly)]: rule analysis start -> prop13_fallbackAlwaysReverts for <receiveOrFallback>()
[OracleManager (21 properties) (cobalt-lemma-verifying-keenly) / Property feedback judge] at node: tool_result; tool calls: [write_rough_draft]
[OracleManager (21 properties) (cobalt-lemma-verifying-keenly) / Property feedback judge] at node: tools
[UserDepositManager (16 properties) (tight-analysis-merging-briskly)]: rule analysis complete -> prop13_fallbackAlwaysReverts for <receiveOrFallback>()
[UserDepositManager (16 properties) (tight-analysis-merging-briskly)] at node: tools
[UserDepositManager (16 properties) (tight-analysis-merging-briskly)] at node: tool_result; tool calls: [verify_spec]
[UserDepositManager (16 properties) (tight-analysis-merging-briskly)]: prover start
[OracleManager (21 properties) (cobalt-lemma-verifying-keenly) / Property feedback judge] at node: tool_result; tool calls: [read_rough_draft]
[OracleManager (21 properties) (cobalt-lemma-verifying-keenly) / Property feedback judge] at node: tools
[OracleManager (21 properties) (cobalt-lemma-verifying-keenly) / Property feedback judge] at node: tool_result; tool calls: [cvl_research]
[OracleManager (21 properties) (cobalt-lemma-verifying-keenly) / Property feedback judge / CVL Researcher] start  (via tool: toolu_01Ct2VYekeBxdsM8Mirka7FU)
[OracleManager (21 properties) (cobalt-lemma-verifying-keenly) / Property feedback judge / CVL Researcher] at node: initial; tool calls: [cvl_manual_search, cvl_manual_search]
[OracleManager (21 properties) (cobalt-lemma-verifying-keenly) / Property feedback judge / CVL Researcher] at node: tools
[OracleManager (21 properties) (cobalt-lemma-verifying-keenly) / Property feedback judge / CVL Researcher] at node: tool_result; tool calls: [cvl_manual_search, cvl_manual_search]
[OracleManager (21 properties) (cobalt-lemma-verifying-keenly) / Property feedback judge / CVL Researcher] at node: tools
[OracleManager (21 properties) (cobalt-lemma-verifying-keenly) / Property feedback judge / CVL Researcher] at node: tool_result; tool calls: [get_cvl_manual_section, get_cvl_manual_section]
[OracleManager (21 properties) (cobalt-lemma-verifying-keenly) / Property feedback judge / CVL Researcher] at node: tools
[OracleManager (21 properties) (cobalt-lemma-verifying-keenly) / Property feedback judge / CVL Researcher] at node: tool_result; tool calls: [write_rough_draft]
[OracleManager (21 properties) (cobalt-lemma-verifying-keenly) / Property feedback judge / CVL Researcher] at node: tools
[OracleManager (21 properties) (cobalt-lemma-verifying-keenly) / Property feedback judge / CVL Researcher] at node: tool_result; tool calls: [read_rough_draft]
[OracleManager (21 properties) (cobalt-lemma-verifying-keenly) / Property feedback judge / CVL Researcher] at node: tools
[SharesManager (LsETH ERC20) (21 properties) (liquid-ideal-pruning-deftly)]; prover complete
[SharesManager (LsETH ERC20) (21 properties) (liquid-ideal-pruning-deftly)]: rule analysis start -> allowanceIncreasesOnlyByOwner for claimRedeemRequests(uint32[],uint32[])
[OracleManager (21 properties) (cobalt-lemma-verifying-keenly) / Property feedback judge / CVL Researcher] at node: tool_result; tool calls: [result]
[OracleManager (21 properties) (cobalt-lemma-verifying-keenly) / Property feedback judge / CVL Researcher] at node: tools
[OracleManager (21 properties) (cobalt-lemma-verifying-keenly) / Property feedback judge / CVL Researcher] end
[OracleManager (21 properties) (cobalt-lemma-verifying-keenly) / Property feedback judge] at node: tools
[OracleManager (21 properties) (cobalt-lemma-verifying-keenly) / Property feedback judge] at node: tool_result; tool calls: [memory]
[OracleManager (21 properties) (cobalt-lemma-verifying-keenly) / Property feedback judge] at node: tools
[OracleManager (21 properties) (cobalt-lemma-verifying-keenly) / Property feedback judge] at node: tool_result; tool calls: [memory]
[OracleManager (21 properties) (cobalt-lemma-verifying-keenly) / Property feedback judge] at node: tools
[OracleManager (21 properties) (cobalt-lemma-verifying-keenly) / Property feedback judge] at node: tool_result; tool calls: [memory]
[OracleManager (21 properties) (cobalt-lemma-verifying-keenly) / Property feedback judge] at node: tools
[SharesManager (LsETH ERC20) (21 properties) (liquid-ideal-pruning-deftly)]: rule analysis complete -> allowanceIncreasesOnlyByOwner for claimRedeemRequests(uint32[],uint32[])
[OracleManager (21 properties) (cobalt-lemma-verifying-keenly) / Property feedback judge] at node: tool_result; tool calls: [result]
[OracleManager (21 properties) (cobalt-lemma-verifying-keenly) / Property feedback judge] at node: tools
[OracleManager (21 properties) (cobalt-lemma-verifying-keenly) / Property feedback judge] end
[OracleManager (21 properties) (cobalt-lemma-verifying-keenly)] at node: tools
[OracleManager (21 properties) (cobalt-lemma-verifying-keenly)] at node: tool_result; tool calls: [grep_files]
[SharesManager (LsETH ERC20) (21 properties) (liquid-ideal-pruning-deftly)] at node: tools
[OracleManager (21 properties) (cobalt-lemma-verifying-keenly)] at node: tools
[OracleManager (21 properties) (cobalt-lemma-verifying-keenly)] at node: tool_result; tool calls: [get_file]
[OracleManager (21 properties) (cobalt-lemma-verifying-keenly)] at node: tools
[OracleManager (21 properties) (cobalt-lemma-verifying-keenly)] at node: tool_result; tool calls: [grep_files]
[OracleManager (21 properties) (cobalt-lemma-verifying-keenly)] at node: tools
[OracleManager (21 properties) (cobalt-lemma-verifying-keenly)] at node: tool_result; tool calls: [grep_files]
[OracleManager (21 properties) (cobalt-lemma-verifying-keenly)] at node: tools
[ConsensusLayerDepositManager (15 properties) (frozen-keeper-locking-totally)]; prover complete
[ConsensusLayerDepositManager (15 properties) (frozen-keeper-locking-totally)] at node: tools
[ConsensusLayerDepositManager (15 properties) (frozen-keeper-locking-totally)] at node: tool_result; tool calls: [verify_spec]
[ConsensusLayerDepositManager (15 properties) (frozen-keeper-locking-totally)]: prover start
[SharesManager (LsETH ERC20) (21 properties) (liquid-ideal-pruning-deftly)] at node: tool_result; tool calls: [put_cvl_raw]
[SharesManager (LsETH ERC20) (21 properties) (liquid-ideal-pruning-deftly)] at node: tools
[SharesManager (LsETH ERC20) (21 properties) (liquid-ideal-pruning-deftly)] at node: tool_result; tool calls: [verify_spec]
[SharesManager (LsETH ERC20) (21 properties) (liquid-ideal-pruning-deftly)]: prover start
[UserDepositManager (16 properties) (tight-analysis-merging-briskly)]; prover complete
[UserDepositManager (16 properties) (tight-analysis-merging-briskly)]: rule analysis start -> prop13_fallbackAlwaysReverts for <receiveOrFallback>()
[UserDepositManager (16 properties) (tight-analysis-merging-briskly)]: rule analysis complete -> prop13_fallbackAlwaysReverts for <receiveOrFallback>()
[UserDepositManager (16 properties) (tight-analysis-merging-briskly)] at node: tools
[UserDepositManager (16 properties) (tight-analysis-merging-briskly)] at node: tool_result; tool calls: [feedback_tool]
[UserDepositManager (16 properties) (tight-analysis-merging-briskly) / Property feedback judge] start  (via tool: toolu_01Hh9BwD3qHsaazLYkvk2Ri4)
[UserDepositManager (16 properties) (tight-analysis-merging-briskly) / Property feedback judge] at node: initial; tool calls: [memory]
[UserDepositManager (16 properties) (tight-analysis-merging-briskly) / Property feedback judge] at node: tools
[UserDepositManager (16 properties) (tight-analysis-merging-briskly) / Property feedback judge] at node: tool_result; tool calls: [memory]
[UserDepositManager (16 properties) (tight-analysis-merging-briskly) / Property feedback judge] at node: tools
[OracleManager (21 properties) (cobalt-lemma-verifying-keenly)] at node: tool_result; tool calls: [cvl_research]
[OracleManager (21 properties) (cobalt-lemma-verifying-keenly) / CVL Researcher] start  (via tool: toolu_015dghTH8RKQez8qU1AfA3jm)
[OracleManager (21 properties) (cobalt-lemma-verifying-keenly) / CVL Researcher] at node: initial; tool calls: [write_rough_draft]
[OracleManager (21 properties) (cobalt-lemma-verifying-keenly) / CVL Researcher] at node: tools
[OracleManager (21 properties) (cobalt-lemma-verifying-keenly) / CVL Researcher] at node: tool_result; tool calls: [read_rough_draft]
[OracleManager (21 properties) (cobalt-lemma-verifying-keenly) / CVL Researcher] at node: tools
[OracleManager (21 properties) (cobalt-lemma-verifying-keenly) / CVL Researcher] at node: tool_result; tool calls: [result]
[OracleManager (21 properties) (cobalt-lemma-verifying-keenly) / CVL Researcher] at node: tools
[OracleManager (21 properties) (cobalt-lemma-verifying-keenly) / CVL Researcher] end
[OracleManager (21 properties) (cobalt-lemma-verifying-keenly)] at node: tools
[UserDepositManager (16 properties) (tight-analysis-merging-briskly) / Property feedback judge] at node: tool_result; tool calls: [get_cvl]
[UserDepositManager (16 properties) (tight-analysis-merging-briskly) / Property feedback judge] at node: tools
[OracleManager (21 properties) (cobalt-lemma-verifying-keenly)] at node: tool_result; tool calls: [unskip_property]
[OracleManager (21 properties) (cobalt-lemma-verifying-keenly)] at node: tools
[UserDepositManager (16 properties) (tight-analysis-merging-briskly) / Property feedback judge] at node: tool_result; tool calls: [write_rough_draft]
[UserDepositManager (16 properties) (tight-analysis-merging-briskly) / Property feedback judge] at node: tools
[UserDepositManager (16 properties) (tight-analysis-merging-briskly) / Property feedback judge] at node: tool_result; tool calls: [read_rough_draft]
[UserDepositManager (16 properties) (tight-analysis-merging-briskly) / Property feedback judge] at node: tools
[UserDepositManager (16 properties) (tight-analysis-merging-briskly) / Property feedback judge] at node: tool_result; tool calls: [memory]
[UserDepositManager (16 properties) (tight-analysis-merging-briskly) / Property feedback judge] at node: tools
[UserDepositManager (16 properties) (tight-analysis-merging-briskly) / Property feedback judge] at node: tool_result; tool calls: [memory]
[UserDepositManager (16 properties) (tight-analysis-merging-briskly) / Property feedback judge] at node: tools
[UserDepositManager (16 properties) (tight-analysis-merging-briskly) / Property feedback judge] at node: tool_result; tool calls: [result]
[UserDepositManager (16 properties) (tight-analysis-merging-briskly) / Property feedback judge] at node: tools
[UserDepositManager (16 properties) (tight-analysis-merging-briskly) / Property feedback judge] end
[UserDepositManager (16 properties) (tight-analysis-merging-briskly)] at node: tools
[UserDepositManager (16 properties) (tight-analysis-merging-briskly)] at node: tool_result; tool calls: [expect_rule_passage]
[UserDepositManager (16 properties) (tight-analysis-merging-briskly)] at node: tools
[OracleManager (21 properties) (cobalt-lemma-verifying-keenly)] at node: tool_result; tool calls: [put_cvl_raw]
[OracleManager (21 properties) (cobalt-lemma-verifying-keenly)] at node: tools
[OracleManager (21 properties) (cobalt-lemma-verifying-keenly)] at node: tool_result; tool calls: [feedback_tool]
[OracleManager (21 properties) (cobalt-lemma-verifying-keenly) / Property feedback judge] start  (via tool: toolu_014YUkuPx9yNh6Vaeju6a81w)
[OracleManager (21 properties) (cobalt-lemma-verifying-keenly) / Property feedback judge] at node: initial; tool calls: [memory]
[OracleManager (21 properties) (cobalt-lemma-verifying-keenly) / Property feedback judge] at node: tools
[OracleManager (21 properties) (cobalt-lemma-verifying-keenly) / Property feedback judge] at node: tool_result; tool calls: [memory]
[OracleManager (21 properties) (cobalt-lemma-verifying-keenly) / Property feedback judge] at node: tools
[UserDepositManager (16 properties) (tight-analysis-merging-briskly)] at node: tool_result; tool calls: [put_cvl_raw]
[UserDepositManager (16 properties) (tight-analysis-merging-briskly)] at node: tools
[UserDepositManager (16 properties) (tight-analysis-merging-briskly)] at node: tool_result; tool calls: [feedback_tool]
[UserDepositManager (16 properties) (tight-analysis-merging-briskly) / Property feedback judge] start  (via tool: toolu_01PiHp1UPY2h3tXxNCApfgTh)
[UserDepositManager (16 properties) (tight-analysis-merging-briskly) / Property feedback judge] at node: initial; tool calls: [memory]
[UserDepositManager (16 properties) (tight-analysis-merging-briskly) / Property feedback judge] at node: tools
[UserDepositManager (16 properties) (tight-analysis-merging-briskly) / Property feedback judge] at node: tool_result; tool calls: [memory]
[UserDepositManager (16 properties) (tight-analysis-merging-briskly) / Property feedback judge] at node: tools
[OracleManager (21 properties) (cobalt-lemma-verifying-keenly) / Property feedback judge] at node: tool_result; tool calls: [get_cvl]
[OracleManager (21 properties) (cobalt-lemma-verifying-keenly) / Property feedback judge] at node: tools
[SharesManager (LsETH ERC20) (21 properties) (liquid-ideal-pruning-deftly)]; prover complete
[SharesManager (LsETH ERC20) (21 properties) (liquid-ideal-pruning-deftly)] at node: tools
[SharesManager (LsETH ERC20) (21 properties) (liquid-ideal-pruning-deftly)] at node: tool_result; tool calls: [verify_spec]
[SharesManager (LsETH ERC20) (21 properties) (liquid-ideal-pruning-deftly)]: prover start
[OracleManager (21 properties) (cobalt-lemma-verifying-keenly) / Property feedback judge] at node: tool_result; tool calls: [cvl_research, cvl_research]
[OracleManager (21 properties) (cobalt-lemma-verifying-keenly) / Property feedback judge / CVL Researcher] start  (via tool: toolu_01UVQe4MWy1zDKrERfcuk6rx)
[OracleManager (21 properties) (cobalt-lemma-verifying-keenly) / Property feedback judge / CVL Researcher] start  (via tool: toolu_017vLBBzA2ThkMdk1PgkFa2q)
[UserDepositManager (16 properties) (tight-analysis-merging-briskly) / Property feedback judge] at node: tool_result; tool calls: [get_cvl]
[UserDepositManager (16 properties) (tight-analysis-merging-briskly) / Property feedback judge] at node: tools
[OracleManager (21 properties) (cobalt-lemma-verifying-keenly) / Property feedback judge / CVL Researcher] at node: initial; tool calls: [cvl_manual_search, cvl_keyword_search]
[OracleManager (21 properties) (cobalt-lemma-verifying-keenly) / Property feedback judge / CVL Researcher] at node: tools
[OracleManager (21 properties) (cobalt-lemma-verifying-keenly) / Property feedback judge / CVL Researcher] at node: tool_result; tool calls: [get_cvl_manual_section, get_cvl_manual_section]
[OracleManager (21 properties) (cobalt-lemma-verifying-keenly) / Property feedback judge / CVL Researcher] at node: tools
[OracleManager (21 properties) (cobalt-lemma-verifying-keenly) / Property feedback judge / CVL Researcher] at node: tool_result; tool calls: [cvl_keyword_search]
[OracleManager (21 properties) (cobalt-lemma-verifying-keenly) / Property feedback judge / CVL Researcher] at node: tools
[OracleManager (21 properties) (cobalt-lemma-verifying-keenly) / Property feedback judge / CVL Researcher] at node: initial; tool calls: [write_rough_draft]
[OracleManager (21 properties) (cobalt-lemma-verifying-keenly) / Property feedback judge / CVL Researcher] at node: tools
[OracleManager (21 properties) (cobalt-lemma-verifying-keenly) / Property feedback judge / CVL Researcher] at node: tool_result; tool calls: [read_rough_draft]
[OracleManager (21 properties) (cobalt-lemma-verifying-keenly) / Property feedback judge / CVL Researcher] at node: tools
[OracleManager (21 properties) (cobalt-lemma-verifying-keenly) / Property feedback judge / CVL Researcher] at node: tool_result; tool calls: [get_cvl_manual_section, get_cvl_manual_section]
[OracleManager (21 properties) (cobalt-lemma-verifying-keenly) / Property feedback judge / CVL Researcher] at node: tools
[OracleManager (21 properties) (cobalt-lemma-verifying-keenly) / Property feedback judge / CVL Researcher] at node: tool_result; tool calls: [get_cvl_manual_section]
[OracleManager (21 properties) (cobalt-lemma-verifying-keenly) / Property feedback judge / CVL Researcher] at node: tools
[OracleManager (21 properties) (cobalt-lemma-verifying-keenly) / Property feedback judge / CVL Researcher] at node: tool_result; tool calls: [cvl_keyword_search]
[OracleManager (21 properties) (cobalt-lemma-verifying-keenly) / Property feedback judge / CVL Researcher] at node: tools
[OracleManager (21 properties) (cobalt-lemma-verifying-keenly) / Property feedback judge / CVL Researcher] at node: tool_result; tool calls: [cvl_manual_search]
[OracleManager (21 properties) (cobalt-lemma-verifying-keenly) / Property feedback judge / CVL Researcher] at node: tools
[OracleManager (21 properties) (cobalt-lemma-verifying-keenly) / Property feedback judge / CVL Researcher] at node: tool_result; tool calls: [result]
[OracleManager (21 properties) (cobalt-lemma-verifying-keenly) / Property feedback judge / CVL Researcher] at node: tools
[OracleManager (21 properties) (cobalt-lemma-verifying-keenly) / Property feedback judge / CVL Researcher] end
[OracleManager (21 properties) (cobalt-lemma-verifying-keenly) / Property feedback judge / CVL Researcher] at node: tool_result; tool calls: [write_rough_draft]
[OracleManager (21 properties) (cobalt-lemma-verifying-keenly) / Property feedback judge / CVL Researcher] at node: tools
[OracleManager (21 properties) (cobalt-lemma-verifying-keenly) / Property feedback judge / CVL Researcher] at node: tool_result; tool calls: [read_rough_draft]
[OracleManager (21 properties) (cobalt-lemma-verifying-keenly) / Property feedback judge / CVL Researcher] at node: tools
[OracleManager (21 properties) (cobalt-lemma-verifying-keenly) / Property feedback judge / CVL Researcher] at node: tool_result; tool calls: [result]
[OracleManager (21 properties) (cobalt-lemma-verifying-keenly) / Property feedback judge / CVL Researcher] at node: tools
[OracleManager (21 properties) (cobalt-lemma-verifying-keenly) / Property feedback judge / CVL Researcher] end
[OracleManager (21 properties) (cobalt-lemma-verifying-keenly) / Property feedback judge] at node: tools
[UserDepositManager (16 properties) (tight-analysis-merging-briskly) / Property feedback judge] at node: tool_result; tool calls: [write_rough_draft]
[UserDepositManager (16 properties) (tight-analysis-merging-briskly) / Property feedback judge] at node: tools
[OracleManager (21 properties) (cobalt-lemma-verifying-keenly) / Property feedback judge] at node: tool_result; tool calls: [write_rough_draft]
[OracleManager (21 properties) (cobalt-lemma-verifying-keenly) / Property feedback judge] at node: tools
[OracleManager (21 properties) (cobalt-lemma-verifying-keenly) / Property feedback judge] at node: tool_result; tool calls: [read_rough_draft]
[OracleManager (21 properties) (cobalt-lemma-verifying-keenly) / Property feedback judge] at node: tools
[OracleManager (21 properties) (cobalt-lemma-verifying-keenly) / Property feedback judge] at node: tool_result; tool calls: [memory]
[OracleManager (21 properties) (cobalt-lemma-verifying-keenly) / Property feedback judge] at node: tools
[OracleManager (21 properties) (cobalt-lemma-verifying-keenly) / Property feedback judge] at node: tool_result; tool calls: [memory]
[OracleManager (21 properties) (cobalt-lemma-verifying-keenly) / Property feedback judge] at node: tools
[OracleManager (21 properties) (cobalt-lemma-verifying-keenly) / Property feedback judge] at node: tool_result; tool calls: [memory]
[OracleManager (21 properties) (cobalt-lemma-verifying-keenly) / Property feedback judge] at node: tools
[OracleManager (21 properties) (cobalt-lemma-verifying-keenly) / Property feedback judge] at node: tool_result; tool calls: [result]
[OracleManager (21 properties) (cobalt-lemma-verifying-keenly) / Property feedback judge] at node: tools
[OracleManager (21 properties) (cobalt-lemma-verifying-keenly) / Property feedback judge] end
[OracleManager (21 properties) (cobalt-lemma-verifying-keenly)] at node: tools
[OracleManager (21 properties) (cobalt-lemma-verifying-keenly)] at node: tool_result; tool calls: [memory]
[OracleManager (21 properties) (cobalt-lemma-verifying-keenly)] at node: tools
[OracleManager (21 properties) (cobalt-lemma-verifying-keenly)] at node: tool_result; tool calls: [verify_spec]
[OracleManager (21 properties) (cobalt-lemma-verifying-keenly)]: prover start
[UserDepositManager (16 properties) (tight-analysis-merging-briskly) / Property feedback judge] at node: tool_result; tool calls: [read_rough_draft]
[UserDepositManager (16 properties) (tight-analysis-merging-briskly) / Property feedback judge] at node: tools
[UserDepositManager (16 properties) (tight-analysis-merging-briskly) / Property feedback judge] at node: tool_result; tool calls: [code_explorer]
[UserDepositManager (16 properties) (tight-analysis-merging-briskly) / Property feedback judge / Code Explorer: In the UserDepositManager / RiverV1 implementation, what happens internally in `_mintShares` — does it perform any arithmetic on the existing balance of the recipient that could overflow (revert with checked arithmetic) if `balanceOf(recipient)` is already very large (close to max_uint256)?] start  (via tool: toolu_016PiSzqbDpKH737QoUj6EtD)
[UserDepositManager (16 properties) (tight-analysis-merging-briskly) / Property feedback judge / Code Explorer: In the UserDepositManager / RiverV1 implementation, what happens internally in `_mintShares` — does it perform any arithmetic on the existing balance of the recipient that could overflow (revert with checked arithmetic) if `balanceOf(recipient)` is already very large (close to max_uint256)?] at node: initial; tool calls: [grep_files, grep_files]
[UserDepositManager (16 properties) (tight-analysis-merging-briskly) / Property feedback judge / Code Explorer: In the UserDepositManager / RiverV1 implementation, what happens internally in `_mintShares` — does it perform any arithmetic on the existing balance of the recipient that could overflow (revert with checked arithmetic) if `balanceOf(recipient)` is already very large (close to max_uint256)?] at node: tools
[UserDepositManager (16 properties) (tight-analysis-merging-briskly) / Property feedback judge / Code Explorer: In the UserDepositManager / RiverV1 implementation, what happens internally in `_mintShares` — does it perform any arithmetic on the existing balance of the recipient that could overflow (revert with checked arithmetic) if `balanceOf(recipient)` is already very large (close to max_uint256)?] at node: tool_result; tool calls: [get_file]
[UserDepositManager (16 properties) (tight-analysis-merging-briskly) / Property feedback judge / Code Explorer: In the UserDepositManager / RiverV1 implementation, what happens internally in `_mintShares` — does it perform any arithmetic on the existing balance of the recipient that could overflow (revert with checked arithmetic) if `balanceOf(recipient)` is already very large (close to max_uint256)?] at node: tools
[UserDepositManager (16 properties) (tight-analysis-merging-briskly) / Property feedback judge / Code Explorer: In the UserDepositManager / RiverV1 implementation, what happens internally in `_mintShares` — does it perform any arithmetic on the existing balance of the recipient that could overflow (revert with checked arithmetic) if `balanceOf(recipient)` is already very large (close to max_uint256)?] at node: tool_result; tool calls: [grep_files, grep_files]
[UserDepositManager (16 properties) (tight-analysis-merging-briskly) / Property feedback judge / Code Explorer: In the UserDepositManager / RiverV1 implementation, what happens internally in `_mintShares` — does it perform any arithmetic on the existing balance of the recipient that could overflow (revert with checked arithmetic) if `balanceOf(recipient)` is already very large (close to max_uint256)?] at node: tools
[UserDepositManager (16 properties) (tight-analysis-merging-briskly) / Property feedback judge / Code Explorer: In the UserDepositManager / RiverV1 implementation, what happens internally in `_mintShares` — does it perform any arithmetic on the existing balance of the recipient that could overflow (revert with checked arithmetic) if `balanceOf(recipient)` is already very large (close to max_uint256)?] at node: tool_result; tool calls: [get_file]
[UserDepositManager (16 properties) (tight-analysis-merging-briskly) / Property feedback judge / Code Explorer: In the UserDepositManager / RiverV1 implementation, what happens internally in `_mintShares` — does it perform any arithmetic on the existing balance of the recipient that could overflow (revert with checked arithmetic) if `balanceOf(recipient)` is already very large (close to max_uint256)?] at node: tools
[UserDepositManager (16 properties) (tight-analysis-merging-briskly) / Property feedback judge / Code Explorer: In the UserDepositManager / RiverV1 implementation, what happens internally in `_mintShares` — does it perform any arithmetic on the existing balance of the recipient that could overflow (revert with checked arithmetic) if `balanceOf(recipient)` is already very large (close to max_uint256)?] at node: tool_result; tool calls: [get_file]
[UserDepositManager (16 properties) (tight-analysis-merging-briskly) / Property feedback judge / Code Explorer: In the UserDepositManager / RiverV1 implementation, what happens internally in `_mintShares` — does it perform any arithmetic on the existing balance of the recipient that could overflow (revert with checked arithmetic) if `balanceOf(recipient)` is already very large (close to max_uint256)?] at node: tools
[UserDepositManager (16 properties) (tight-analysis-merging-briskly) / Property feedback judge / Code Explorer: In the UserDepositManager / RiverV1 implementation, what happens internally in `_mintShares` — does it perform any arithmetic on the existing balance of the recipient that could overflow (revert with checked arithmetic) if `balanceOf(recipient)` is already very large (close to max_uint256)?] at node: tool_result; tool calls: [grep_files]
[UserDepositManager (16 properties) (tight-analysis-merging-briskly) / Property feedback judge / Code Explorer: In the UserDepositManager / RiverV1 implementation, what happens internally in `_mintShares` — does it perform any arithmetic on the existing balance of the recipient that could overflow (revert with checked arithmetic) if `balanceOf(recipient)` is already very large (close to max_uint256)?] at node: tools
[UserDepositManager (16 properties) (tight-analysis-merging-briskly) / Property feedback judge / Code Explorer: In the UserDepositManager / RiverV1 implementation, what happens internally in `_mintShares` — does it perform any arithmetic on the existing balance of the recipient that could overflow (revert with checked arithmetic) if `balanceOf(recipient)` is already very large (close to max_uint256)?] at node: tool_result; tool calls: [get_file]
[UserDepositManager (16 properties) (tight-analysis-merging-briskly) / Property feedback judge / Code Explorer: In the UserDepositManager / RiverV1 implementation, what happens internally in `_mintShares` — does it perform any arithmetic on the existing balance of the recipient that could overflow (revert with checked arithmetic) if `balanceOf(recipient)` is already very large (close to max_uint256)?] at node: tools
[SharesManager (LsETH ERC20) (21 properties) (liquid-ideal-pruning-deftly)]; prover complete
[SharesManager (LsETH ERC20) (21 properties) (liquid-ideal-pruning-deftly)] at node: tools
[SharesManager (LsETH ERC20) (21 properties) (liquid-ideal-pruning-deftly)] at node: tool_result; tool calls: [verify_spec]
[SharesManager (LsETH ERC20) (21 properties) (liquid-ideal-pruning-deftly)]: prover start
[UserDepositManager (16 properties) (tight-analysis-merging-briskly) / Property feedback judge / Code Explorer: In the UserDepositManager / RiverV1 implementation, what happens internally in `_mintShares` — does it perform any arithmetic on the existing balance of the recipient that could overflow (revert with checked arithmetic) if `balanceOf(recipient)` is already very large (close to max_uint256)?] at node: tool_result; tool calls: [result]
[UserDepositManager (16 properties) (tight-analysis-merging-briskly) / Property feedback judge / Code Explorer: In the UserDepositManager / RiverV1 implementation, what happens internally in `_mintShares` — does it perform any arithmetic on the existing balance of the recipient that could overflow (revert with checked arithmetic) if `balanceOf(recipient)` is already very large (close to max_uint256)?] at node: tools
[UserDepositManager (16 properties) (tight-analysis-merging-briskly) / Property feedback judge / Code Explorer: In the UserDepositManager / RiverV1 implementation, what happens internally in `_mintShares` — does it perform any arithmetic on the existing balance of the recipient that could overflow (revert with checked arithmetic) if `balanceOf(recipient)` is already very large (close to max_uint256)?] end
[UserDepositManager (16 properties) (tight-analysis-merging-briskly) / Property feedback judge] at node: tools
[UserDepositManager (16 properties) (tight-analysis-merging-briskly) / Property feedback judge] at node: tool_result; tool calls: [memory]
[UserDepositManager (16 properties) (tight-analysis-merging-briskly) / Property feedback judge] at node: tools
[UserDepositManager (16 properties) (tight-analysis-merging-briskly) / Property feedback judge] at node: tool_result; tool calls: [result]
[UserDepositManager (16 properties) (tight-analysis-merging-briskly) / Property feedback judge] at node: tools
[UserDepositManager (16 properties) (tight-analysis-merging-briskly) / Property feedback judge] end
[UserDepositManager (16 properties) (tight-analysis-merging-briskly)] at node: tools
[UserDepositManager (16 properties) (tight-analysis-merging-briskly)] at node: tool_result; tool calls: [cvl_research]
[UserDepositManager (16 properties) (tight-analysis-merging-briskly) / CVL Researcher] start  (via tool: toolu_01RAXHPBFsVHVNg8Ap3MRcNa)
[UserDepositManager (16 properties) (tight-analysis-merging-briskly) / CVL Researcher] at node: initial; tool calls: [cvl_manual_search, cvl_keyword_search]
[UserDepositManager (16 properties) (tight-analysis-merging-briskly) / CVL Researcher] at node: tools
[UserDepositManager (16 properties) (tight-analysis-merging-briskly) / CVL Researcher] at node: tool_result; tool calls: [get_cvl_manual_section, get_cvl_manual_section]
[UserDepositManager (16 properties) (tight-analysis-merging-briskly) / CVL Researcher] at node: tools
[UserDepositManager (16 properties) (tight-analysis-merging-briskly) / CVL Researcher] at node: tool_result; tool calls: [get_cvl_manual_section]
[UserDepositManager (16 properties) (tight-analysis-merging-briskly) / CVL Researcher] at node: tools
[UserDepositManager (16 properties) (tight-analysis-merging-briskly) / CVL Researcher] at node: tool_result; tool calls: [scan_knowledge_base]
[UserDepositManager (16 properties) (tight-analysis-merging-briskly) / CVL Researcher] at node: tools
[UserDepositManager (16 properties) (tight-analysis-merging-briskly) / CVL Researcher] at node: tool_result; tool calls: [write_rough_draft]
[UserDepositManager (16 properties) (tight-analysis-merging-briskly) / CVL Researcher] at node: tools
[UserDepositManager (16 properties) (tight-analysis-merging-briskly) / CVL Researcher] at node: tool_result; tool calls: [read_rough_draft]
[UserDepositManager (16 properties) (tight-analysis-merging-briskly) / CVL Researcher] at node: tools
[UserDepositManager (16 properties) (tight-analysis-merging-briskly) / CVL Researcher] at node: tool_result; tool calls: [result]
[UserDepositManager (16 properties) (tight-analysis-merging-briskly) / CVL Researcher] at node: tools
[UserDepositManager (16 properties) (tight-analysis-merging-briskly) / CVL Researcher] end
[UserDepositManager (16 properties) (tight-analysis-merging-briskly)] at node: tools
[ConsensusLayerDepositManager (15 properties) (frozen-keeper-locking-totally)]; prover complete
[ConsensusLayerDepositManager (15 properties) (frozen-keeper-locking-totally)] at node: tools
[ConsensusLayerDepositManager (15 properties) (frozen-keeper-locking-totally)] at node: tool_result; tool calls: [get_file]
[ConsensusLayerDepositManager (15 properties) (frozen-keeper-locking-totally)] at node: tools
[UserDepositManager (16 properties) (tight-analysis-merging-briskly)] at node: summarize
[UserDepositManager (16 properties) (tight-analysis-merging-briskly)] at node: tool_result; tool calls: [memory]
[UserDepositManager (16 properties) (tight-analysis-merging-briskly)] at node: tools
[UserDepositManager (16 properties) (tight-analysis-merging-briskly)] at node: tool_result; tool calls: [memory]
[UserDepositManager (16 properties) (tight-analysis-merging-briskly)] at node: tools
[UserDepositManager (16 properties) (tight-analysis-merging-briskly)] at node: tool_result; tool calls: [get_cvl]
[UserDepositManager (16 properties) (tight-analysis-merging-briskly)] at node: tools
[SharesManager (LsETH ERC20) (21 properties) (liquid-ideal-pruning-deftly)]; prover complete
[SharesManager (LsETH ERC20) (21 properties) (liquid-ideal-pruning-deftly)] at node: tools
[SharesManager (LsETH ERC20) (21 properties) (liquid-ideal-pruning-deftly)] at node: tool_result; tool calls: [verify_spec]
[SharesManager (LsETH ERC20) (21 properties) (liquid-ideal-pruning-deftly)]: prover start
[UserDepositManager (16 properties) (tight-analysis-merging-briskly)] at node: tool_result; tool calls: [put_cvl_raw]
[UserDepositManager (16 properties) (tight-analysis-merging-briskly)] at node: tools
[UserDepositManager (16 properties) (tight-analysis-merging-briskly)] at node: tool_result; tool calls: [memory]
[UserDepositManager (16 properties) (tight-analysis-merging-briskly)] at node: tools
[UserDepositManager (16 properties) (tight-analysis-merging-briskly)] at node: tool_result; tool calls: [verify_spec]
[UserDepositManager (16 properties) (tight-analysis-merging-briskly)]: prover start
[ConsensusLayerDepositManager (15 properties) (frozen-keeper-locking-totally)] at node: tool_result; tool calls: [verify_spec]
[ConsensusLayerDepositManager (15 properties) (frozen-keeper-locking-totally)]: prover start
[SharesManager (LsETH ERC20) (21 properties) (liquid-ideal-pruning-deftly)]; prover complete
[SharesManager (LsETH ERC20) (21 properties) (liquid-ideal-pruning-deftly)] at node: tools
[SharesManager (LsETH ERC20) (21 properties) (liquid-ideal-pruning-deftly)] at node: tool_result; tool calls: [verify_spec]
[SharesManager (LsETH ERC20) (21 properties) (liquid-ideal-pruning-deftly)]: prover start
[OracleManager (21 properties) (cobalt-lemma-verifying-keenly)]; prover complete
[OracleManager (21 properties) (cobalt-lemma-verifying-keenly)]: rule analysis start -> prop18_annualAprUpperBoundIsCapped
[OracleManager (21 properties) (cobalt-lemma-verifying-keenly)]: rule analysis start -> prop19_clSpecCriticalFieldsNonZero
[OracleManager (21 properties) (cobalt-lemma-verifying-keenly)]: rule analysis start -> prop20_maxIncreasePositiveWhenInputsPositive
[OracleManager (21 properties) (cobalt-lemma-verifying-keenly)]: rule analysis start -> prop21_epochsPerFrameChangeGapBounded
[OracleManager (21 properties) (cobalt-lemma-verifying-keenly)]: rule analysis complete -> prop18_annualAprUpperBoundIsCapped
[OracleManager (21 properties) (cobalt-lemma-verifying-keenly)]: rule analysis complete -> prop21_epochsPerFrameChangeGapBounded
[OracleManager (21 properties) (cobalt-lemma-verifying-keenly)]: rule analysis complete -> prop19_clSpecCriticalFieldsNonZero
[OracleManager (21 properties) (cobalt-lemma-verifying-keenly)]: rule analysis complete -> prop20_maxIncreasePositiveWhenInputsPositive
[OracleManager (21 properties) (cobalt-lemma-verifying-keenly)] at node: tools
[UserDepositManager (16 properties) (tight-analysis-merging-briskly)]; prover complete
[UserDepositManager (16 properties) (tight-analysis-merging-briskly)]: rule analysis start -> individualShareBound for setConsensusLayerData((uint256,uint256,uint256,uint256,uint256,uint32,uint32[],bool,bool))
[UserDepositManager (16 properties) (tight-analysis-merging-briskly)]: rule analysis start -> individualShareBound for transfer(address,uint256)
[UserDepositManager (16 properties) (tight-analysis-merging-briskly)]: rule analysis start -> individualShareBound for requestRedeem(uint256,address)
[UserDepositManager (16 properties) (tight-analysis-merging-briskly)]: rule analysis start -> individualShareBound for transferFrom(address,address,uint256)
[ConsensusLayerDepositManager (15 properties) (frozen-keeper-locking-totally)]; prover complete
[ConsensusLayerDepositManager (15 properties) (frozen-keeper-locking-totally)] at node: tools
[ConsensusLayerDepositManager (15 properties) (frozen-keeper-locking-totally)] at node: tool_result; tool calls: [verify_spec]
[ConsensusLayerDepositManager (15 properties) (frozen-keeper-locking-totally)]: prover start
[UserDepositManager (16 properties) (tight-analysis-merging-briskly)]: rule analysis complete -> individualShareBound for transfer(address,uint256)
[UserDepositManager (16 properties) (tight-analysis-merging-briskly)]: rule analysis complete -> individualShareBound for setConsensusLayerData((uint256,uint256,uint256,uint256,uint256,uint32,uint32[],bool,bool))
[UserDepositManager (16 properties) (tight-analysis-merging-briskly)]: rule analysis complete -> individualShareBound for transferFrom(address,address,uint256)
[UserDepositManager (16 properties) (tight-analysis-merging-briskly)]: rule analysis complete -> individualShareBound for requestRedeem(uint256,address)
[UserDepositManager (16 properties) (tight-analysis-merging-briskly)] at node: tools
[OracleManager (21 properties) (cobalt-lemma-verifying-keenly)] at node: tool_result; tool calls: [put_cvl_raw]
[OracleManager (21 properties) (cobalt-lemma-verifying-keenly)] at node: tools
[UserDepositManager (16 properties) (tight-analysis-merging-briskly)] at node: tool_result; tool calls: [put_cvl_raw]
[UserDepositManager (16 properties) (tight-analysis-merging-briskly)] at node: tools
[UserDepositManager (16 properties) (tight-analysis-merging-briskly)] at node: tool_result; tool calls: [verify_spec]
[UserDepositManager (16 properties) (tight-analysis-merging-briskly)]: prover start
[OracleManager (21 properties) (cobalt-lemma-verifying-keenly)] at node: summarize
[OracleManager (21 properties) (cobalt-lemma-verifying-keenly)] at node: tool_result; tool calls: [memory]
[OracleManager (21 properties) (cobalt-lemma-verifying-keenly)] at node: tools
[OracleManager (21 properties) (cobalt-lemma-verifying-keenly)] at node: tool_result; tool calls: [memory]
[OracleManager (21 properties) (cobalt-lemma-verifying-keenly)] at node: tools
[OracleManager (21 properties) (cobalt-lemma-verifying-keenly)] at node: tool_result; tool calls: [get_cvl]
[OracleManager (21 properties) (cobalt-lemma-verifying-keenly)] at node: tools
[OracleManager (21 properties) (cobalt-lemma-verifying-keenly)] at node: tool_result; tool calls: [expect_rule_failure, expect_rule_failure, expect_rule_failure, expect_rule_failure]
[OracleManager (21 properties) (cobalt-lemma-verifying-keenly)] at node: tool_result; tool calls: [record_skip]
[OracleManager (21 properties) (cobalt-lemma-verifying-keenly)] at node: tools
[OracleManager (21 properties) (cobalt-lemma-verifying-keenly)] at node: tool_result; tool calls: [verify_spec]
[OracleManager (21 properties) (cobalt-lemma-verifying-keenly)]: prover start
[SharesManager (LsETH ERC20) (21 properties) (liquid-ideal-pruning-deftly)]; prover complete
[SharesManager (LsETH ERC20) (21 properties) (liquid-ideal-pruning-deftly)]: rule analysis start -> zeroAddressHasNoShares for transferFrom(address,address,uint256)
[SharesManager (LsETH ERC20) (21 properties) (liquid-ideal-pruning-deftly)]: rule analysis complete -> zeroAddressHasNoShares for transferFrom(address,address,uint256)
[SharesManager (LsETH ERC20) (21 properties) (liquid-ideal-pruning-deftly)] at node: tools
[SharesManager (LsETH ERC20) (21 properties) (liquid-ideal-pruning-deftly)] at node: tool_result; tool calls: [put_cvl_raw]
[SharesManager (LsETH ERC20) (21 properties) (liquid-ideal-pruning-deftly)] at node: tools
[SharesManager (LsETH ERC20) (21 properties) (liquid-ideal-pruning-deftly)] at node: tool_result; tool calls: [verify_spec]
[SharesManager (LsETH ERC20) (21 properties) (liquid-ideal-pruning-deftly)]: prover start
[UserDepositManager (16 properties) (tight-analysis-merging-briskly)]; prover complete
[UserDepositManager (16 properties) (tight-analysis-merging-briskly)]: rule analysis start -> individualShareBound for setConsensusLayerData((uint256,uint256,uint256,uint256,uint256,uint32,uint32[],bool,bool))
[UserDepositManager (16 properties) (tight-analysis-merging-briskly)]: rule analysis start -> individualShareBound for RiverV1.transferFrom(address,address,uint256)
[UserDepositManager (16 properties) (tight-analysis-merging-briskly)]: rule analysis start -> individualShareBound for RiverV1.transfer(address,uint256)
[UserDepositManager (16 properties) (tight-analysis-merging-briskly)]: rule analysis complete -> individualShareBound for RiverV1.transferFrom(address,address,uint256)
[UserDepositManager (16 properties) (tight-analysis-merging-briskly)]: rule analysis complete -> individualShareBound for RiverV1.transfer(address,uint256)
[UserDepositManager (16 properties) (tight-analysis-merging-briskly)]: rule analysis complete -> individualShareBound for setConsensusLayerData((uint256,uint256,uint256,uint256,uint256,uint32,uint32[],bool,bool))
[UserDepositManager (16 properties) (tight-analysis-merging-briskly)] at node: tools
[UserDepositManager (16 properties) (tight-analysis-merging-briskly)] at node: tool_result; tool calls: [put_cvl_raw]
[UserDepositManager (16 properties) (tight-analysis-merging-briskly)] at node: tools
[UserDepositManager (16 properties) (tight-analysis-merging-briskly)] at node: tool_result; tool calls: [verify_spec]
[UserDepositManager (16 properties) (tight-analysis-merging-briskly)]: prover start
[ConsensusLayerDepositManager (15 properties) (frozen-keeper-locking-totally)]; prover complete
[ConsensusLayerDepositManager (15 properties) (frozen-keeper-locking-totally)] at node: tools
[ConsensusLayerDepositManager (15 properties) (frozen-keeper-locking-totally)] at node: tool_result; tool calls: [grep_files]
[ConsensusLayerDepositManager (15 properties) (frozen-keeper-locking-totally)] at node: tools
[ConsensusLayerDepositManager (15 properties) (frozen-keeper-locking-totally)] at node: tool_result; tool calls: [get_file]
[ConsensusLayerDepositManager (15 properties) (frozen-keeper-locking-totally)] at node: tools
[ConsensusLayerDepositManager (15 properties) (frozen-keeper-locking-totally)] at node: tool_result; tool calls: [grep_files]
[ConsensusLayerDepositManager (15 properties) (frozen-keeper-locking-totally)] at node: tools
[ConsensusLayerDepositManager (15 properties) (frozen-keeper-locking-totally)] at node: tool_result; tool calls: [get_file]
[ConsensusLayerDepositManager (15 properties) (frozen-keeper-locking-totally)] at node: tools
[ConsensusLayerDepositManager (15 properties) (frozen-keeper-locking-totally)] at node: summarize
[ConsensusLayerDepositManager (15 properties) (frozen-keeper-locking-totally)] at node: tool_result; tool calls: [memory]
[ConsensusLayerDepositManager (15 properties) (frozen-keeper-locking-totally)] at node: tools
[ConsensusLayerDepositManager (15 properties) (frozen-keeper-locking-totally)] at node: tool_result; tool calls: [memory]
[ConsensusLayerDepositManager (15 properties) (frozen-keeper-locking-totally)] at node: tools
[ConsensusLayerDepositManager (15 properties) (frozen-keeper-locking-totally)] at node: tool_result; tool calls: [get_cvl]
[ConsensusLayerDepositManager (15 properties) (frozen-keeper-locking-totally)] at node: tools
[ConsensusLayerDepositManager (15 properties) (frozen-keeper-locking-totally)] at node: tool_result; tool calls: [grep_files, get_file]
[ConsensusLayerDepositManager (15 properties) (frozen-keeper-locking-totally)] at node: tools
[ConsensusLayerDepositManager (15 properties) (frozen-keeper-locking-totally)] at node: tool_result; tool calls: [get_file, get_file]
[ConsensusLayerDepositManager (15 properties) (frozen-keeper-locking-totally)] at node: tools
[ConsensusLayerDepositManager (15 properties) (frozen-keeper-locking-totally)] at node: tool_result; tool calls: [list_files]
[ConsensusLayerDepositManager (15 properties) (frozen-keeper-locking-totally)] at node: tools
[ConsensusLayerDepositManager (15 properties) (frozen-keeper-locking-totally)] at node: tool_result; tool calls: [get_file, get_file]
[ConsensusLayerDepositManager (15 properties) (frozen-keeper-locking-totally)] at node: tools
[ConsensusLayerDepositManager (15 properties) (frozen-keeper-locking-totally)] at node: tool_result; tool calls: [get_file]
[ConsensusLayerDepositManager (15 properties) (frozen-keeper-locking-totally)] at node: tools
[ConsensusLayerDepositManager (15 properties) (frozen-keeper-locking-totally)] at node: tool_result; tool calls: [get_file, get_file]
[ConsensusLayerDepositManager (15 properties) (frozen-keeper-locking-totally)] at node: tools
[SharesManager (LsETH ERC20) (21 properties) (liquid-ideal-pruning-deftly)]; prover complete
[SharesManager (LsETH ERC20) (21 properties) (liquid-ideal-pruning-deftly)] at node: tools
[ConsensusLayerDepositManager (15 properties) (frozen-keeper-locking-totally)] at node: tool_result; tool calls: [grep_files]
[SharesManager (LsETH ERC20) (21 properties) (liquid-ideal-pruning-deftly)] at node: tool_result; tool calls: [verify_spec]
[SharesManager (LsETH ERC20) (21 properties) (liquid-ideal-pruning-deftly)]: prover start
[OracleManager (21 properties) (cobalt-lemma-verifying-keenly)]; prover complete
[OracleManager (21 properties) (cobalt-lemma-verifying-keenly)]: rule analysis start -> prop18_annualAprUpperBoundIsCapped
[OracleManager (21 properties) (cobalt-lemma-verifying-keenly)]: rule analysis start -> prop19_clSpecCriticalFieldsNonZero
[OracleManager (21 properties) (cobalt-lemma-verifying-keenly)]: rule analysis start -> prop20_maxIncreasePositiveWhenInputsPositive
[OracleManager (21 properties) (cobalt-lemma-verifying-keenly)]: rule analysis start -> prop21_epochsPerFrameChangeGapBounded
[ConsensusLayerDepositManager (15 properties) (frozen-keeper-locking-totally)] at node: tools
[ConsensusLayerDepositManager (15 properties) (frozen-keeper-locking-totally)] at node: tool_result; tool calls: [grep_files]
[ConsensusLayerDepositManager (15 properties) (frozen-keeper-locking-totally)] at node: tools
[ConsensusLayerDepositManager (15 properties) (frozen-keeper-locking-totally)] at node: tool_result; tool calls: [grep_files]
[OracleManager (21 properties) (cobalt-lemma-verifying-keenly)]: rule analysis complete -> prop19_clSpecCriticalFieldsNonZero
[ConsensusLayerDepositManager (15 properties) (frozen-keeper-locking-totally)] at node: tools
[OracleManager (21 properties) (cobalt-lemma-verifying-keenly)]: rule analysis complete -> prop18_annualAprUpperBoundIsCapped
[OracleManager (21 properties) (cobalt-lemma-verifying-keenly)]: rule analysis complete -> prop20_maxIncreasePositiveWhenInputsPositive
[ConsensusLayerDepositManager (15 properties) (frozen-keeper-locking-totally)] at node: tool_result; tool calls: [get_file]
[ConsensusLayerDepositManager (15 properties) (frozen-keeper-locking-totally)] at node: tools
[OracleManager (21 properties) (cobalt-lemma-verifying-keenly)]: rule analysis complete -> prop21_epochsPerFrameChangeGapBounded
[OracleManager (21 properties) (cobalt-lemma-verifying-keenly)] at node: tools
[ConsensusLayerDepositManager (15 properties) (frozen-keeper-locking-totally)] at node: tool_result; tool calls: [get_file]
[ConsensusLayerDepositManager (15 properties) (frozen-keeper-locking-totally)] at node: tools
[ConsensusLayerDepositManager (15 properties) (frozen-keeper-locking-totally)] at node: tool_result; tool calls: [grep_files]
[ConsensusLayerDepositManager (15 properties) (frozen-keeper-locking-totally)] at node: tools
[ConsensusLayerDepositManager (15 properties) (frozen-keeper-locking-totally)] at node: tool_result; tool calls: [get_file]
[ConsensusLayerDepositManager (15 properties) (frozen-keeper-locking-totally)] at node: tools
[ConsensusLayerDepositManager (15 properties) (frozen-keeper-locking-totally)] at node: tool_result; tool calls: [grep_files]
[ConsensusLayerDepositManager (15 properties) (frozen-keeper-locking-totally)] at node: tools
[ConsensusLayerDepositManager (15 properties) (frozen-keeper-locking-totally)] at node: tool_result; tool calls: [get_file]
[ConsensusLayerDepositManager (15 properties) (frozen-keeper-locking-totally)] at node: tools
[ConsensusLayerDepositManager (15 properties) (frozen-keeper-locking-totally)] at node: tool_result; tool calls: [grep_files]
[ConsensusLayerDepositManager (15 properties) (frozen-keeper-locking-totally)] at node: tools
[ConsensusLayerDepositManager (15 properties) (frozen-keeper-locking-totally)] at node: tool_result; tool calls: [get_file]
[ConsensusLayerDepositManager (15 properties) (frozen-keeper-locking-totally)] at node: tools
[UserDepositManager (16 properties) (tight-analysis-merging-briskly)]; prover complete
[UserDepositManager (16 properties) (tight-analysis-merging-briskly)]: rule analysis start -> individualShareBound for RiverV1.transferFrom(address,address,uint256)
[UserDepositManager (16 properties) (tight-analysis-merging-briskly)]: rule analysis start -> individualShareBound for RiverV1.transfer(address,uint256)
[OracleManager (21 properties) (cobalt-lemma-verifying-keenly)] at node: tool_result; tool calls: [record_skip]
[OracleManager (21 properties) (cobalt-lemma-verifying-keenly)] at node: tools
[OracleManager (21 properties) (cobalt-lemma-verifying-keenly)] at node: tool_result; tool calls: [feedback_tool]
[OracleManager (21 properties) (cobalt-lemma-verifying-keenly) / Property feedback judge] start  (via tool: toolu_01QawcXAnjGdyZ8tGMMrCzGY)
[OracleManager (21 properties) (cobalt-lemma-verifying-keenly) / Property feedback judge] at node: initial; tool calls: [memory]
[OracleManager (21 properties) (cobalt-lemma-verifying-keenly) / Property feedback judge] at node: tools
[OracleManager (21 properties) (cobalt-lemma-verifying-keenly) / Property feedback judge] at node: tool_result; tool calls: [memory]
[OracleManager (21 properties) (cobalt-lemma-verifying-keenly) / Property feedback judge] at node: tools
[ConsensusLayerDepositManager (15 properties) (frozen-keeper-locking-totally)] at node: tool_result; tool calls: [get_file]
[ConsensusLayerDepositManager (15 properties) (frozen-keeper-locking-totally)] at node: tools
[ConsensusLayerDepositManager (15 properties) (frozen-keeper-locking-totally)] at node: tool_result; tool calls: [get_file]
[ConsensusLayerDepositManager (15 properties) (frozen-keeper-locking-totally)] at node: tools
[UserDepositManager (16 properties) (tight-analysis-merging-briskly)]: rule analysis complete -> individualShareBound for RiverV1.transfer(address,uint256)
[UserDepositManager (16 properties) (tight-analysis-merging-briskly)]: rule analysis complete -> individualShareBound for RiverV1.transferFrom(address,address,uint256)
[UserDepositManager (16 properties) (tight-analysis-merging-briskly)] at node: tools
[ConsensusLayerDepositManager (15 properties) (frozen-keeper-locking-totally)] at node: tool_result; tool calls: [grep_files]
[ConsensusLayerDepositManager (15 properties) (frozen-keeper-locking-totally)] at node: tools
[ConsensusLayerDepositManager (15 properties) (frozen-keeper-locking-totally)] at node: tool_result; tool calls: [get_file]
[ConsensusLayerDepositManager (15 properties) (frozen-keeper-locking-totally)] at node: tools
[UserDepositManager (16 properties) (tight-analysis-merging-briskly)] at node: tool_result; tool calls: [put_cvl_raw]
[UserDepositManager (16 properties) (tight-analysis-merging-briskly)] at node: tools
[UserDepositManager (16 properties) (tight-analysis-merging-briskly)] at node: tool_result; tool calls: [verify_spec]
[UserDepositManager (16 properties) (tight-analysis-merging-briskly)]: prover start
[ConsensusLayerDepositManager (15 properties) (frozen-keeper-locking-totally)] at node: tool_result; tool calls: [get_file]
[ConsensusLayerDepositManager (15 properties) (frozen-keeper-locking-totally)] at node: tools
[ConsensusLayerDepositManager (15 properties) (frozen-keeper-locking-totally)] at node: tool_result; tool calls: [get_file]
[ConsensusLayerDepositManager (15 properties) (frozen-keeper-locking-totally)] at node: tools
[ConsensusLayerDepositManager (15 properties) (frozen-keeper-locking-totally)] at node: tool_result; tool calls: [get_file]
[ConsensusLayerDepositManager (15 properties) (frozen-keeper-locking-totally)] at node: tools
[ConsensusLayerDepositManager (15 properties) (frozen-keeper-locking-totally)] at node: tool_result; tool calls: [cvl_research, cvl_research]
[ConsensusLayerDepositManager (15 properties) (frozen-keeper-locking-totally) / CVL Researcher] start  (via tool: toolu_01XVouo9r9xBAGUKkF5jxmPk)
[ConsensusLayerDepositManager (15 properties) (frozen-keeper-locking-totally) / CVL Researcher] start  (via tool: toolu_01MUadDPPJVS1QkfXjJrNSEQ)
[ConsensusLayerDepositManager (15 properties) (frozen-keeper-locking-totally) / CVL Researcher] at node: initial; tool calls: [scan_knowledge_base, cvl_manual_search]
[ConsensusLayerDepositManager (15 properties) (frozen-keeper-locking-totally) / CVL Researcher] at node: tools
[ConsensusLayerDepositManager (15 properties) (frozen-keeper-locking-totally) / CVL Researcher] at node: tool_result; tool calls: [get_knowledge_base_article, cvl_manual_search]
[ConsensusLayerDepositManager (15 properties) (frozen-keeper-locking-totally) / CVL Researcher] at node: tools
[ConsensusLayerDepositManager (15 properties) (frozen-keeper-locking-totally) / CVL Researcher] at node: tool_result; tool calls: [scan_knowledge_base, get_cvl_manual_section]
[ConsensusLayerDepositManager (15 properties) (frozen-keeper-locking-totally) / CVL Researcher] at node: tools
[ConsensusLayerDepositManager (15 properties) (frozen-keeper-locking-totally) / CVL Researcher] at node: tool_result; tool calls: [get_knowledge_base_article, cvl_manual_search]
[ConsensusLayerDepositManager (15 properties) (frozen-keeper-locking-totally) / CVL Researcher] at node: tools
[ConsensusLayerDepositManager (15 properties) (frozen-keeper-locking-totally) / CVL Researcher] at node: initial; tool calls: [write_rough_draft]
[ConsensusLayerDepositManager (15 properties) (frozen-keeper-locking-totally) / CVL Researcher] at node: tools
[ConsensusLayerDepositManager (15 properties) (frozen-keeper-locking-totally) / CVL Researcher] at node: tool_result; tool calls: [read_rough_draft]
[ConsensusLayerDepositManager (15 properties) (frozen-keeper-locking-totally) / CVL Researcher] at node: tools
[ConsensusLayerDepositManager (15 properties) (frozen-keeper-locking-totally) / CVL Researcher] at node: tool_result; tool calls: [cvl_manual_search]
[ConsensusLayerDepositManager (15 properties) (frozen-keeper-locking-totally) / CVL Researcher] at node: tools
[ConsensusLayerDepositManager (15 properties) (frozen-keeper-locking-totally) / CVL Researcher] at node: tool_result; tool calls: [result]
[ConsensusLayerDepositManager (15 properties) (frozen-keeper-locking-totally) / CVL Researcher] at node: tools
[ConsensusLayerDepositManager (15 properties) (frozen-keeper-locking-totally) / CVL Researcher] end
[ConsensusLayerDepositManager (15 properties) (frozen-keeper-locking-totally) / CVL Researcher] at node: tool_result; tool calls: [write_rough_draft]
[ConsensusLayerDepositManager (15 properties) (frozen-keeper-locking-totally) / CVL Researcher] at node: tools
[ConsensusLayerDepositManager (15 properties) (frozen-keeper-locking-totally) / CVL Researcher] at node: tool_result; tool calls: [read_rough_draft]
[ConsensusLayerDepositManager (15 properties) (frozen-keeper-locking-totally) / CVL Researcher] at node: tools
[OracleManager (21 properties) (cobalt-lemma-verifying-keenly) / Property feedback judge] at node: tool_result; tool calls: [memory]
[OracleManager (21 properties) (cobalt-lemma-verifying-keenly) / Property feedback judge] at node: tools
[ConsensusLayerDepositManager (15 properties) (frozen-keeper-locking-totally) / CVL Researcher] at node: tool_result; tool calls: [result]
[ConsensusLayerDepositManager (15 properties) (frozen-keeper-locking-totally) / CVL Researcher] at node: tools
[ConsensusLayerDepositManager (15 properties) (frozen-keeper-locking-totally) / CVL Researcher] end
[ConsensusLayerDepositManager (15 properties) (frozen-keeper-locking-totally)] at node: tools
[OracleManager (21 properties) (cobalt-lemma-verifying-keenly) / Property feedback judge] at node: tool_result; tool calls: [get_cvl]
[OracleManager (21 properties) (cobalt-lemma-verifying-keenly) / Property feedback judge] at node: tools
[OracleManager (21 properties) (cobalt-lemma-verifying-keenly) / Property feedback judge] at node: tool_result; tool calls: [write_rough_draft]
[OracleManager (21 properties) (cobalt-lemma-verifying-keenly) / Property feedback judge] at node: tools
[OracleManager (21 properties) (cobalt-lemma-verifying-keenly) / Property feedback judge] at node: tool_result; tool calls: [read_rough_draft]
[OracleManager (21 properties) (cobalt-lemma-verifying-keenly) / Property feedback judge] at node: tools
[OracleManager (21 properties) (cobalt-lemma-verifying-keenly) / Property feedback judge] at node: tool_result; tool calls: [memory]
[OracleManager (21 properties) (cobalt-lemma-verifying-keenly) / Property feedback judge] at node: tools
[OracleManager (21 properties) (cobalt-lemma-verifying-keenly) / Property feedback judge] at node: tool_result; tool calls: [memory]
[OracleManager (21 properties) (cobalt-lemma-verifying-keenly) / Property feedback judge] at node: tools
[OracleManager (21 properties) (cobalt-lemma-verifying-keenly) / Property feedback judge] at node: tool_result; tool calls: [result]
[OracleManager (21 properties) (cobalt-lemma-verifying-keenly) / Property feedback judge] at node: tools
[OracleManager (21 properties) (cobalt-lemma-verifying-keenly) / Property feedback judge] end
[OracleManager (21 properties) (cobalt-lemma-verifying-keenly)] at node: tools
[OracleManager (21 properties) (cobalt-lemma-verifying-keenly)] at node: tool_result; tool calls: [memory]
[OracleManager (21 properties) (cobalt-lemma-verifying-keenly)] at node: tools
[OracleManager (21 properties) (cobalt-lemma-verifying-keenly)] at node: tool_result; tool calls: [result]
[OracleManager (21 properties) (cobalt-lemma-verifying-keenly)] at node: tools
[OracleManager (21 properties) (cobalt-lemma-verifying-keenly)] at node: tool_result; tool calls: [verify_spec]
[OracleManager (21 properties) (cobalt-lemma-verifying-keenly)]: prover start
[UserDepositManager (16 properties) (tight-analysis-merging-briskly)]; prover complete
[UserDepositManager (16 properties) (tight-analysis-merging-briskly)] at node: tools
[UserDepositManager (16 properties) (tight-analysis-merging-briskly)] at node: tool_result; tool calls: [verify_spec]
[UserDepositManager (16 properties) (tight-analysis-merging-briskly)]: prover start
[ConsensusLayerDepositManager (15 properties) (frozen-keeper-locking-totally)] at node: tool_result; tool calls: [get_file, get_file]
[ConsensusLayerDepositManager (15 properties) (frozen-keeper-locking-totally)] at node: tools
[ConsensusLayerDepositManager (15 properties) (frozen-keeper-locking-totally)] at node: tool_result; tool calls: [get_file]
[ConsensusLayerDepositManager (15 properties) (frozen-keeper-locking-totally)] at node: tools
[ConsensusLayerDepositManager (15 properties) (frozen-keeper-locking-totally)] at node: tool_result; tool calls: [get_file]
[ConsensusLayerDepositManager (15 properties) (frozen-keeper-locking-totally)] at node: tools
[ConsensusLayerDepositManager (15 properties) (frozen-keeper-locking-totally)] at node: tool_result; tool calls: [get_file]
[ConsensusLayerDepositManager (15 properties) (frozen-keeper-locking-totally)] at node: tools
[SharesManager (LsETH ERC20) (21 properties) (liquid-ideal-pruning-deftly)]; prover complete
[SharesManager (LsETH ERC20) (21 properties) (liquid-ideal-pruning-deftly)] at node: tools
[SharesManager (LsETH ERC20) (21 properties) (liquid-ideal-pruning-deftly)] at node: tool_result; tool calls: [feedback_tool]
[SharesManager (LsETH ERC20) (21 properties) (liquid-ideal-pruning-deftly) / Property feedback judge] start  (via tool: toolu_01NTfaZXknaNauPcniq2GQ14)
[SharesManager (LsETH ERC20) (21 properties) (liquid-ideal-pruning-deftly) / Property feedback judge] at node: initial; tool calls: [memory]
[SharesManager (LsETH ERC20) (21 properties) (liquid-ideal-pruning-deftly) / Property feedback judge] at node: tools
[SharesManager (LsETH ERC20) (21 properties) (liquid-ideal-pruning-deftly) / Property feedback judge] at node: tool_result; tool calls: [memory]
[SharesManager (LsETH ERC20) (21 properties) (liquid-ideal-pruning-deftly) / Property feedback judge] at node: tools
[ConsensusLayerDepositManager (15 properties) (frozen-keeper-locking-totally)] at node: tool_result; tool calls: [put_cvl_raw]
[ConsensusLayerDepositManager (15 properties) (frozen-keeper-locking-totally)] at node: tools
[ConsensusLayerDepositManager (15 properties) (frozen-keeper-locking-totally)] at node: tool_result; tool calls: [record_skip]
[ConsensusLayerDepositManager (15 properties) (frozen-keeper-locking-totally)] at node: tools
[ConsensusLayerDepositManager (15 properties) (frozen-keeper-locking-totally)] at node: summarize
[ConsensusLayerDepositManager (15 properties) (frozen-keeper-locking-totally)] at node: tool_result; tool calls: [memory]
[ConsensusLayerDepositManager (15 properties) (frozen-keeper-locking-totally)] at node: tools
[ConsensusLayerDepositManager (15 properties) (frozen-keeper-locking-totally)] at node: tool_result; tool calls: [memory]
[ConsensusLayerDepositManager (15 properties) (frozen-keeper-locking-totally)] at node: tools
[SharesManager (LsETH ERC20) (21 properties) (liquid-ideal-pruning-deftly) / Property feedback judge] at node: tool_result; tool calls: [get_cvl]
[SharesManager (LsETH ERC20) (21 properties) (liquid-ideal-pruning-deftly) / Property feedback judge] at node: tools
[ConsensusLayerDepositManager (15 properties) (frozen-keeper-locking-totally)] at node: tool_result; tool calls: [get_cvl]
[ConsensusLayerDepositManager (15 properties) (frozen-keeper-locking-totally)] at node: tools
[ConsensusLayerDepositManager (15 properties) (frozen-keeper-locking-totally)] at node: tool_result; tool calls: [feedback_tool]
[ConsensusLayerDepositManager (15 properties) (frozen-keeper-locking-totally) / Property feedback judge] start  (via tool: toolu_01H8HC9mtUGbAYadsCy1Y4Ux)
[ConsensusLayerDepositManager (15 properties) (frozen-keeper-locking-totally) / Property feedback judge] at node: initial; tool calls: [memory]
[ConsensusLayerDepositManager (15 properties) (frozen-keeper-locking-totally) / Property feedback judge] at node: tools
[ConsensusLayerDepositManager (15 properties) (frozen-keeper-locking-totally) / Property feedback judge] at node: tool_result; tool calls: [memory]
[ConsensusLayerDepositManager (15 properties) (frozen-keeper-locking-totally) / Property feedback judge] at node: tools
[SharesManager (LsETH ERC20) (21 properties) (liquid-ideal-pruning-deftly) / Property feedback judge] at node: tool_result; tool calls: [write_rough_draft]
[SharesManager (LsETH ERC20) (21 properties) (liquid-ideal-pruning-deftly) / Property feedback judge] at node: tools
[SharesManager (LsETH ERC20) (21 properties) (liquid-ideal-pruning-deftly) / Property feedback judge] at node: tool_result; tool calls: [read_rough_draft]
[SharesManager (LsETH ERC20) (21 properties) (liquid-ideal-pruning-deftly) / Property feedback judge] at node: tools
[SharesManager (LsETH ERC20) (21 properties) (liquid-ideal-pruning-deftly) / Property feedback judge] at node: tool_result; tool calls: [memory]
[SharesManager (LsETH ERC20) (21 properties) (liquid-ideal-pruning-deftly) / Property feedback judge] at node: tools
[SharesManager (LsETH ERC20) (21 properties) (liquid-ideal-pruning-deftly) / Property feedback judge] at node: tool_result; tool calls: [memory]
[SharesManager (LsETH ERC20) (21 properties) (liquid-ideal-pruning-deftly) / Property feedback judge] at node: tools
[SharesManager (LsETH ERC20) (21 properties) (liquid-ideal-pruning-deftly) / Property feedback judge] at node: tool_result; tool calls: [result]
[SharesManager (LsETH ERC20) (21 properties) (liquid-ideal-pruning-deftly) / Property feedback judge] at node: tools
[SharesManager (LsETH ERC20) (21 properties) (liquid-ideal-pruning-deftly) / Property feedback judge] end
[SharesManager (LsETH ERC20) (21 properties) (liquid-ideal-pruning-deftly)] at node: tools
[SharesManager (LsETH ERC20) (21 properties) (liquid-ideal-pruning-deftly)] at node: summarize
[SharesManager (LsETH ERC20) (21 properties) (liquid-ideal-pruning-deftly)] at node: tool_result; tool calls: [memory]
[SharesManager (LsETH ERC20) (21 properties) (liquid-ideal-pruning-deftly)] at node: tools
[SharesManager (LsETH ERC20) (21 properties) (liquid-ideal-pruning-deftly)] at node: tool_result; tool calls: [memory]
[SharesManager (LsETH ERC20) (21 properties) (liquid-ideal-pruning-deftly)] at node: tools
[SharesManager (LsETH ERC20) (21 properties) (liquid-ideal-pruning-deftly)] at node: tool_result; tool calls: [get_cvl]
[SharesManager (LsETH ERC20) (21 properties) (liquid-ideal-pruning-deftly)] at node: tools
[SharesManager (LsETH ERC20) (21 properties) (liquid-ideal-pruning-deftly)] at node: tool_result; tool calls: [record_skip, record_skip]
[SharesManager (LsETH ERC20) (21 properties) (liquid-ideal-pruning-deftly)] at node: tool_result; tool calls: [verify_spec]
[SharesManager (LsETH ERC20) (21 properties) (liquid-ideal-pruning-deftly)]: prover start
[ConsensusLayerDepositManager (15 properties) (frozen-keeper-locking-totally) / Property feedback judge] at node: tool_result; tool calls: [get_cvl]
[ConsensusLayerDepositManager (15 properties) (frozen-keeper-locking-totally) / Property feedback judge] at node: tools
[ConsensusLayerDepositManager (15 properties) (frozen-keeper-locking-totally) / Property feedback judge] at node: tool_result; tool calls: [write_rough_draft]
[ConsensusLayerDepositManager (15 properties) (frozen-keeper-locking-totally) / Property feedback judge] at node: tools
[ConsensusLayerDepositManager (15 properties) (frozen-keeper-locking-totally) / Property feedback judge] at node: tool_result; tool calls: [read_rough_draft]
[ConsensusLayerDepositManager (15 properties) (frozen-keeper-locking-totally) / Property feedback judge] at node: tools
[UserDepositManager (16 properties) (tight-analysis-merging-briskly)]; prover complete
[UserDepositManager (16 properties) (tight-analysis-merging-briskly)] at node: tools
[UserDepositManager (16 properties) (tight-analysis-merging-briskly)] at node: tool_result; tool calls: [feedback_tool]
[UserDepositManager (16 properties) (tight-analysis-merging-briskly) / Property feedback judge] start  (via tool: toolu_01THyymrQUEAFZDgaWgPbiHW)
[UserDepositManager (16 properties) (tight-analysis-merging-briskly) / Property feedback judge] at node: initial; tool calls: [memory]
[UserDepositManager (16 properties) (tight-analysis-merging-briskly) / Property feedback judge] at node: tools
[UserDepositManager (16 properties) (tight-analysis-merging-briskly) / Property feedback judge] at node: tool_result; tool calls: [memory]
[UserDepositManager (16 properties) (tight-analysis-merging-briskly) / Property feedback judge] at node: tools
[ConsensusLayerDepositManager (15 properties) (frozen-keeper-locking-totally) / Property feedback judge] at node: tool_result; tool calls: [memory]
[ConsensusLayerDepositManager (15 properties) (frozen-keeper-locking-totally) / Property feedback judge] at node: tools
[ConsensusLayerDepositManager (15 properties) (frozen-keeper-locking-totally) / Property feedback judge] at node: tool_result; tool calls: [result]
[ConsensusLayerDepositManager (15 properties) (frozen-keeper-locking-totally) / Property feedback judge] at node: tools
[ConsensusLayerDepositManager (15 properties) (frozen-keeper-locking-totally) / Property feedback judge] end
[ConsensusLayerDepositManager (15 properties) (frozen-keeper-locking-totally)] at node: tools
[ConsensusLayerDepositManager (15 properties) (frozen-keeper-locking-totally)] at node: tool_result; tool calls: [put_cvl_raw]
[ConsensusLayerDepositManager (15 properties) (frozen-keeper-locking-totally)] at node: tools
[ConsensusLayerDepositManager (15 properties) (frozen-keeper-locking-totally)] at node: tool_result; tool calls: [record_skip]
[ConsensusLayerDepositManager (15 properties) (frozen-keeper-locking-totally)] at node: tools
[ConsensusLayerDepositManager (15 properties) (frozen-keeper-locking-totally)] at node: tool_result; tool calls: [record_skip]
[ConsensusLayerDepositManager (15 properties) (frozen-keeper-locking-totally)] at node: tools
[ConsensusLayerDepositManager (15 properties) (frozen-keeper-locking-totally)] at node: tool_result; tool calls: [feedback_tool]
[ConsensusLayerDepositManager (15 properties) (frozen-keeper-locking-totally) / Property feedback judge] start  (via tool: toolu_01SsndjWtE7RcyDC5FSzjBUT)
[ConsensusLayerDepositManager (15 properties) (frozen-keeper-locking-totally) / Property feedback judge] at node: initial; tool calls: [memory]
[ConsensusLayerDepositManager (15 properties) (frozen-keeper-locking-totally) / Property feedback judge] at node: tools
[ConsensusLayerDepositManager (15 properties) (frozen-keeper-locking-totally) / Property feedback judge] at node: tool_result; tool calls: [memory]
[ConsensusLayerDepositManager (15 properties) (frozen-keeper-locking-totally) / Property feedback judge] at node: tools
[UserDepositManager (16 properties) (tight-analysis-merging-briskly) / Property feedback judge] at node: tool_result; tool calls: [get_cvl]
[UserDepositManager (16 properties) (tight-analysis-merging-briskly) / Property feedback judge] at node: tools
[ConsensusLayerDepositManager (15 properties) (frozen-keeper-locking-totally) / Property feedback judge] at node: tool_result; tool calls: [get_cvl]
[ConsensusLayerDepositManager (15 properties) (frozen-keeper-locking-totally) / Property feedback judge] at node: tools
[ConsensusLayerDepositManager (15 properties) (frozen-keeper-locking-totally) / Property feedback judge] at node: tool_result; tool calls: [write_rough_draft]
[ConsensusLayerDepositManager (15 properties) (frozen-keeper-locking-totally) / Property feedback judge] at node: tools
[ConsensusLayerDepositManager (15 properties) (frozen-keeper-locking-totally) / Property feedback judge] at node: tool_result; tool calls: [read_rough_draft]
[ConsensusLayerDepositManager (15 properties) (frozen-keeper-locking-totally) / Property feedback judge] at node: tools
[UserDepositManager (16 properties) (tight-analysis-merging-briskly) / Property feedback judge] at node: tool_result; tool calls: [write_rough_draft]
[UserDepositManager (16 properties) (tight-analysis-merging-briskly) / Property feedback judge] at node: tools
[ConsensusLayerDepositManager (15 properties) (frozen-keeper-locking-totally) / Property feedback judge] at node: tool_result; tool calls: [memory]
[ConsensusLayerDepositManager (15 properties) (frozen-keeper-locking-totally) / Property feedback judge] at node: tools
[UserDepositManager (16 properties) (tight-analysis-merging-briskly) / Property feedback judge] at node: tool_result; tool calls: [read_rough_draft]
[UserDepositManager (16 properties) (tight-analysis-merging-briskly) / Property feedback judge] at node: tools
[ConsensusLayerDepositManager (15 properties) (frozen-keeper-locking-totally) / Property feedback judge] at node: tool_result; tool calls: [result]
[ConsensusLayerDepositManager (15 properties) (frozen-keeper-locking-totally) / Property feedback judge] at node: tools
[ConsensusLayerDepositManager (15 properties) (frozen-keeper-locking-totally) / Property feedback judge] end
[ConsensusLayerDepositManager (15 properties) (frozen-keeper-locking-totally)] at node: tools
[ConsensusLayerDepositManager (15 properties) (frozen-keeper-locking-totally)] at node: tool_result; tool calls: [memory]
[ConsensusLayerDepositManager (15 properties) (frozen-keeper-locking-totally)] at node: tools
[ConsensusLayerDepositManager (15 properties) (frozen-keeper-locking-totally)] at node: tool_result; tool calls: [memory]
[ConsensusLayerDepositManager (15 properties) (frozen-keeper-locking-totally)] at node: tools
[ConsensusLayerDepositManager (15 properties) (frozen-keeper-locking-totally)] at node: tool_result; tool calls: [memory]
[ConsensusLayerDepositManager (15 properties) (frozen-keeper-locking-totally)] at node: tools
[ConsensusLayerDepositManager (15 properties) (frozen-keeper-locking-totally)] at node: tool_result; tool calls: [memory]
[ConsensusLayerDepositManager (15 properties) (frozen-keeper-locking-totally)] at node: tools
[OracleManager (21 properties) (cobalt-lemma-verifying-keenly)]; prover complete
[OracleManager (21 properties) (cobalt-lemma-verifying-keenly)]: rule analysis start -> prop18_annualAprUpperBoundIsCapped
[OracleManager (21 properties) (cobalt-lemma-verifying-keenly)]: rule analysis start -> prop19_clSpecCriticalFieldsNonZero
[OracleManager (21 properties) (cobalt-lemma-verifying-keenly)]: rule analysis start -> prop20_maxIncreasePositiveWhenInputsPositive
[OracleManager (21 properties) (cobalt-lemma-verifying-keenly)]: rule analysis start -> prop21_epochsPerFrameChangeGapBounded
[UserDepositManager (16 properties) (tight-analysis-merging-briskly) / Property feedback judge] at node: tool_result; tool calls: [memory]
[ConsensusLayerDepositManager (15 properties) (frozen-keeper-locking-totally)] at node: tool_result; tool calls: [verify_spec]
[ConsensusLayerDepositManager (15 properties) (frozen-keeper-locking-totally)]: prover start
[UserDepositManager (16 properties) (tight-analysis-merging-briskly) / Property feedback judge] at node: tools
[UserDepositManager (16 properties) (tight-analysis-merging-briskly) / Property feedback judge] at node: tool_result; tool calls: [result]
[UserDepositManager (16 properties) (tight-analysis-merging-briskly) / Property feedback judge] at node: tools
[UserDepositManager (16 properties) (tight-analysis-merging-briskly) / Property feedback judge] end
[UserDepositManager (16 properties) (tight-analysis-merging-briskly)] at node: tools
[OracleManager (21 properties) (cobalt-lemma-verifying-keenly)]: rule analysis complete -> prop18_annualAprUpperBoundIsCapped
[OracleManager (21 properties) (cobalt-lemma-verifying-keenly)]: rule analysis complete -> prop19_clSpecCriticalFieldsNonZero
[OracleManager (21 properties) (cobalt-lemma-verifying-keenly)]: rule analysis complete -> prop21_epochsPerFrameChangeGapBounded
[OracleManager (21 properties) (cobalt-lemma-verifying-keenly)]: rule analysis complete -> prop20_maxIncreasePositiveWhenInputsPositive
[OracleManager (21 properties) (cobalt-lemma-verifying-keenly)] at node: tools
[OracleManager (21 properties) (cobalt-lemma-verifying-keenly)] at node: tool_result; tool calls: [result]
[OracleManager (21 properties) (cobalt-lemma-verifying-keenly)] at node: tools
[OracleManager (21 properties) (cobalt-lemma-verifying-keenly)] at node: tool_result; tool calls: [get_cvl]
[OracleManager (21 properties) (cobalt-lemma-verifying-keenly)] at node: tools
[OracleManager (21 properties) (cobalt-lemma-verifying-keenly)] at node: tool_result; tool calls: [put_cvl_raw]
[OracleManager (21 properties) (cobalt-lemma-verifying-keenly)] at node: tools
[OracleManager (21 properties) (cobalt-lemma-verifying-keenly)] at node: tool_result; tool calls: [feedback_tool]
[OracleManager (21 properties) (cobalt-lemma-verifying-keenly) / Property feedback judge] start  (via tool: toolu_01BywdU7e5gy3M3u9Ys1GCyP)
[OracleManager (21 properties) (cobalt-lemma-verifying-keenly) / Property feedback judge] at node: initial; tool calls: [memory]
[OracleManager (21 properties) (cobalt-lemma-verifying-keenly) / Property feedback judge] at node: tools
[OracleManager (21 properties) (cobalt-lemma-verifying-keenly) / Property feedback judge] at node: tool_result; tool calls: [memory]
[OracleManager (21 properties) (cobalt-lemma-verifying-keenly) / Property feedback judge] at node: tools
[SharesManager (LsETH ERC20) (21 properties) (liquid-ideal-pruning-deftly)]; prover complete
[SharesManager (LsETH ERC20) (21 properties) (liquid-ideal-pruning-deftly)] at node: tools
[SharesManager (LsETH ERC20) (21 properties) (liquid-ideal-pruning-deftly)] at node: tool_result; tool calls: [feedback_tool]
[SharesManager (LsETH ERC20) (21 properties) (liquid-ideal-pruning-deftly) / Property feedback judge] start  (via tool: toolu_01J5gD5uvAzA6XAKadcrRGNS)
[SharesManager (LsETH ERC20) (21 properties) (liquid-ideal-pruning-deftly) / Property feedback judge] at node: initial; tool calls: [memory]
[SharesManager (LsETH ERC20) (21 properties) (liquid-ideal-pruning-deftly) / Property feedback judge] at node: tools
[SharesManager (LsETH ERC20) (21 properties) (liquid-ideal-pruning-deftly) / Property feedback judge] at node: tool_result; tool calls: [memory]
[SharesManager (LsETH ERC20) (21 properties) (liquid-ideal-pruning-deftly) / Property feedback judge] at node: tools
[UserDepositManager (16 properties) (tight-analysis-merging-briskly)] at node: tool_result; tool calls: [put_cvl_raw]
[UserDepositManager (16 properties) (tight-analysis-merging-briskly)] at node: tools
[UserDepositManager (16 properties) (tight-analysis-merging-briskly)] at node: tool_result; tool calls: [verify_spec]
[UserDepositManager (16 properties) (tight-analysis-merging-briskly)]: prover start
[SharesManager (LsETH ERC20) (21 properties) (liquid-ideal-pruning-deftly) / Property feedback judge] at node: tool_result; tool calls: [get_cvl]
[SharesManager (LsETH ERC20) (21 properties) (liquid-ideal-pruning-deftly) / Property feedback judge] at node: tools
[SharesManager (LsETH ERC20) (21 properties) (liquid-ideal-pruning-deftly) / Property feedback judge] at node: tool_result; tool calls: [write_rough_draft]
[SharesManager (LsETH ERC20) (21 properties) (liquid-ideal-pruning-deftly) / Property feedback judge] at node: tools
[SharesManager (LsETH ERC20) (21 properties) (liquid-ideal-pruning-deftly) / Property feedback judge] at node: tool_result; tool calls: [read_rough_draft]
[SharesManager (LsETH ERC20) (21 properties) (liquid-ideal-pruning-deftly) / Property feedback judge] at node: tools
[SharesManager (LsETH ERC20) (21 properties) (liquid-ideal-pruning-deftly) / Property feedback judge] at node: tool_result; tool calls: [memory]
[SharesManager (LsETH ERC20) (21 properties) (liquid-ideal-pruning-deftly) / Property feedback judge] at node: tools
[SharesManager (LsETH ERC20) (21 properties) (liquid-ideal-pruning-deftly) / Property feedback judge] at node: tool_result; tool calls: [result]
[SharesManager (LsETH ERC20) (21 properties) (liquid-ideal-pruning-deftly) / Property feedback judge] at node: tools
[SharesManager (LsETH ERC20) (21 properties) (liquid-ideal-pruning-deftly) / Property feedback judge] end
[SharesManager (LsETH ERC20) (21 properties) (liquid-ideal-pruning-deftly)] at node: tools
[SharesManager (LsETH ERC20) (21 properties) (liquid-ideal-pruning-deftly)] at node: tool_result; tool calls: [memory]
[SharesManager (LsETH ERC20) (21 properties) (liquid-ideal-pruning-deftly)] at node: tools
[SharesManager (LsETH ERC20) (21 properties) (liquid-ideal-pruning-deftly)] at node: tool_result; tool calls: [result]
[SharesManager (LsETH ERC20) (21 properties) (liquid-ideal-pruning-deftly)] at node: tools
[SharesManager (LsETH ERC20) (21 properties) (liquid-ideal-pruning-deftly)] end
[SharesManager (LsETH ERC20) (21 properties)] ✓ done

────────────────────────────────────────────────────────────
Phase: River Core (Admin & Redemptions) (20 properties)
────────────────────────────────────────────────────────────
[River Core (Admin & Redemptions) (20 properties) (golden-proof-signing-greedily)] start
[River Core (Admin & Redemptions) (20 properties) (golden-proof-signing-greedily)] at node: initial; tool calls: [memory]
[River Core (Admin & Redemptions) (20 properties) (golden-proof-signing-greedily)] at node: tools
[River Core (Admin & Redemptions) (20 properties) (golden-proof-signing-greedily)] at node: tool_result; tool calls: [list_files]
[River Core (Admin & Redemptions) (20 properties) (golden-proof-signing-greedily)] at node: tools
[OracleManager (21 properties) (cobalt-lemma-verifying-keenly) / Property feedback judge] at node: tool_result; tool calls: [get_cvl]
[OracleManager (21 properties) (cobalt-lemma-verifying-keenly) / Property feedback judge] at node: tools
[River Core (Admin & Redemptions) (20 properties) (golden-proof-signing-greedily)] at node: tool_result; tool calls: [get_file, get_file]
[River Core (Admin & Redemptions) (20 properties) (golden-proof-signing-greedily)] at node: tools
[River Core (Admin & Redemptions) (20 properties) (golden-proof-signing-greedily)] at node: tool_result; tool calls: [get_file, get_file]
[River Core (Admin & Redemptions) (20 properties) (golden-proof-signing-greedily)] at node: tools
[River Core (Admin & Redemptions) (20 properties) (golden-proof-signing-greedily)] at node: tool_result; tool calls: [get_file, get_file]
[River Core (Admin & Redemptions) (20 properties) (golden-proof-signing-greedily)] at node: tools
[River Core (Admin & Redemptions) (20 properties) (golden-proof-signing-greedily)] at node: tool_result; tool calls: [get_file, get_file]
[River Core (Admin & Redemptions) (20 properties) (golden-proof-signing-greedily)] at node: tools
[River Core (Admin & Redemptions) (20 properties) (golden-proof-signing-greedily)] at node: tool_result; tool calls: [get_file, get_file]
[River Core (Admin & Redemptions) (20 properties) (golden-proof-signing-greedily)] at node: tools
[River Core (Admin & Redemptions) (20 properties) (golden-proof-signing-greedily)] at node: tool_result; tool calls: [get_file, get_file]
[River Core (Admin & Redemptions) (20 properties) (golden-proof-signing-greedily)] at node: tools
[River Core (Admin & Redemptions) (20 properties) (golden-proof-signing-greedily)] at node: tool_result; tool calls: [get_file, get_file, get_file]
[River Core (Admin & Redemptions) (20 properties) (golden-proof-signing-greedily)] at node: tools
[River Core (Admin & Redemptions) (20 properties) (golden-proof-signing-greedily)] at node: tool_result; tool calls: [get_file, get_file, get_file]
[River Core (Admin & Redemptions) (20 properties) (golden-proof-signing-greedily)] at node: tools
[River Core (Admin & Redemptions) (20 properties) (golden-proof-signing-greedily)] at node: tool_result; tool calls: [get_file, get_file]
[River Core (Admin & Redemptions) (20 properties) (golden-proof-signing-greedily)] at node: tools
[River Core (Admin & Redemptions) (20 properties) (golden-proof-signing-greedily)] at node: tool_result; tool calls: [get_file, get_file]
[River Core (Admin & Redemptions) (20 properties) (golden-proof-signing-greedily)] at node: tools
[OracleManager (21 properties) (cobalt-lemma-verifying-keenly) / Property feedback judge] at node: tool_result; tool calls: [write_rough_draft]
[OracleManager (21 properties) (cobalt-lemma-verifying-keenly) / Property feedback judge] at node: tools
[OracleManager (21 properties) (cobalt-lemma-verifying-keenly) / Property feedback judge] at node: tool_result; tool calls: [read_rough_draft]
[OracleManager (21 properties) (cobalt-lemma-verifying-keenly) / Property feedback judge] at node: tools
[OracleManager (21 properties) (cobalt-lemma-verifying-keenly) / Property feedback judge] at node: tool_result; tool calls: [memory]
[OracleManager (21 properties) (cobalt-lemma-verifying-keenly) / Property feedback judge] at node: tools
[OracleManager (21 properties) (cobalt-lemma-verifying-keenly) / Property feedback judge] at node: tool_result; tool calls: [result]
[OracleManager (21 properties) (cobalt-lemma-verifying-keenly) / Property feedback judge] at node: tools
[OracleManager (21 properties) (cobalt-lemma-verifying-keenly) / Property feedback judge] end
[OracleManager (21 properties) (cobalt-lemma-verifying-keenly)] at node: tools
[OracleManager (21 properties) (cobalt-lemma-verifying-keenly)] at node: tool_result; tool calls: [verify_spec]
[OracleManager (21 properties) (cobalt-lemma-verifying-keenly)]: prover start
[River Core (Admin & Redemptions) (20 properties) (golden-proof-signing-greedily)] at node: tool_result; tool calls: [get_file, get_file]
[River Core (Admin & Redemptions) (20 properties) (golden-proof-signing-greedily)] at node: tools
[River Core (Admin & Redemptions) (20 properties) (golden-proof-signing-greedily)] at node: tool_result; tool calls: [get_file]
[River Core (Admin & Redemptions) (20 properties) (golden-proof-signing-greedily)] at node: tools
[River Core (Admin & Redemptions) (20 properties) (golden-proof-signing-greedily)] at node: tool_result; tool calls: [get_file]
[River Core (Admin & Redemptions) (20 properties) (golden-proof-signing-greedily)] at node: tools
[River Core (Admin & Redemptions) (20 properties) (golden-proof-signing-greedily)] at node: tool_result; tool calls: [get_file]
[River Core (Admin & Redemptions) (20 properties) (golden-proof-signing-greedily)] at node: tools
[River Core (Admin & Redemptions) (20 properties) (golden-proof-signing-greedily)] at node: tool_result; tool calls: [get_file, get_file]
[River Core (Admin & Redemptions) (20 properties) (golden-proof-signing-greedily)] at node: tools
[River Core (Admin & Redemptions) (20 properties) (golden-proof-signing-greedily)] at node: tool_result; tool calls: [get_file, get_file]
[River Core (Admin & Redemptions) (20 properties) (golden-proof-signing-greedily)] at node: tools
[River Core (Admin & Redemptions) (20 properties) (golden-proof-signing-greedily)] at node: tool_result; tool calls: [get_file]
[River Core (Admin & Redemptions) (20 properties) (golden-proof-signing-greedily)] at node: tools
[River Core (Admin & Redemptions) (20 properties) (golden-proof-signing-greedily)] at node: tool_result; tool calls: [grep_files, grep_files]
[River Core (Admin & Redemptions) (20 properties) (golden-proof-signing-greedily)] at node: tools
[River Core (Admin & Redemptions) (20 properties) (golden-proof-signing-greedily)] at node: tool_result; tool calls: [get_file]
[River Core (Admin & Redemptions) (20 properties) (golden-proof-signing-greedily)] at node: tools
[River Core (Admin & Redemptions) (20 properties) (golden-proof-signing-greedily)] at node: tool_result; tool calls: [get_file]
[River Core (Admin & Redemptions) (20 properties) (golden-proof-signing-greedily)] at node: tools
[UserDepositManager (16 properties) (tight-analysis-merging-briskly)]; prover complete
[UserDepositManager (16 properties) (tight-analysis-merging-briskly)] at node: tools
[UserDepositManager (16 properties) (tight-analysis-merging-briskly)] at node: tool_result; tool calls: [feedback_tool]
[UserDepositManager (16 properties) (tight-analysis-merging-briskly) / Property feedback judge] start  (via tool: toolu_01GCPSZaKXsn6M1mqpujKL7R)
[UserDepositManager (16 properties) (tight-analysis-merging-briskly) / Property feedback judge] at node: initial; tool calls: [memory]
[UserDepositManager (16 properties) (tight-analysis-merging-briskly) / Property feedback judge] at node: tools
[UserDepositManager (16 properties) (tight-analysis-merging-briskly) / Property feedback judge] at node: tool_result; tool calls: [memory]
[UserDepositManager (16 properties) (tight-analysis-merging-briskly) / Property feedback judge] at node: tools
[River Core (Admin & Redemptions) (20 properties) (golden-proof-signing-greedily)] at node: tool_result; tool calls: [grep_files, get_file]
[River Core (Admin & Redemptions) (20 properties) (golden-proof-signing-greedily)] at node: tools
[UserDepositManager (16 properties) (tight-analysis-merging-briskly) / Property feedback judge] at node: tool_result; tool calls: [get_cvl]
[UserDepositManager (16 properties) (tight-analysis-merging-briskly) / Property feedback judge] at node: tools
[OracleManager (21 properties) (cobalt-lemma-verifying-keenly)]; prover complete
[OracleManager (21 properties) (cobalt-lemma-verifying-keenly)]: rule analysis start -> prop18_annualAprUpperBoundIsCapped
[OracleManager (21 properties) (cobalt-lemma-verifying-keenly)]: rule analysis start -> prop19_clSpecCriticalFieldsNonZero
[OracleManager (21 properties) (cobalt-lemma-verifying-keenly)]: rule analysis start -> prop20_maxIncreasePositiveWhenInputsPositive
[OracleManager (21 properties) (cobalt-lemma-verifying-keenly)]: rule analysis start -> prop21_epochsPerFrameChangeGapBounded
[ConsensusLayerDepositManager (15 properties) (frozen-keeper-locking-totally)]; prover complete
[OracleManager (21 properties) (cobalt-lemma-verifying-keenly)]: rule analysis complete -> prop18_annualAprUpperBoundIsCapped
[ConsensusLayerDepositManager (15 properties) (frozen-keeper-locking-totally)] at node: tools
[OracleManager (21 properties) (cobalt-lemma-verifying-keenly)]: rule analysis complete -> prop19_clSpecCriticalFieldsNonZero
[OracleManager (21 properties) (cobalt-lemma-verifying-keenly)]: rule analysis complete -> prop20_maxIncreasePositiveWhenInputsPositive
[OracleManager (21 properties) (cobalt-lemma-verifying-keenly)]: rule analysis complete -> prop21_epochsPerFrameChangeGapBounded
[OracleManager (21 properties) (cobalt-lemma-verifying-keenly)] at node: tools
[River Core (Admin & Redemptions) (20 properties) (golden-proof-signing-greedily)] at node: tool_result; tool calls: [get_file]
[River Core (Admin & Redemptions) (20 properties) (golden-proof-signing-greedily)] at node: tools
[OracleManager (21 properties) (cobalt-lemma-verifying-keenly)] at node: tool_result; tool calls: [result]
[OracleManager (21 properties) (cobalt-lemma-verifying-keenly)] at node: tools
[OracleManager (21 properties) (cobalt-lemma-verifying-keenly)] end
[OracleManager (21 properties)] ✓ done
[UserDepositManager (16 properties) (tight-analysis-merging-briskly) / Property feedback judge] at node: tool_result; tool calls: [write_rough_draft]
[UserDepositManager (16 properties) (tight-analysis-merging-briskly) / Property feedback judge] at node: tools
[UserDepositManager (16 properties) (tight-analysis-merging-briskly) / Property feedback judge] at node: tool_result; tool calls: [read_rough_draft]
[UserDepositManager (16 properties) (tight-analysis-merging-briskly) / Property feedback judge] at node: tools
[UserDepositManager (16 properties) (tight-analysis-merging-briskly) / Property feedback judge] at node: tool_result; tool calls: [memory]
[UserDepositManager (16 properties) (tight-analysis-merging-briskly) / Property feedback judge] at node: tools
[UserDepositManager (16 properties) (tight-analysis-merging-briskly) / Property feedback judge] at node: tool_result; tool calls: [result]
[UserDepositManager (16 properties) (tight-analysis-merging-briskly) / Property feedback judge] at node: tools
[UserDepositManager (16 properties) (tight-analysis-merging-briskly) / Property feedback judge] end
[UserDepositManager (16 properties) (tight-analysis-merging-briskly)] at node: tools
[UserDepositManager (16 properties) (tight-analysis-merging-briskly)] at node: tool_result; tool calls: [memory]
[UserDepositManager (16 properties) (tight-analysis-merging-briskly)] at node: tools
[River Core (Admin & Redemptions) (20 properties) (golden-proof-signing-greedily)] at node: tool_result; tool calls: [grep_files, get_file]
[UserDepositManager (16 properties) (tight-analysis-merging-briskly)] at node: tool_result; tool calls: [result]
[UserDepositManager (16 properties) (tight-analysis-merging-briskly)] at node: tools
[UserDepositManager (16 properties) (tight-analysis-merging-briskly)] end
[UserDepositManager (16 properties)] ✓ done
[ConsensusLayerDepositManager (15 properties) (frozen-keeper-locking-totally)] at node: tool_result; tool calls: [grep_files]
[River Core (Admin & Redemptions) (20 properties) (golden-proof-signing-greedily)] at node: tools
[River Core (Admin & Redemptions) (20 properties) (golden-proof-signing-greedily)] at node: tool_result; tool calls: [grep_files]
[ConsensusLayerDepositManager (15 properties) (frozen-keeper-locking-totally)] at node: tools
[River Core (Admin & Redemptions) (20 properties) (golden-proof-signing-greedily)] at node: tools
[ConsensusLayerDepositManager (15 properties) (frozen-keeper-locking-totally)] at node: tool_result; tool calls: [get_file]
[ConsensusLayerDepositManager (15 properties) (frozen-keeper-locking-totally)] at node: tools
[ConsensusLayerDepositManager (15 properties) (frozen-keeper-locking-totally)] at node: tool_result; tool calls: [get_file]
[ConsensusLayerDepositManager (15 properties) (frozen-keeper-locking-totally)] at node: tools
[ConsensusLayerDepositManager (15 properties) (frozen-keeper-locking-totally)] at node: tool_result; tool calls: [grep_files]
[ConsensusLayerDepositManager (15 properties) (frozen-keeper-locking-totally)] at node: tools
[ConsensusLayerDepositManager (15 properties) (frozen-keeper-locking-totally)] at node: tool_result; tool calls: [grep_files]
[ConsensusLayerDepositManager (15 properties) (frozen-keeper-locking-totally)] at node: tools
[ConsensusLayerDepositManager (15 properties) (frozen-keeper-locking-totally)] at node: tool_result; tool calls: [list_files]
[ConsensusLayerDepositManager (15 properties) (frozen-keeper-locking-totally)] at node: tools
[ConsensusLayerDepositManager (15 properties) (frozen-keeper-locking-totally)] at node: tool_result; tool calls: [get_file]
[ConsensusLayerDepositManager (15 properties) (frozen-keeper-locking-totally)] at node: tools
[ConsensusLayerDepositManager (15 properties) (frozen-keeper-locking-totally)] at node: tool_result; tool calls: [get_file]
[ConsensusLayerDepositManager (15 properties) (frozen-keeper-locking-totally)] at node: tools
[River Core (Admin & Redemptions) (20 properties) (golden-proof-signing-greedily)] at node: tool_result; tool calls: [memory]
[River Core (Admin & Redemptions) (20 properties) (golden-proof-signing-greedily)] at node: tools
[ConsensusLayerDepositManager (15 properties) (frozen-keeper-locking-totally)] at node: tool_result; tool calls: [put_cvl_raw]
[ConsensusLayerDepositManager (15 properties) (frozen-keeper-locking-totally)] at node: tools
[ConsensusLayerDepositManager (15 properties) (frozen-keeper-locking-totally)] at node: tool_result; tool calls: [feedback_tool]
[ConsensusLayerDepositManager (15 properties) (frozen-keeper-locking-totally) / Property feedback judge] start  (via tool: toolu_01UJ6ZVypwB1WcvRtiSH2TD4)
[ConsensusLayerDepositManager (15 properties) (frozen-keeper-locking-totally) / Property feedback judge] at node: initial; tool calls: [memory]
[ConsensusLayerDepositManager (15 properties) (frozen-keeper-locking-totally) / Property feedback judge] at node: tools
[ConsensusLayerDepositManager (15 properties) (frozen-keeper-locking-totally) / Property feedback judge] at node: tool_result; tool calls: [memory]
[ConsensusLayerDepositManager (15 properties) (frozen-keeper-locking-totally) / Property feedback judge] at node: tools
[River Core (Admin & Redemptions) (20 properties) (golden-proof-signing-greedily)] at node: tool_result; tool calls: [put_cvl_raw]
[River Core (Admin & Redemptions) (20 properties) (golden-proof-signing-greedily)] at node: tools
[River Core (Admin & Redemptions) (20 properties) (golden-proof-signing-greedily)] at node: summarize
[River Core (Admin & Redemptions) (20 properties) (golden-proof-signing-greedily)] at node: tool_result; tool calls: [memory]
[River Core (Admin & Redemptions) (20 properties) (golden-proof-signing-greedily)] at node: tools
[River Core (Admin & Redemptions) (20 properties) (golden-proof-signing-greedily)] at node: tool_result; tool calls: [memory]
[River Core (Admin & Redemptions) (20 properties) (golden-proof-signing-greedily)] at node: tools
[River Core (Admin & Redemptions) (20 properties) (golden-proof-signing-greedily)] at node: tool_result; tool calls: [get_cvl]
[River Core (Admin & Redemptions) (20 properties) (golden-proof-signing-greedily)] at node: tools
[River Core (Admin & Redemptions) (20 properties) (golden-proof-signing-greedily)] at node: tool_result; tool calls: [expect_rule_failure, expect_rule_failure, expect_rule_failure, expect_rule_failure]
[River Core (Admin & Redemptions) (20 properties) (golden-proof-signing-greedily)] at node: tool_result; tool calls: [verify_spec]
[River Core (Admin & Redemptions) (20 properties) (golden-proof-signing-greedily)]: prover start
[River Core (Admin & Redemptions) (20 properties) (golden-proof-signing-greedily)] at node: tools
[River Core (Admin & Redemptions) (20 properties) (golden-proof-signing-greedily)] at node: tool_result; tool calls: [list_files]
[ConsensusLayerDepositManager (15 properties) (frozen-keeper-locking-totally) / Property feedback judge] at node: tool_result; tool calls: [get_cvl]
[ConsensusLayerDepositManager (15 properties) (frozen-keeper-locking-totally) / Property feedback judge] at node: tools
[River Core (Admin & Redemptions) (20 properties) (golden-proof-signing-greedily)] at node: tools
[River Core (Admin & Redemptions) (20 properties) (golden-proof-signing-greedily)] at node: tool_result; tool calls: [get_file, get_file]
[River Core (Admin & Redemptions) (20 properties) (golden-proof-signing-greedily)] at node: tools
[ConsensusLayerDepositManager (15 properties) (frozen-keeper-locking-totally) / Property feedback judge] at node: tool_result; tool calls: [write_rough_draft]
[ConsensusLayerDepositManager (15 properties) (frozen-keeper-locking-totally) / Property feedback judge] at node: tools
[ConsensusLayerDepositManager (15 properties) (frozen-keeper-locking-totally) / Property feedback judge] at node: tool_result; tool calls: [read_rough_draft]
[ConsensusLayerDepositManager (15 properties) (frozen-keeper-locking-totally) / Property feedback judge] at node: tools
[ConsensusLayerDepositManager (15 properties) (frozen-keeper-locking-totally) / Property feedback judge] at node: tool_result; tool calls: [memory]
[ConsensusLayerDepositManager (15 properties) (frozen-keeper-locking-totally) / Property feedback judge] at node: tools
[River Core (Admin & Redemptions) (20 properties) (golden-proof-signing-greedily)] at node: tool_result; tool calls: [get_file]
[River Core (Admin & Redemptions) (20 properties) (golden-proof-signing-greedily)] at node: tools
[ConsensusLayerDepositManager (15 properties) (frozen-keeper-locking-totally) / Property feedback judge] at node: tool_result; tool calls: [result]
[ConsensusLayerDepositManager (15 properties) (frozen-keeper-locking-totally) / Property feedback judge] at node: tools
[ConsensusLayerDepositManager (15 properties) (frozen-keeper-locking-totally) / Property feedback judge] end
[ConsensusLayerDepositManager (15 properties) (frozen-keeper-locking-totally)] at node: tools
[River Core (Admin & Redemptions) (20 properties) (golden-proof-signing-greedily)] at node: tool_result; tool calls: [get_file]
[River Core (Admin & Redemptions) (20 properties) (golden-proof-signing-greedily)] at node: tools
[ConsensusLayerDepositManager (15 properties) (frozen-keeper-locking-totally)] at node: tool_result; tool calls: [memory]
[ConsensusLayerDepositManager (15 properties) (frozen-keeper-locking-totally)] at node: tools
[ConsensusLayerDepositManager (15 properties) (frozen-keeper-locking-totally)] at node: tool_result; tool calls: [verify_spec]
[ConsensusLayerDepositManager (15 properties) (frozen-keeper-locking-totally)]: prover start
[River Core (Admin & Redemptions) (20 properties) (golden-proof-signing-greedily)] at node: tool_result; tool calls: [get_file, get_file]
[River Core (Admin & Redemptions) (20 properties) (golden-proof-signing-greedily)] at node: tools
[River Core (Admin & Redemptions) (20 properties) (golden-proof-signing-greedily)] at node: tool_result; tool calls: [get_file]
[River Core (Admin & Redemptions) (20 properties) (golden-proof-signing-greedily)] at node: tools
[River Core (Admin & Redemptions) (20 properties) (golden-proof-signing-greedily)] at node: tool_result; tool calls: [get_file]
[River Core (Admin & Redemptions) (20 properties) (golden-proof-signing-greedily)] at node: tools
[River Core (Admin & Redemptions) (20 properties) (golden-proof-signing-greedily)] at node: tool_result; tool calls: [get_file]
[River Core (Admin & Redemptions) (20 properties) (golden-proof-signing-greedily)] at node: tools
[River Core (Admin & Redemptions) (20 properties) (golden-proof-signing-greedily)] at node: tool_result; tool calls: [get_file, get_file]
[River Core (Admin & Redemptions) (20 properties) (golden-proof-signing-greedily)] at node: tools
[River Core (Admin & Redemptions) (20 properties) (golden-proof-signing-greedily)] at node: tool_result; tool calls: [get_file]
[River Core (Admin & Redemptions) (20 properties) (golden-proof-signing-greedily)] at node: tools
[River Core (Admin & Redemptions) (20 properties) (golden-proof-signing-greedily)] at node: tool_result; tool calls: [grep_files]
[River Core (Admin & Redemptions) (20 properties) (golden-proof-signing-greedily)] at node: tools
[River Core (Admin & Redemptions) (20 properties) (golden-proof-signing-greedily)] at node: tool_result; tool calls: [grep_files]
[River Core (Admin & Redemptions) (20 properties) (golden-proof-signing-greedily)] at node: tools
[River Core (Admin & Redemptions) (20 properties) (golden-proof-signing-greedily)] at node: tool_result; tool calls: [grep_files]
[River Core (Admin & Redemptions) (20 properties) (golden-proof-signing-greedily)] at node: tools
[River Core (Admin & Redemptions) (20 properties) (golden-proof-signing-greedily)] at node: tool_result; tool calls: [grep_files]
[River Core (Admin & Redemptions) (20 properties) (golden-proof-signing-greedily)] at node: tools
[River Core (Admin & Redemptions) (20 properties) (golden-proof-signing-greedily)] at node: tool_result; tool calls: [grep_files]
[River Core (Admin & Redemptions) (20 properties) (golden-proof-signing-greedily)] at node: tools
[River Core (Admin & Redemptions) (20 properties) (golden-proof-signing-greedily)] at node: tool_result; tool calls: [grep_files]
[River Core (Admin & Redemptions) (20 properties) (golden-proof-signing-greedily)] at node: tools
[River Core (Admin & Redemptions) (20 properties) (golden-proof-signing-greedily)] at node: tool_result; tool calls: [get_file]
[River Core (Admin & Redemptions) (20 properties) (golden-proof-signing-greedily)] at node: tools
[River Core (Admin & Redemptions) (20 properties) (golden-proof-signing-greedily)] at node: tool_result; tool calls: [get_file]
[River Core (Admin & Redemptions) (20 properties) (golden-proof-signing-greedily)] at node: tools
[River Core (Admin & Redemptions) (20 properties) (golden-proof-signing-greedily)] at node: tool_result; tool calls: [grep_files]
[River Core (Admin & Redemptions) (20 properties) (golden-proof-signing-greedily)] at node: tools
[River Core (Admin & Redemptions) (20 properties) (golden-proof-signing-greedily)] at node: tool_result; tool calls: [grep_files]
[River Core (Admin & Redemptions) (20 properties) (golden-proof-signing-greedily)] at node: tools
[River Core (Admin & Redemptions) (20 properties) (golden-proof-signing-greedily)] at node: tool_result; tool calls: [get_file]
[River Core (Admin & Redemptions) (20 properties) (golden-proof-signing-greedily)] at node: tools
[River Core (Admin & Redemptions) (20 properties) (golden-proof-signing-greedily)] at node: tool_result; tool calls: [get_file]
[River Core (Admin & Redemptions) (20 properties) (golden-proof-signing-greedily)] at node: tools
[River Core (Admin & Redemptions) (20 properties) (golden-proof-signing-greedily)] at node: tool_result; tool calls: [get_file]
[River Core (Admin & Redemptions) (20 properties) (golden-proof-signing-greedily)] at node: tools
[River Core (Admin & Redemptions) (20 properties) (golden-proof-signing-greedily)] at node: tool_result; tool calls: [get_file]
[River Core (Admin & Redemptions) (20 properties) (golden-proof-signing-greedily)] at node: tools
[River Core (Admin & Redemptions) (20 properties) (golden-proof-signing-greedily)] at node: tool_result; tool calls: [grep_files]
[River Core (Admin & Redemptions) (20 properties) (golden-proof-signing-greedily)] at node: tools
[River Core (Admin & Redemptions) (20 properties) (golden-proof-signing-greedily)] at node: tool_result; tool calls: [grep_files]
[River Core (Admin & Redemptions) (20 properties) (golden-proof-signing-greedily)] at node: tools
[River Core (Admin & Redemptions) (20 properties) (golden-proof-signing-greedily)] at node: tool_result; tool calls: [grep_files]
[River Core (Admin & Redemptions) (20 properties) (golden-proof-signing-greedily)] at node: tools
[River Core (Admin & Redemptions) (20 properties) (golden-proof-signing-greedily)] at node: tool_result; tool calls: [grep_files]
[River Core (Admin & Redemptions) (20 properties) (golden-proof-signing-greedily)] at node: tools
[River Core (Admin & Redemptions) (20 properties) (golden-proof-signing-greedily)] at node: tool_result; tool calls: [grep_files]
[River Core (Admin & Redemptions) (20 properties) (golden-proof-signing-greedily)] at node: tools
[River Core (Admin & Redemptions) (20 properties) (golden-proof-signing-greedily)] at node: summarize
[River Core (Admin & Redemptions) (20 properties) (golden-proof-signing-greedily)] at node: tool_result; tool calls: [memory]
[River Core (Admin & Redemptions) (20 properties) (golden-proof-signing-greedily)] at node: tools
[River Core (Admin & Redemptions) (20 properties) (golden-proof-signing-greedily)] at node: tool_result; tool calls: [memory]
[River Core (Admin & Redemptions) (20 properties) (golden-proof-signing-greedily)] at node: tools
[River Core (Admin & Redemptions) (20 properties) (golden-proof-signing-greedily)] at node: tool_result; tool calls: [get_cvl]
[River Core (Admin & Redemptions) (20 properties) (golden-proof-signing-greedily)] at node: tools
[River Core (Admin & Redemptions) (20 properties) (golden-proof-signing-greedily)] at node: tool_result; tool calls: [put_cvl_raw]
[River Core (Admin & Redemptions) (20 properties) (golden-proof-signing-greedily)] at node: tools
[River Core (Admin & Redemptions) (20 properties) (golden-proof-signing-greedily)] at node: tool_result; tool calls: [expect_rule_failure]
[River Core (Admin & Redemptions) (20 properties) (golden-proof-signing-greedily)] at node: tools
[River Core (Admin & Redemptions) (20 properties) (golden-proof-signing-greedily)] at node: tool_result; tool calls: [expect_rule_failure]
[River Core (Admin & Redemptions) (20 properties) (golden-proof-signing-greedily)] at node: tools
[River Core (Admin & Redemptions) (20 properties) (golden-proof-signing-greedily)] at node: tool_result; tool calls: [expect_rule_failure]
[River Core (Admin & Redemptions) (20 properties) (golden-proof-signing-greedily)] at node: tools
[River Core (Admin & Redemptions) (20 properties) (golden-proof-signing-greedily)] at node: tool_result; tool calls: [expect_rule_failure]
[River Core (Admin & Redemptions) (20 properties) (golden-proof-signing-greedily)] at node: tools
[River Core (Admin & Redemptions) (20 properties) (golden-proof-signing-greedily)] at node: tool_result; tool calls: [memory]
[River Core (Admin & Redemptions) (20 properties) (golden-proof-signing-greedily)] at node: tools
[River Core (Admin & Redemptions) (20 properties) (golden-proof-signing-greedily)] at node: tool_result; tool calls: [verify_spec]
[River Core (Admin & Redemptions) (20 properties) (golden-proof-signing-greedily)]: prover start
[River Core (Admin & Redemptions) (20 properties) (golden-proof-signing-greedily)] at node: tools
[River Core (Admin & Redemptions) (20 properties) (golden-proof-signing-greedily)] at node: tool_result; tool calls: [grep_files]
[River Core (Admin & Redemptions) (20 properties) (golden-proof-signing-greedily)] at node: tools
[River Core (Admin & Redemptions) (20 properties) (golden-proof-signing-greedily)] at node: tool_result; tool calls: [get_file]
[River Core (Admin & Redemptions) (20 properties) (golden-proof-signing-greedily)] at node: tools
[River Core (Admin & Redemptions) (20 properties) (golden-proof-signing-greedily)] at node: tool_result; tool calls: [get_file]
[River Core (Admin & Redemptions) (20 properties) (golden-proof-signing-greedily)] at node: tools
[River Core (Admin & Redemptions) (20 properties) (golden-proof-signing-greedily)] at node: tool_result; tool calls: [grep_files]
[River Core (Admin & Redemptions) (20 properties) (golden-proof-signing-greedily)] at node: tools
[River Core (Admin & Redemptions) (20 properties) (golden-proof-signing-greedily)] at node: tool_result; tool calls: [grep_files]
[River Core (Admin & Redemptions) (20 properties) (golden-proof-signing-greedily)] at node: tools
[River Core (Admin & Redemptions) (20 properties) (golden-proof-signing-greedily)] at node: tool_result; tool calls: [get_file]
[River Core (Admin & Redemptions) (20 properties) (golden-proof-signing-greedily)] at node: tools
[River Core (Admin & Redemptions) (20 properties) (golden-proof-signing-greedily)] at node: tool_result; tool calls: [grep_files]
[River Core (Admin & Redemptions) (20 properties) (golden-proof-signing-greedily)] at node: tools
[River Core (Admin & Redemptions) (20 properties) (golden-proof-signing-greedily)] at node: tool_result; tool calls: [get_file]
[River Core (Admin & Redemptions) (20 properties) (golden-proof-signing-greedily)] at node: tools
[River Core (Admin & Redemptions) (20 properties) (golden-proof-signing-greedily)] at node: tool_result; tool calls: [get_file]
[River Core (Admin & Redemptions) (20 properties) (golden-proof-signing-greedily)] at node: tools
[River Core (Admin & Redemptions) (20 properties) (golden-proof-signing-greedily)] at node: tool_result; tool calls: [get_file]
[River Core (Admin & Redemptions) (20 properties) (golden-proof-signing-greedily)] at node: tools
[River Core (Admin & Redemptions) (20 properties) (golden-proof-signing-greedily)] at node: tool_result; tool calls: [cvl_research]
[River Core (Admin & Redemptions) (20 properties) (golden-proof-signing-greedily) / CVL Researcher] start  (via tool: toolu_01B9XwydsdfV5fFBPqhioXJD)
[River Core (Admin & Redemptions) (20 properties) (golden-proof-signing-greedily) / CVL Researcher] at node: initial; tool calls: [result]
[River Core (Admin & Redemptions) (20 properties) (golden-proof-signing-greedily) / CVL Researcher] at node: tools
[River Core (Admin & Redemptions) (20 properties) (golden-proof-signing-greedily) / CVL Researcher] end
[River Core (Admin & Redemptions) (20 properties) (golden-proof-signing-greedily)] at node: tools
[River Core (Admin & Redemptions) (20 properties) (golden-proof-signing-greedily)] at node: tool_result; tool calls: [put_cvl_raw]
[River Core (Admin & Redemptions) (20 properties) (golden-proof-signing-greedily)] at node: tools
[River Core (Admin & Redemptions) (20 properties) (golden-proof-signing-greedily)] at node: tool_result; tool calls: [verify_spec]
[River Core (Admin & Redemptions) (20 properties) (golden-proof-signing-greedily)]: prover start
[River Core (Admin & Redemptions) (20 properties) (golden-proof-signing-greedily)] at node: tools
[River Core (Admin & Redemptions) (20 properties) (golden-proof-signing-greedily)] at node: tool_result; tool calls: [cvl_research]
[River Core (Admin & Redemptions) (20 properties) (golden-proof-signing-greedily) / CVL Researcher] start  (via tool: toolu_018yTmkwLrux5PnwFBnZodh5)
[River Core (Admin & Redemptions) (20 properties) (golden-proof-signing-greedily) / CVL Researcher] at node: initial; tool calls: [cvl_manual_search, cvl_keyword_search]
[River Core (Admin & Redemptions) (20 properties) (golden-proof-signing-greedily) / CVL Researcher] at node: tools
[River Core (Admin & Redemptions) (20 properties) (golden-proof-signing-greedily) / CVL Researcher] at node: tool_result; tool calls: [cvl_manual_search, cvl_manual_search]
[River Core (Admin & Redemptions) (20 properties) (golden-proof-signing-greedily) / CVL Researcher] at node: tools
[River Core (Admin & Redemptions) (20 properties) (golden-proof-signing-greedily) / CVL Researcher] at node: tool_result; tool calls: [get_cvl_manual_section, get_cvl_manual_section]
[River Core (Admin & Redemptions) (20 properties) (golden-proof-signing-greedily) / CVL Researcher] at node: tools
[River Core (Admin & Redemptions) (20 properties) (golden-proof-signing-greedily) / CVL Researcher] at node: tool_result; tool calls: [cvl_keyword_search, cvl_keyword_search]
[River Core (Admin & Redemptions) (20 properties) (golden-proof-signing-greedily) / CVL Researcher] at node: tools
[River Core (Admin & Redemptions) (20 properties) (golden-proof-signing-greedily) / CVL Researcher] at node: tool_result; tool calls: [cvl_keyword_search]
[River Core (Admin & Redemptions) (20 properties) (golden-proof-signing-greedily) / CVL Researcher] at node: tools
[River Core (Admin & Redemptions) (20 properties) (golden-proof-signing-greedily) / CVL Researcher] at node: tool_result; tool calls: [get_cvl_manual_section]
[River Core (Admin & Redemptions) (20 properties) (golden-proof-signing-greedily) / CVL Researcher] at node: tools
[River Core (Admin & Redemptions) (20 properties) (golden-proof-signing-greedily) / CVL Researcher] at node: tool_result; tool calls: [cvl_keyword_search]
[River Core (Admin & Redemptions) (20 properties) (golden-proof-signing-greedily) / CVL Researcher] at node: tools
[River Core (Admin & Redemptions) (20 properties) (golden-proof-signing-greedily) / CVL Researcher] at node: tool_result; tool calls: [cvl_manual_search, cvl_manual_search]
[River Core (Admin & Redemptions) (20 properties) (golden-proof-signing-greedily) / CVL Researcher] at node: tools
[River Core (Admin & Redemptions) (20 properties) (golden-proof-signing-greedily) / CVL Researcher] at node: tool_result; tool calls: [cvl_manual_search, cvl_keyword_search]
[River Core (Admin & Redemptions) (20 properties) (golden-proof-signing-greedily) / CVL Researcher] at node: tools
[River Core (Admin & Redemptions) (20 properties) (golden-proof-signing-greedily) / CVL Researcher] at node: tool_result; tool calls: [cvl_keyword_search, get_cvl_manual_section]
[River Core (Admin & Redemptions) (20 properties) (golden-proof-signing-greedily) / CVL Researcher] at node: tools
[River Core (Admin & Redemptions) (20 properties) (golden-proof-signing-greedily) / CVL Researcher] at node: tool_result; tool calls: [get_cvl_manual_section, cvl_keyword_search]
[River Core (Admin & Redemptions) (20 properties) (golden-proof-signing-greedily) / CVL Researcher] at node: tools
[River Core (Admin & Redemptions) (20 properties) (golden-proof-signing-greedily) / CVL Researcher] at node: tool_result; tool calls: [get_cvl_manual_section]
[River Core (Admin & Redemptions) (20 properties) (golden-proof-signing-greedily) / CVL Researcher] at node: tools
[River Core (Admin & Redemptions) (20 properties) (golden-proof-signing-greedily) / CVL Researcher] at node: tool_result; tool calls: [cvl_manual_search, scan_knowledge_base]
[River Core (Admin & Redemptions) (20 properties) (golden-proof-signing-greedily) / CVL Researcher] at node: tools
[River Core (Admin & Redemptions) (20 properties) (golden-proof-signing-greedily) / CVL Researcher] at node: tool_result; tool calls: [get_knowledge_base_article]
[River Core (Admin & Redemptions) (20 properties) (golden-proof-signing-greedily) / CVL Researcher] at node: tools
[River Core (Admin & Redemptions) (20 properties) (golden-proof-signing-greedily) / CVL Researcher] at node: tool_result; tool calls: [cvl_manual_search]
[River Core (Admin & Redemptions) (20 properties) (golden-proof-signing-greedily) / CVL Researcher] at node: tools
[River Core (Admin & Redemptions) (20 properties) (golden-proof-signing-greedily) / CVL Researcher] at node: tool_result; tool calls: [cvl_keyword_search, cvl_manual_search]
[River Core (Admin & Redemptions) (20 properties) (golden-proof-signing-greedily) / CVL Researcher] at node: tools
[River Core (Admin & Redemptions) (20 properties) (golden-proof-signing-greedily) / CVL Researcher] at node: tool_result; tool calls: [cvl_keyword_search]
[River Core (Admin & Redemptions) (20 properties) (golden-proof-signing-greedily) / CVL Researcher] at node: tools
[River Core (Admin & Redemptions) (20 properties) (golden-proof-signing-greedily) / CVL Researcher] at node: tool_result; tool calls: [cvl_keyword_search]
[River Core (Admin & Redemptions) (20 properties) (golden-proof-signing-greedily) / CVL Researcher] at node: tools
[River Core (Admin & Redemptions) (20 properties) (golden-proof-signing-greedily) / CVL Researcher] at node: tool_result; tool calls: [cvl_keyword_search]
[River Core (Admin & Redemptions) (20 properties) (golden-proof-signing-greedily) / CVL Researcher] at node: tools
[River Core (Admin & Redemptions) (20 properties) (golden-proof-signing-greedily) / CVL Researcher] at node: tool_result; tool calls: [get_cvl_manual_section]
[River Core (Admin & Redemptions) (20 properties) (golden-proof-signing-greedily) / CVL Researcher] at node: tools
[River Core (Admin & Redemptions) (20 properties) (golden-proof-signing-greedily) / CVL Researcher] at node: summarize
[River Core (Admin & Redemptions) (20 properties) (golden-proof-signing-greedily) / CVL Researcher] at node: tool_result; tool calls: [write_rough_draft]
[River Core (Admin & Redemptions) (20 properties) (golden-proof-signing-greedily) / CVL Researcher] at node: tools
[River Core (Admin & Redemptions) (20 properties) (golden-proof-signing-greedily) / CVL Researcher] at node: tool_result; tool calls: [read_rough_draft]
[River Core (Admin & Redemptions) (20 properties) (golden-proof-signing-greedily) / CVL Researcher] at node: tools
[River Core (Admin & Redemptions) (20 properties) (golden-proof-signing-greedily) / CVL Researcher] at node: tool_result; tool calls: [result]
[River Core (Admin & Redemptions) (20 properties) (golden-proof-signing-greedily) / CVL Researcher] at node: tools
[River Core (Admin & Redemptions) (20 properties) (golden-proof-signing-greedily) / CVL Researcher] end
[River Core (Admin & Redemptions) (20 properties) (golden-proof-signing-greedily)] at node: tools
[River Core (Admin & Redemptions) (20 properties) (golden-proof-signing-greedily)] at node: tool_result; tool calls: [put_cvl_raw]
[River Core (Admin & Redemptions) (20 properties) (golden-proof-signing-greedily)] at node: tools
[River Core (Admin & Redemptions) (20 properties) (golden-proof-signing-greedily)] at node: tool_result; tool calls: [verify_spec]
[River Core (Admin & Redemptions) (20 properties) (golden-proof-signing-greedily)]: prover start
[River Core (Admin & Redemptions) (20 properties) (golden-proof-signing-greedily)] at node: tools
[ConsensusLayerDepositManager (15 properties) (frozen-keeper-locking-totally)]; prover complete
[ConsensusLayerDepositManager (15 properties) (frozen-keeper-locking-totally)] at node: tools
[River Core (Admin & Redemptions) (20 properties) (golden-proof-signing-greedily)] at node: tool_result; tool calls: [get_file]
[River Core (Admin & Redemptions) (20 properties) (golden-proof-signing-greedily)] at node: tools
[River Core (Admin & Redemptions) (20 properties) (golden-proof-signing-greedily)] at node: tool_result; tool calls: [put_cvl_raw]
[River Core (Admin & Redemptions) (20 properties) (golden-proof-signing-greedily)] at node: tools
[River Core (Admin & Redemptions) (20 properties) (golden-proof-signing-greedily)] at node: tool_result; tool calls: [verify_spec]
[River Core (Admin & Redemptions) (20 properties) (golden-proof-signing-greedily)]: prover start
[ConsensusLayerDepositManager (15 properties) (frozen-keeper-locking-totally)] at node: tool_result; tool calls: [get_file]
[ConsensusLayerDepositManager (15 properties) (frozen-keeper-locking-totally)] at node: tools
[River Core (Admin & Redemptions) (20 properties) (golden-proof-signing-greedily)] at node: tools
[River Core (Admin & Redemptions) (20 properties) (golden-proof-signing-greedily)] at node: tool_result; tool calls: [get_file]
[River Core (Admin & Redemptions) (20 properties) (golden-proof-signing-greedily)] at node: tools
[River Core (Admin & Redemptions) (20 properties) (golden-proof-signing-greedily)] at node: tool_result; tool calls: [cvl_keyword_search]
[River Core (Admin & Redemptions) (20 properties) (golden-proof-signing-greedily)] at node: tools
[River Core (Admin & Redemptions) (20 properties) (golden-proof-signing-greedily)] at node: tool_result; tool calls: [cvl_manual_search]
[River Core (Admin & Redemptions) (20 properties) (golden-proof-signing-greedily)] at node: tools
[River Core (Admin & Redemptions) (20 properties) (golden-proof-signing-greedily)] at node: tool_result; tool calls: [cvl_keyword_search]
[River Core (Admin & Redemptions) (20 properties) (golden-proof-signing-greedily)] at node: tools
[River Core (Admin & Redemptions) (20 properties) (golden-proof-signing-greedily)] at node: tool_result; tool calls: [get_cvl_manual_section]
[River Core (Admin & Redemptions) (20 properties) (golden-proof-signing-greedily)] at node: tools
[River Core (Admin & Redemptions) (20 properties) (golden-proof-signing-greedily)] at node: tool_result; tool calls: [cvl_keyword_search]
[River Core (Admin & Redemptions) (20 properties) (golden-proof-signing-greedily)] at node: tools
[River Core (Admin & Redemptions) (20 properties) (golden-proof-signing-greedily)] at node: tool_result; tool calls: [cvl_keyword_search]
[River Core (Admin & Redemptions) (20 properties) (golden-proof-signing-greedily)] at node: tools
[River Core (Admin & Redemptions) (20 properties) (golden-proof-signing-greedily)] at node: tool_result; tool calls: [cvl_manual_search]
[River Core (Admin & Redemptions) (20 properties) (golden-proof-signing-greedily)] at node: tools
[ConsensusLayerDepositManager (15 properties) (frozen-keeper-locking-totally)] at node: tool_result; tool calls: [grep_files]
[ConsensusLayerDepositManager (15 properties) (frozen-keeper-locking-totally)] at node: tools
[ConsensusLayerDepositManager (15 properties) (frozen-keeper-locking-totally)] at node: tool_result; tool calls: [cvl_research]
[ConsensusLayerDepositManager (15 properties) (frozen-keeper-locking-totally) / CVL Researcher] start  (via tool: toolu_01L2wK2vHTkRNqr3zDFwTCRR)
[ConsensusLayerDepositManager (15 properties) (frozen-keeper-locking-totally) / CVL Researcher] at node: initial; tool calls: [cvl_manual_search, cvl_keyword_search]
[ConsensusLayerDepositManager (15 properties) (frozen-keeper-locking-totally) / CVL Researcher] at node: tools
[River Core (Admin & Redemptions) (20 properties) (golden-proof-signing-greedily)] at node: summarize
[River Core (Admin & Redemptions) (20 properties) (golden-proof-signing-greedily)] at node: tool_result; tool calls: [memory]
[River Core (Admin & Redemptions) (20 properties) (golden-proof-signing-greedily)] at node: tools
[River Core (Admin & Redemptions) (20 properties) (golden-proof-signing-greedily)] at node: tool_result; tool calls: [memory]
[River Core (Admin & Redemptions) (20 properties) (golden-proof-signing-greedily)] at node: tools
[River Core (Admin & Redemptions) (20 properties) (golden-proof-signing-greedily)] at node: tool_result; tool calls: [get_cvl]
[River Core (Admin & Redemptions) (20 properties) (golden-proof-signing-greedily)] at node: tools
[ConsensusLayerDepositManager (15 properties) (frozen-keeper-locking-totally) / CVL Researcher] at node: tool_result; tool calls: [get_cvl_manual_section, scan_knowledge_base]
[ConsensusLayerDepositManager (15 properties) (frozen-keeper-locking-totally) / CVL Researcher] at node: tools
[ConsensusLayerDepositManager (15 properties) (frozen-keeper-locking-totally) / CVL Researcher] at node: tool_result; tool calls: [get_knowledge_base_article, cvl_manual_search]
[ConsensusLayerDepositManager (15 properties) (frozen-keeper-locking-totally) / CVL Researcher] at node: tools
[ConsensusLayerDepositManager (15 properties) (frozen-keeper-locking-totally) / CVL Researcher] at node: tool_result; tool calls: [write_rough_draft]
[ConsensusLayerDepositManager (15 properties) (frozen-keeper-locking-totally) / CVL Researcher] at node: tools
[ConsensusLayerDepositManager (15 properties) (frozen-keeper-locking-totally) / CVL Researcher] at node: tool_result; tool calls: [read_rough_draft]
[ConsensusLayerDepositManager (15 properties) (frozen-keeper-locking-totally) / CVL Researcher] at node: tools
[ConsensusLayerDepositManager (15 properties) (frozen-keeper-locking-totally) / CVL Researcher] at node: tool_result; tool calls: [result]
[ConsensusLayerDepositManager (15 properties) (frozen-keeper-locking-totally) / CVL Researcher] at node: tools
[ConsensusLayerDepositManager (15 properties) (frozen-keeper-locking-totally) / CVL Researcher] end
[ConsensusLayerDepositManager (15 properties) (frozen-keeper-locking-totally)] at node: tools
[River Core (Admin & Redemptions) (20 properties) (golden-proof-signing-greedily)] at node: tool_result; tool calls: [grep_files, get_file]
[River Core (Admin & Redemptions) (20 properties) (golden-proof-signing-greedily)] at node: tools
[River Core (Admin & Redemptions) (20 properties) (golden-proof-signing-greedily)] at node: tool_result; tool calls: [get_file]
[River Core (Admin & Redemptions) (20 properties) (golden-proof-signing-greedily)] at node: tools
[River Core (Admin & Redemptions) (20 properties) (golden-proof-signing-greedily)] at node: tool_result; tool calls: [get_file]
[River Core (Admin & Redemptions) (20 properties) (golden-proof-signing-greedily)] at node: tools
[River Core (Admin & Redemptions) (20 properties) (golden-proof-signing-greedily)] at node: tool_result; tool calls: [grep_files, grep_files]
[River Core (Admin & Redemptions) (20 properties) (golden-proof-signing-greedily)] at node: tools
[River Core (Admin & Redemptions) (20 properties) (golden-proof-signing-greedily)] at node: tool_result; tool calls: [get_file, get_file]
[River Core (Admin & Redemptions) (20 properties) (golden-proof-signing-greedily)] at node: tools
[River Core (Admin & Redemptions) (20 properties) (golden-proof-signing-greedily)] at node: tool_result; tool calls: [grep_files]
[River Core (Admin & Redemptions) (20 properties) (golden-proof-signing-greedily)] at node: tools
[River Core (Admin & Redemptions) (20 properties) (golden-proof-signing-greedily)] at node: tool_result; tool calls: [grep_files]
[ConsensusLayerDepositManager (15 properties) (frozen-keeper-locking-totally)] at node: tool_result; tool calls: [verify_spec]
[ConsensusLayerDepositManager (15 properties) (frozen-keeper-locking-totally)]: prover start
[River Core (Admin & Redemptions) (20 properties) (golden-proof-signing-greedily)] at node: tools
[River Core (Admin & Redemptions) (20 properties) (golden-proof-signing-greedily)] at node: tool_result; tool calls: [grep_files]
[River Core (Admin & Redemptions) (20 properties) (golden-proof-signing-greedily)] at node: tools
[River Core (Admin & Redemptions) (20 properties) (golden-proof-signing-greedily)] at node: tool_result; tool calls: [grep_files]
[River Core (Admin & Redemptions) (20 properties) (golden-proof-signing-greedily)] at node: tools
[River Core (Admin & Redemptions) (20 properties) (golden-proof-signing-greedily)] at node: tool_result; tool calls: [grep_files]
[River Core (Admin & Redemptions) (20 properties) (golden-proof-signing-greedily)] at node: tools
[River Core (Admin & Redemptions) (20 properties) (golden-proof-signing-greedily)] at node: tool_result; tool calls: [grep_files]
[River Core (Admin & Redemptions) (20 properties) (golden-proof-signing-greedily)] at node: tools
[River Core (Admin & Redemptions) (20 properties) (golden-proof-signing-greedily)] at node: tool_result; tool calls: [grep_files, grep_files]
[River Core (Admin & Redemptions) (20 properties) (golden-proof-signing-greedily)] at node: tools
[River Core (Admin & Redemptions) (20 properties) (golden-proof-signing-greedily)] at node: tool_result; tool calls: [grep_files]
[River Core (Admin & Redemptions) (20 properties) (golden-proof-signing-greedily)] at node: tools
[River Core (Admin & Redemptions) (20 properties) (golden-proof-signing-greedily)] at node: tool_result; tool calls: [get_file]
[River Core (Admin & Redemptions) (20 properties) (golden-proof-signing-greedily)] at node: tools
[River Core (Admin & Redemptions) (20 properties) (golden-proof-signing-greedily)] at node: tool_result; tool calls: [get_file]
[River Core (Admin & Redemptions) (20 properties) (golden-proof-signing-greedily)] at node: tools
[River Core (Admin & Redemptions) (20 properties) (golden-proof-signing-greedily)] at node: tool_result; tool calls: [get_file]
[River Core (Admin & Redemptions) (20 properties) (golden-proof-signing-greedily)] at node: tools
[River Core (Admin & Redemptions) (20 properties) (golden-proof-signing-greedily)] at node: tool_result; tool calls: [put_cvl_raw]
[River Core (Admin & Redemptions) (20 properties) (golden-proof-signing-greedily)] at node: tools
[River Core (Admin & Redemptions) (20 properties) (golden-proof-signing-greedily)] at node: tool_result; tool calls: [expect_rule_failure, expect_rule_failure, expect_rule_failure, expect_rule_failure]
[River Core (Admin & Redemptions) (20 properties) (golden-proof-signing-greedily)] at node: tool_result; tool calls: [memory]
[River Core (Admin & Redemptions) (20 properties) (golden-proof-signing-greedily)] at node: tools
[River Core (Admin & Redemptions) (20 properties) (golden-proof-signing-greedily)] at node: tool_result; tool calls: [verify_spec]
[River Core (Admin & Redemptions) (20 properties) (golden-proof-signing-greedily)]: prover start
[ConsensusLayerDepositManager (15 properties) (frozen-keeper-locking-totally)]; prover complete
[ConsensusLayerDepositManager (15 properties) (frozen-keeper-locking-totally)] at node: tools
[ConsensusLayerDepositManager (15 properties) (frozen-keeper-locking-totally)] at node: tool_result; tool calls: [verify_spec]
[ConsensusLayerDepositManager (15 properties) (frozen-keeper-locking-totally)]: prover start
[River Core (Admin & Redemptions) (20 properties) (golden-proof-signing-greedily)]; prover complete
[River Core (Admin & Redemptions) (20 properties) (golden-proof-signing-greedily)]: rule analysis start -> prop10_setGlobalFeeValidation
[River Core (Admin & Redemptions) (20 properties) (golden-proof-signing-greedily)]: rule analysis start -> prop14_allowlistAddressNotZero for constructor
[River Core (Admin & Redemptions) (20 properties) (golden-proof-signing-greedily)]: rule analysis start -> prop16_collectorNotZero for constructor
[River Core (Admin & Redemptions) (20 properties) (golden-proof-signing-greedily)]: rule analysis start -> prop17_noInstantMaxFeeAttack
[River Core (Admin & Redemptions) (20 properties) (golden-proof-signing-greedily)]: rule analysis start -> prop18_postRedeemDenyAttackCannotOccur
[River Core (Admin & Redemptions) (20 properties) (golden-proof-signing-greedily)]: rule analysis start -> prop19_noFrontRunningAdvantage
[River Core (Admin & Redemptions) (20 properties) (golden-proof-signing-greedily)]: rule analysis start -> prop20_noStrandedELFees
[River Core (Admin & Redemptions) (20 properties) (golden-proof-signing-greedily)]: rule analysis complete -> prop10_setGlobalFeeValidation
[River Core (Admin & Redemptions) (20 properties) (golden-proof-signing-greedily)]: rule analysis complete -> prop17_noInstantMaxFeeAttack
[River Core (Admin & Redemptions) (20 properties) (golden-proof-signing-greedily)]: rule analysis complete -> prop20_noStrandedELFees
[River Core (Admin & Redemptions) (20 properties) (golden-proof-signing-greedily)]: rule analysis complete -> prop19_noFrontRunningAdvantage
[River Core (Admin & Redemptions) (20 properties) (golden-proof-signing-greedily)]: rule analysis complete -> prop14_allowlistAddressNotZero for constructor
[River Core (Admin & Redemptions) (20 properties) (golden-proof-signing-greedily)]: rule analysis complete -> prop18_postRedeemDenyAttackCannotOccur
[River Core (Admin & Redemptions) (20 properties) (golden-proof-signing-greedily)]: rule analysis complete -> prop16_collectorNotZero for constructor
[River Core (Admin & Redemptions) (20 properties) (golden-proof-signing-greedily)] at node: tools
[River Core (Admin & Redemptions) (20 properties) (golden-proof-signing-greedily)] at node: tool_result; tool calls: [grep_files]
[River Core (Admin & Redemptions) (20 properties) (golden-proof-signing-greedily)] at node: tools
[River Core (Admin & Redemptions) (20 properties) (golden-proof-signing-greedily)] at node: tool_result; tool calls: [get_file]
[River Core (Admin & Redemptions) (20 properties) (golden-proof-signing-greedily)] at node: tools
[ConsensusLayerDepositManager (15 properties) (frozen-keeper-locking-totally)]; prover complete
[ConsensusLayerDepositManager (15 properties) (frozen-keeper-locking-totally)] at node: tools
[ConsensusLayerDepositManager (15 properties) (frozen-keeper-locking-totally)] at node: tool_result; tool calls: [verify_spec]
[ConsensusLayerDepositManager (15 properties) (frozen-keeper-locking-totally)]: prover start
[River Core (Admin & Redemptions) (20 properties) (golden-proof-signing-greedily)] at node: tool_result; tool calls: [put_cvl_raw]
[River Core (Admin & Redemptions) (20 properties) (golden-proof-signing-greedily)] at node: tools
[River Core (Admin & Redemptions) (20 properties) (golden-proof-signing-greedily)] at node: tool_result; tool calls: [feedback_tool]
[River Core (Admin & Redemptions) (20 properties) (golden-proof-signing-greedily) / Property feedback judge] start  (via tool: toolu_01AVPVL34BoMzSVsueHmXHpS)
[River Core (Admin & Redemptions) (20 properties) (golden-proof-signing-greedily) / Property feedback judge] at node: initial; tool calls: [memory]
[River Core (Admin & Redemptions) (20 properties) (golden-proof-signing-greedily) / Property feedback judge] at node: tools
[River Core (Admin & Redemptions) (20 properties) (golden-proof-signing-greedily) / Property feedback judge] at node: tool_result; tool calls: [list_files, get_cvl]
[River Core (Admin & Redemptions) (20 properties) (golden-proof-signing-greedily) / Property feedback judge] at node: tools
[River Core (Admin & Redemptions) (20 properties) (golden-proof-signing-greedily) / Property feedback judge] at node: tool_result; tool calls: [get_file, get_file]
[River Core (Admin & Redemptions) (20 properties) (golden-proof-signing-greedily) / Property feedback judge] at node: tools
[River Core (Admin & Redemptions) (20 properties) (golden-proof-signing-greedily) / Property feedback judge] at node: tool_result; tool calls: [get_file, get_file]
[River Core (Admin & Redemptions) (20 properties) (golden-proof-signing-greedily) / Property feedback judge] at node: tools
[River Core (Admin & Redemptions) (20 properties) (golden-proof-signing-greedily) / Property feedback judge] at node: tool_result; tool calls: [get_file, get_file]
[River Core (Admin & Redemptions) (20 properties) (golden-proof-signing-greedily) / Property feedback judge] at node: tools
[River Core (Admin & Redemptions) (20 properties) (golden-proof-signing-greedily) / Property feedback judge] at node: tool_result; tool calls: [get_file, get_file]
[River Core (Admin & Redemptions) (20 properties) (golden-proof-signing-greedily) / Property feedback judge] at node: tools
[River Core (Admin & Redemptions) (20 properties) (golden-proof-signing-greedily) / Property feedback judge] at node: tool_result; tool calls: [get_file]
[River Core (Admin & Redemptions) (20 properties) (golden-proof-signing-greedily) / Property feedback judge] at node: tools
[River Core (Admin & Redemptions) (20 properties) (golden-proof-signing-greedily) / Property feedback judge] at node: tool_result; tool calls: [get_file]
[River Core (Admin & Redemptions) (20 properties) (golden-proof-signing-greedily) / Property feedback judge] at node: tools
[River Core (Admin & Redemptions) (20 properties) (golden-proof-signing-greedily) / Property feedback judge] at node: tool_result; tool calls: [get_file, get_file]
[River Core (Admin & Redemptions) (20 properties) (golden-proof-signing-greedily) / Property feedback judge] at node: tools
[River Core (Admin & Redemptions) (20 properties) (golden-proof-signing-greedily) / Property feedback judge] at node: tool_result; tool calls: [get_file, get_file]
[River Core (Admin & Redemptions) (20 properties) (golden-proof-signing-greedily) / Property feedback judge] at node: tools
[River Core (Admin & Redemptions) (20 properties) (golden-proof-signing-greedily) / Property feedback judge] at node: tool_result; tool calls: [grep_files, get_file]
[River Core (Admin & Redemptions) (20 properties) (golden-proof-signing-greedily) / Property feedback judge] at node: tools
[River Core (Admin & Redemptions) (20 properties) (golden-proof-signing-greedily) / Property feedback judge] at node: tool_result; tool calls: [get_file, grep_files]
[River Core (Admin & Redemptions) (20 properties) (golden-proof-signing-greedily) / Property feedback judge] at node: tools
[River Core (Admin & Redemptions) (20 properties) (golden-proof-signing-greedily) / Property feedback judge] at node: tool_result; tool calls: [grep_files]
[River Core (Admin & Redemptions) (20 properties) (golden-proof-signing-greedily) / Property feedback judge] at node: tools
[River Core (Admin & Redemptions) (20 properties) (golden-proof-signing-greedily) / Property feedback judge] at node: tool_result; tool calls: [get_file]
[River Core (Admin & Redemptions) (20 properties) (golden-proof-signing-greedily) / Property feedback judge] at node: tools
[River Core (Admin & Redemptions) (20 properties) (golden-proof-signing-greedily) / Property feedback judge] at node: tool_result; tool calls: [get_file]
[River Core (Admin & Redemptions) (20 properties) (golden-proof-signing-greedily) / Property feedback judge] at node: tools
[River Core (Admin & Redemptions) (20 properties) (golden-proof-signing-greedily) / Property feedback judge] at node: tool_result; tool calls: [grep_files, get_file]
[River Core (Admin & Redemptions) (20 properties) (golden-proof-signing-greedily) / Property feedback judge] at node: tools
[River Core (Admin & Redemptions) (20 properties) (golden-proof-signing-greedily) / Property feedback judge] at node: tool_result; tool calls: [write_rough_draft]
[River Core (Admin & Redemptions) (20 properties) (golden-proof-signing-greedily) / Property feedback judge] at node: tools
[River Core (Admin & Redemptions) (20 properties) (golden-proof-signing-greedily) / Property feedback judge] at node: tool_result; tool calls: [read_rough_draft]
[River Core (Admin & Redemptions) (20 properties) (golden-proof-signing-greedily) / Property feedback judge] at node: tools
[River Core (Admin & Redemptions) (20 properties) (golden-proof-signing-greedily) / Property feedback judge] at node: tool_result; tool calls: [memory]
[River Core (Admin & Redemptions) (20 properties) (golden-proof-signing-greedily) / Property feedback judge] at node: tools
[River Core (Admin & Redemptions) (20 properties) (golden-proof-signing-greedily) / Property feedback judge] at node: tool_result; tool calls: [result]
[River Core (Admin & Redemptions) (20 properties) (golden-proof-signing-greedily) / Property feedback judge] at node: tools
[River Core (Admin & Redemptions) (20 properties) (golden-proof-signing-greedily) / Property feedback judge] end
[River Core (Admin & Redemptions) (20 properties) (golden-proof-signing-greedily)] at node: tools
[River Core (Admin & Redemptions) (20 properties) (golden-proof-signing-greedily)] at node: tool_result; tool calls: [expect_rule_passage, expect_rule_passage, expect_rule_passage, expect_rule_passage]
[River Core (Admin & Redemptions) (20 properties) (golden-proof-signing-greedily)] at node: tool_result; tool calls: [put_cvl_raw]
[River Core (Admin & Redemptions) (20 properties) (golden-proof-signing-greedily)] at node: tools
[River Core (Admin & Redemptions) (20 properties) (golden-proof-signing-greedily)] at node: tool_result; tool calls: [feedback_tool]
[River Core (Admin & Redemptions) (20 properties) (golden-proof-signing-greedily) / Property feedback judge] start  (via tool: toolu_016mC2vdf6rYLbCobW8UfSMd)
[River Core (Admin & Redemptions) (20 properties) (golden-proof-signing-greedily) / Property feedback judge] at node: initial; tool calls: [memory]
[River Core (Admin & Redemptions) (20 properties) (golden-proof-signing-greedily) / Property feedback judge] at node: tools
[River Core (Admin & Redemptions) (20 properties) (golden-proof-signing-greedily) / Property feedback judge] at node: tool_result; tool calls: [memory]
[River Core (Admin & Redemptions) (20 properties) (golden-proof-signing-greedily) / Property feedback judge] at node: tools
[ConsensusLayerDepositManager (15 properties) (frozen-keeper-locking-totally)]; prover complete
[ConsensusLayerDepositManager (15 properties) (frozen-keeper-locking-totally)] at node: tools
[ConsensusLayerDepositManager (15 properties) (frozen-keeper-locking-totally)] at node: tool_result; tool calls: [verify_spec]
[ConsensusLayerDepositManager (15 properties) (frozen-keeper-locking-totally)]: prover start
[River Core (Admin & Redemptions) (20 properties) (golden-proof-signing-greedily) / Property feedback judge] at node: tool_result; tool calls: [get_cvl]
[River Core (Admin & Redemptions) (20 properties) (golden-proof-signing-greedily) / Property feedback judge] at node: tools
[River Core (Admin & Redemptions) (20 properties) (golden-proof-signing-greedily) / Property feedback judge] at node: tool_result; tool calls: [write_rough_draft]
[River Core (Admin & Redemptions) (20 properties) (golden-proof-signing-greedily) / Property feedback judge] at node: tools
[River Core (Admin & Redemptions) (20 properties) (golden-proof-signing-greedily) / Property feedback judge] at node: tool_result; tool calls: [read_rough_draft]
[River Core (Admin & Redemptions) (20 properties) (golden-proof-signing-greedily) / Property feedback judge] at node: tools
[River Core (Admin & Redemptions) (20 properties) (golden-proof-signing-greedily) / Property feedback judge] at node: tool_result; tool calls: [memory]
[River Core (Admin & Redemptions) (20 properties) (golden-proof-signing-greedily) / Property feedback judge] at node: tools
[River Core (Admin & Redemptions) (20 properties) (golden-proof-signing-greedily) / Property feedback judge] at node: tool_result; tool calls: [memory]
[River Core (Admin & Redemptions) (20 properties) (golden-proof-signing-greedily) / Property feedback judge] at node: tools
[River Core (Admin & Redemptions) (20 properties) (golden-proof-signing-greedily) / Property feedback judge] at node: tool_result; tool calls: [result]
[River Core (Admin & Redemptions) (20 properties) (golden-proof-signing-greedily) / Property feedback judge] at node: tools
[River Core (Admin & Redemptions) (20 properties) (golden-proof-signing-greedily) / Property feedback judge] end
[River Core (Admin & Redemptions) (20 properties) (golden-proof-signing-greedily)] at node: tools
[River Core (Admin & Redemptions) (20 properties) (golden-proof-signing-greedily)] at node: tool_result; tool calls: [verify_spec]
[River Core (Admin & Redemptions) (20 properties) (golden-proof-signing-greedily)]: prover start
[ConsensusLayerDepositManager (15 properties) (frozen-keeper-locking-totally)]; prover complete
[ConsensusLayerDepositManager (15 properties) (frozen-keeper-locking-totally)] at node: tools
[ConsensusLayerDepositManager (15 properties) (frozen-keeper-locking-totally)] at node: tool_result; tool calls: [verify_spec]
[ConsensusLayerDepositManager (15 properties) (frozen-keeper-locking-totally)]: prover start
[ConsensusLayerDepositManager (15 properties) (frozen-keeper-locking-totally)]; prover complete
[ConsensusLayerDepositManager (15 properties) (frozen-keeper-locking-totally)] at node: tools
[ConsensusLayerDepositManager (15 properties) (frozen-keeper-locking-totally)] at node: tool_result; tool calls: [verify_spec]
[ConsensusLayerDepositManager (15 properties) (frozen-keeper-locking-totally)]: prover start
[River Core (Admin & Redemptions) (20 properties) (golden-proof-signing-greedily)]; prover complete
[River Core (Admin & Redemptions) (20 properties) (golden-proof-signing-greedily)]: rule analysis start -> prop14_allowlistAddressNotZero for resolveRedeemRequests(uint32[])
[River Core (Admin & Redemptions) (20 properties) (golden-proof-signing-greedily)]: rule analysis start -> prop15_elFeeRecipientNotZero for resolveRedeemRequests(uint32[])
[River Core (Admin & Redemptions) (20 properties) (golden-proof-signing-greedily)]: rule analysis complete -> prop14_allowlistAddressNotZero for resolveRedeemRequests(uint32[])
[River Core (Admin & Redemptions) (20 properties) (golden-proof-signing-greedily)]: rule analysis complete -> prop15_elFeeRecipientNotZero for resolveRedeemRequests(uint32[])
[River Core (Admin & Redemptions) (20 properties) (golden-proof-signing-greedily)] at node: tools
[River Core (Admin & Redemptions) (20 properties) (golden-proof-signing-greedily)] at node: tool_result; tool calls: [grep_files]
[River Core (Admin & Redemptions) (20 properties) (golden-proof-signing-greedily)] at node: tools
[River Core (Admin & Redemptions) (20 properties) (golden-proof-signing-greedily)] at node: summarize
[River Core (Admin & Redemptions) (20 properties) (golden-proof-signing-greedily)] at node: tool_result; tool calls: [memory]
[River Core (Admin & Redemptions) (20 properties) (golden-proof-signing-greedily)] at node: tools
[River Core (Admin & Redemptions) (20 properties) (golden-proof-signing-greedily)] at node: tool_result; tool calls: [memory]
[River Core (Admin & Redemptions) (20 properties) (golden-proof-signing-greedily)] at node: tools
[River Core (Admin & Redemptions) (20 properties) (golden-proof-signing-greedily)] at node: tool_result; tool calls: [get_cvl]
[River Core (Admin & Redemptions) (20 properties) (golden-proof-signing-greedily)] at node: tools
[River Core (Admin & Redemptions) (20 properties) (golden-proof-signing-greedily)] at node: tool_result; tool calls: [grep_files, grep_files]
[River Core (Admin & Redemptions) (20 properties) (golden-proof-signing-greedily)] at node: tools
[River Core (Admin & Redemptions) (20 properties) (golden-proof-signing-greedily)] at node: tool_result; tool calls: [get_file, get_file]
[River Core (Admin & Redemptions) (20 properties) (golden-proof-signing-greedily)] at node: tools
[River Core (Admin & Redemptions) (20 properties) (golden-proof-signing-greedily)] at node: tool_result; tool calls: [get_file, get_file]
[River Core (Admin & Redemptions) (20 properties) (golden-proof-signing-greedily)] at node: tools
[River Core (Admin & Redemptions) (20 properties) (golden-proof-signing-greedily)] at node: tool_result; tool calls: [grep_files]
[River Core (Admin & Redemptions) (20 properties) (golden-proof-signing-greedily)] at node: tools
[River Core (Admin & Redemptions) (20 properties) (golden-proof-signing-greedily)] at node: tool_result; tool calls: [get_file]
[River Core (Admin & Redemptions) (20 properties) (golden-proof-signing-greedily)] at node: tools
[River Core (Admin & Redemptions) (20 properties) (golden-proof-signing-greedily)] at node: tool_result; tool calls: [grep_files]
[River Core (Admin & Redemptions) (20 properties) (golden-proof-signing-greedily)] at node: tools
[River Core (Admin & Redemptions) (20 properties) (golden-proof-signing-greedily)] at node: tool_result; tool calls: [put_cvl_raw]
[River Core (Admin & Redemptions) (20 properties) (golden-proof-signing-greedily)] at node: tools
[River Core (Admin & Redemptions) (20 properties) (golden-proof-signing-greedily)] at node: tool_result; tool calls: [memory]
[River Core (Admin & Redemptions) (20 properties) (golden-proof-signing-greedily)] at node: tools
[River Core (Admin & Redemptions) (20 properties) (golden-proof-signing-greedily)] at node: tool_result; tool calls: [verify_spec]
[River Core (Admin & Redemptions) (20 properties) (golden-proof-signing-greedily)]: prover start
[ConsensusLayerDepositManager (15 properties) (frozen-keeper-locking-totally)]; prover complete
[ConsensusLayerDepositManager (15 properties) (frozen-keeper-locking-totally)] at node: tools
[ConsensusLayerDepositManager (15 properties) (frozen-keeper-locking-totally)] at node: tool_result; tool calls: [verify_spec]
[ConsensusLayerDepositManager (15 properties) (frozen-keeper-locking-totally)]: prover start
[ConsensusLayerDepositManager (15 properties) (frozen-keeper-locking-totally)]; prover complete
[ConsensusLayerDepositManager (15 properties) (frozen-keeper-locking-totally)] at node: tools
[ConsensusLayerDepositManager (15 properties) (frozen-keeper-locking-totally)] at node: tool_result; tool calls: [verify_spec]
[ConsensusLayerDepositManager (15 properties) (frozen-keeper-locking-totally)]: prover start
[ConsensusLayerDepositManager (15 properties) (frozen-keeper-locking-totally)]; prover complete
[ConsensusLayerDepositManager (15 properties) (frozen-keeper-locking-totally)] at node: tools
[River Core (Admin & Redemptions) (20 properties) (golden-proof-signing-greedily)]; prover complete
[River Core (Admin & Redemptions) (20 properties) (golden-proof-signing-greedily)] at node: tools
[ConsensusLayerDepositManager (15 properties) (frozen-keeper-locking-totally)] at node: tool_result; tool calls: [verify_spec]
[ConsensusLayerDepositManager (15 properties) (frozen-keeper-locking-totally)]: prover start
[River Core (Admin & Redemptions) (20 properties) (golden-proof-signing-greedily)] at node: tool_result; tool calls: [put_cvl_raw]
[River Core (Admin & Redemptions) (20 properties) (golden-proof-signing-greedily)] at node: tools
[River Core (Admin & Redemptions) (20 properties) (golden-proof-signing-greedily)] at node: tool_result; tool calls: [verify_spec]
[River Core (Admin & Redemptions) (20 properties) (golden-proof-signing-greedily)]: prover start
[ConsensusLayerDepositManager (15 properties) (frozen-keeper-locking-totally)]; prover complete
[ConsensusLayerDepositManager (15 properties) (frozen-keeper-locking-totally)] at node: tools
[ConsensusLayerDepositManager (15 properties) (frozen-keeper-locking-totally)] at node: summarize
[ConsensusLayerDepositManager (15 properties) (frozen-keeper-locking-totally)] at node: tool_result; tool calls: [memory]
[ConsensusLayerDepositManager (15 properties) (frozen-keeper-locking-totally)] at node: tools
[ConsensusLayerDepositManager (15 properties) (frozen-keeper-locking-totally)] at node: tool_result; tool calls: [memory]
[ConsensusLayerDepositManager (15 properties) (frozen-keeper-locking-totally)] at node: tools
[ConsensusLayerDepositManager (15 properties) (frozen-keeper-locking-totally)] at node: tool_result; tool calls: [get_cvl]
[ConsensusLayerDepositManager (15 properties) (frozen-keeper-locking-totally)] at node: tools
[ConsensusLayerDepositManager (15 properties) (frozen-keeper-locking-totally)] at node: tool_result; tool calls: [put_cvl_raw]
[ConsensusLayerDepositManager (15 properties) (frozen-keeper-locking-totally)] at node: tools
[ConsensusLayerDepositManager (15 properties) (frozen-keeper-locking-totally)] at node: tool_result; tool calls: [memory]
[ConsensusLayerDepositManager (15 properties) (frozen-keeper-locking-totally)] at node: tools
[ConsensusLayerDepositManager (15 properties) (frozen-keeper-locking-totally)] at node: tool_result; tool calls: [feedback_tool]
[ConsensusLayerDepositManager (15 properties) (frozen-keeper-locking-totally) / Property feedback judge] start  (via tool: toolu_01Di4htLEpgK6uiyBg4HyFyY)
[ConsensusLayerDepositManager (15 properties) (frozen-keeper-locking-totally) / Property feedback judge] at node: initial; tool calls: [memory]
[ConsensusLayerDepositManager (15 properties) (frozen-keeper-locking-totally) / Property feedback judge] at node: tools
[ConsensusLayerDepositManager (15 properties) (frozen-keeper-locking-totally) / Property feedback judge] at node: tool_result; tool calls: [memory]
[ConsensusLayerDepositManager (15 properties) (frozen-keeper-locking-totally) / Property feedback judge] at node: tools
[River Core (Admin & Redemptions) (20 properties) (golden-proof-signing-greedily)]; prover complete
[River Core (Admin & Redemptions) (20 properties) (golden-proof-signing-greedily)] at node: tools
[ConsensusLayerDepositManager (15 properties) (frozen-keeper-locking-totally) / Property feedback judge] at node: tool_result; tool calls: [get_cvl]
[ConsensusLayerDepositManager (15 properties) (frozen-keeper-locking-totally) / Property feedback judge] at node: tools
[River Core (Admin & Redemptions) (20 properties) (golden-proof-signing-greedily)] at node: tool_result; tool calls: [verify_spec]
[River Core (Admin & Redemptions) (20 properties) (golden-proof-signing-greedily)]: prover start
[ConsensusLayerDepositManager (15 properties) (frozen-keeper-locking-totally) / Property feedback judge] at node: tool_result; tool calls: [write_rough_draft]
[ConsensusLayerDepositManager (15 properties) (frozen-keeper-locking-totally) / Property feedback judge] at node: tools
[ConsensusLayerDepositManager (15 properties) (frozen-keeper-locking-totally) / Property feedback judge] at node: tool_result; tool calls: [read_rough_draft]
[ConsensusLayerDepositManager (15 properties) (frozen-keeper-locking-totally) / Property feedback judge] at node: tools
[ConsensusLayerDepositManager (15 properties) (frozen-keeper-locking-totally) / Property feedback judge] at node: tool_result; tool calls: [memory]
[ConsensusLayerDepositManager (15 properties) (frozen-keeper-locking-totally) / Property feedback judge] at node: tools
[ConsensusLayerDepositManager (15 properties) (frozen-keeper-locking-totally) / Property feedback judge] at node: tool_result; tool calls: [result]
[ConsensusLayerDepositManager (15 properties) (frozen-keeper-locking-totally) / Property feedback judge] at node: tools
[ConsensusLayerDepositManager (15 properties) (frozen-keeper-locking-totally) / Property feedback judge] end
[ConsensusLayerDepositManager (15 properties) (frozen-keeper-locking-totally)] at node: tools
[ConsensusLayerDepositManager (15 properties) (frozen-keeper-locking-totally)] at node: tool_result; tool calls: [verify_spec]
[ConsensusLayerDepositManager (15 properties) (frozen-keeper-locking-totally)]: prover start
[River Core (Admin & Redemptions) (20 properties) (golden-proof-signing-greedily)]; prover complete
[River Core (Admin & Redemptions) (20 properties) (golden-proof-signing-greedily)] at node: tools
[ConsensusLayerDepositManager (15 properties) (frozen-keeper-locking-totally)]; prover complete
[ConsensusLayerDepositManager (15 properties) (frozen-keeper-locking-totally)] at node: tools
[River Core (Admin & Redemptions) (20 properties) (golden-proof-signing-greedily)] at node: tool_result; tool calls: [put_cvl_raw]
[River Core (Admin & Redemptions) (20 properties) (golden-proof-signing-greedily)] at node: tools
[River Core (Admin & Redemptions) (20 properties) (golden-proof-signing-greedily)] at node: tool_result; tool calls: [verify_spec]
[River Core (Admin & Redemptions) (20 properties) (golden-proof-signing-greedily)]: prover start
[ConsensusLayerDepositManager (15 properties) (frozen-keeper-locking-totally)] at node: tool_result; tool calls: [put_cvl_raw]
[ConsensusLayerDepositManager (15 properties) (frozen-keeper-locking-totally)] at node: tools
[ConsensusLayerDepositManager (15 properties) (frozen-keeper-locking-totally)] at node: tool_result; tool calls: [put_cvl_raw]
[ConsensusLayerDepositManager (15 properties) (frozen-keeper-locking-totally)] at node: tools
[ConsensusLayerDepositManager (15 properties) (frozen-keeper-locking-totally)] at node: tool_result; tool calls: [feedback_tool]
[ConsensusLayerDepositManager (15 properties) (frozen-keeper-locking-totally) / Property feedback judge] start  (via tool: toolu_01NBwEu1ReGn8hgXXXiu7Po6)
[ConsensusLayerDepositManager (15 properties) (frozen-keeper-locking-totally) / Property feedback judge] at node: initial; tool calls: [memory]
[ConsensusLayerDepositManager (15 properties) (frozen-keeper-locking-totally) / Property feedback judge] at node: tools
[ConsensusLayerDepositManager (15 properties) (frozen-keeper-locking-totally) / Property feedback judge] at node: tool_result; tool calls: [memory]
[ConsensusLayerDepositManager (15 properties) (frozen-keeper-locking-totally) / Property feedback judge] at node: tools
[ConsensusLayerDepositManager (15 properties) (frozen-keeper-locking-totally) / Property feedback judge] at node: tool_result; tool calls: [get_cvl]
[ConsensusLayerDepositManager (15 properties) (frozen-keeper-locking-totally) / Property feedback judge] at node: tools
[ConsensusLayerDepositManager (15 properties) (frozen-keeper-locking-totally) / Property feedback judge] at node: tool_result; tool calls: [write_rough_draft]
[ConsensusLayerDepositManager (15 properties) (frozen-keeper-locking-totally) / Property feedback judge] at node: tools
[ConsensusLayerDepositManager (15 properties) (frozen-keeper-locking-totally) / Property feedback judge] at node: tool_result; tool calls: [read_rough_draft]
[ConsensusLayerDepositManager (15 properties) (frozen-keeper-locking-totally) / Property feedback judge] at node: tools
[ConsensusLayerDepositManager (15 properties) (frozen-keeper-locking-totally) / Property feedback judge] at node: tool_result; tool calls: [memory]
[ConsensusLayerDepositManager (15 properties) (frozen-keeper-locking-totally) / Property feedback judge] at node: tools
[ConsensusLayerDepositManager (15 properties) (frozen-keeper-locking-totally) / Property feedback judge] at node: tool_result; tool calls: [result]
[ConsensusLayerDepositManager (15 properties) (frozen-keeper-locking-totally) / Property feedback judge] at node: tools
[ConsensusLayerDepositManager (15 properties) (frozen-keeper-locking-totally) / Property feedback judge] end
[ConsensusLayerDepositManager (15 properties) (frozen-keeper-locking-totally)] at node: tools
[ConsensusLayerDepositManager (15 properties) (frozen-keeper-locking-totally)] at node: tool_result; tool calls: [memory]
[ConsensusLayerDepositManager (15 properties) (frozen-keeper-locking-totally)] at node: tools
[ConsensusLayerDepositManager (15 properties) (frozen-keeper-locking-totally)] at node: tool_result; tool calls: [verify_spec]
[ConsensusLayerDepositManager (15 properties) (frozen-keeper-locking-totally)]: prover start
[River Core (Admin & Redemptions) (20 properties) (golden-proof-signing-greedily)]; prover complete
[River Core (Admin & Redemptions) (20 properties) (golden-proof-signing-greedily)] at node: tools
[River Core (Admin & Redemptions) (20 properties) (golden-proof-signing-greedily)] at node: tool_result; tool calls: [put_cvl_raw]
[River Core (Admin & Redemptions) (20 properties) (golden-proof-signing-greedily)] at node: tools
[River Core (Admin & Redemptions) (20 properties) (golden-proof-signing-greedily)] at node: tool_result; tool calls: [verify_spec]
[River Core (Admin & Redemptions) (20 properties) (golden-proof-signing-greedily)]: prover start
[ConsensusLayerDepositManager (15 properties) (frozen-keeper-locking-totally)]; prover complete
[ConsensusLayerDepositManager (15 properties) (frozen-keeper-locking-totally)] at node: tools
[ConsensusLayerDepositManager (15 properties) (frozen-keeper-locking-totally)] at node: tool_result; tool calls: [code_explorer]
[ConsensusLayerDepositManager (15 properties) (frozen-keeper-locking-totally) / Code Explorer: Do deposit(), depositAndTransfer(), requestRedeem(), or sendRedeemManagerExceedingFunds() write to the DepositedValidatorCount storage slot in RiverV1?] start  (via tool: toolu_016R4jZUmG2HgiGvwzqJaJkG)
[ConsensusLayerDepositManager (15 properties) (frozen-keeper-locking-totally) / Code Explorer: Do deposit(), depositAndTransfer(), requestRedeem(), or sendRedeemManagerExceedingFunds() write to the DepositedValidatorCount storage slot in RiverV1?] at node: initial; tool calls: [grep_files, grep_files]
[ConsensusLayerDepositManager (15 properties) (frozen-keeper-locking-totally) / Code Explorer: Do deposit(), depositAndTransfer(), requestRedeem(), or sendRedeemManagerExceedingFunds() write to the DepositedValidatorCount storage slot in RiverV1?] at node: tools
[ConsensusLayerDepositManager (15 properties) (frozen-keeper-locking-totally) / Code Explorer: Do deposit(), depositAndTransfer(), requestRedeem(), or sendRedeemManagerExceedingFunds() write to the DepositedValidatorCount storage slot in RiverV1?] at node: tool_result; tool calls: [get_file]
[ConsensusLayerDepositManager (15 properties) (frozen-keeper-locking-totally) / Code Explorer: Do deposit(), depositAndTransfer(), requestRedeem(), or sendRedeemManagerExceedingFunds() write to the DepositedValidatorCount storage slot in RiverV1?] at node: tools
[ConsensusLayerDepositManager (15 properties) (frozen-keeper-locking-totally) / Code Explorer: Do deposit(), depositAndTransfer(), requestRedeem(), or sendRedeemManagerExceedingFunds() write to the DepositedValidatorCount storage slot in RiverV1?] at node: tool_result; tool calls: [result]
[ConsensusLayerDepositManager (15 properties) (frozen-keeper-locking-totally) / Code Explorer: Do deposit(), depositAndTransfer(), requestRedeem(), or sendRedeemManagerExceedingFunds() write to the DepositedValidatorCount storage slot in RiverV1?] at node: tools
[ConsensusLayerDepositManager (15 properties) (frozen-keeper-locking-totally) / Code Explorer: Do deposit(), depositAndTransfer(), requestRedeem(), or sendRedeemManagerExceedingFunds() write to the DepositedValidatorCount storage slot in RiverV1?] end
[ConsensusLayerDepositManager (15 properties) (frozen-keeper-locking-totally)] at node: tools
[ConsensusLayerDepositManager (15 properties) (frozen-keeper-locking-totally)] at node: tool_result; tool calls: [put_cvl_raw]
[ConsensusLayerDepositManager (15 properties) (frozen-keeper-locking-totally)] at node: tools
[ConsensusLayerDepositManager (15 properties) (frozen-keeper-locking-totally)] at node: tool_result; tool calls: [feedback_tool]
[ConsensusLayerDepositManager (15 properties) (frozen-keeper-locking-totally) / Property feedback judge] start  (via tool: toolu_01VWayNUBbDodXZLTi499Rgx)
[ConsensusLayerDepositManager (15 properties) (frozen-keeper-locking-totally) / Property feedback judge] at node: initial; tool calls: [memory]
[ConsensusLayerDepositManager (15 properties) (frozen-keeper-locking-totally) / Property feedback judge] at node: tools
[ConsensusLayerDepositManager (15 properties) (frozen-keeper-locking-totally) / Property feedback judge] at node: tool_result; tool calls: [memory]
[ConsensusLayerDepositManager (15 properties) (frozen-keeper-locking-totally) / Property feedback judge] at node: tools
[ConsensusLayerDepositManager (15 properties) (frozen-keeper-locking-totally) / Property feedback judge] at node: tool_result; tool calls: [get_cvl]
[ConsensusLayerDepositManager (15 properties) (frozen-keeper-locking-totally) / Property feedback judge] at node: tools
[ConsensusLayerDepositManager (15 properties) (frozen-keeper-locking-totally) / Property feedback judge] at node: tool_result; tool calls: [write_rough_draft]
[ConsensusLayerDepositManager (15 properties) (frozen-keeper-locking-totally) / Property feedback judge] at node: tools
[ConsensusLayerDepositManager (15 properties) (frozen-keeper-locking-totally) / Property feedback judge] at node: tool_result; tool calls: [memory]
[ConsensusLayerDepositManager (15 properties) (frozen-keeper-locking-totally) / Property feedback judge] at node: tools
[ConsensusLayerDepositManager (15 properties) (frozen-keeper-locking-totally) / Property feedback judge] at node: tool_result; tool calls: [result]
[ConsensusLayerDepositManager (15 properties) (frozen-keeper-locking-totally) / Property feedback judge] at node: tools
[ConsensusLayerDepositManager (15 properties) (frozen-keeper-locking-totally) / Property feedback judge] at node: tool_result; tool calls: [read_rough_draft]
[ConsensusLayerDepositManager (15 properties) (frozen-keeper-locking-totally) / Property feedback judge] at node: tools
[ConsensusLayerDepositManager (15 properties) (frozen-keeper-locking-totally) / Property feedback judge] at node: tool_result; tool calls: [result]
[ConsensusLayerDepositManager (15 properties) (frozen-keeper-locking-totally) / Property feedback judge] at node: tools
[ConsensusLayerDepositManager (15 properties) (frozen-keeper-locking-totally) / Property feedback judge] end
[ConsensusLayerDepositManager (15 properties) (frozen-keeper-locking-totally)] at node: tools
[ConsensusLayerDepositManager (15 properties) (frozen-keeper-locking-totally)] at node: tool_result; tool calls: [memory]
[ConsensusLayerDepositManager (15 properties) (frozen-keeper-locking-totally)] at node: tools
[ConsensusLayerDepositManager (15 properties) (frozen-keeper-locking-totally)] at node: tool_result; tool calls: [verify_spec]
[ConsensusLayerDepositManager (15 properties) (frozen-keeper-locking-totally)]: prover start
[River Core (Admin & Redemptions) (20 properties) (golden-proof-signing-greedily)]; prover complete
[River Core (Admin & Redemptions) (20 properties) (golden-proof-signing-greedily)] at node: tools
[River Core (Admin & Redemptions) (20 properties) (golden-proof-signing-greedily)] at node: tool_result; tool calls: [put_cvl_raw]
[River Core (Admin & Redemptions) (20 properties) (golden-proof-signing-greedily)] at node: tools
[River Core (Admin & Redemptions) (20 properties) (golden-proof-signing-greedily)] at node: tool_result; tool calls: [verify_spec]
[River Core (Admin & Redemptions) (20 properties) (golden-proof-signing-greedily)]: prover start
[ConsensusLayerDepositManager (15 properties) (frozen-keeper-locking-totally)]; prover complete
[ConsensusLayerDepositManager (15 properties) (frozen-keeper-locking-totally)] at node: tools
[ConsensusLayerDepositManager (15 properties) (frozen-keeper-locking-totally)] at node: tool_result; tool calls: [cvl_research]
[ConsensusLayerDepositManager (15 properties) (frozen-keeper-locking-totally) / CVL Researcher] start  (via tool: toolu_01NfYTfH4hK3njx681Byc3i1)
[ConsensusLayerDepositManager (15 properties) (frozen-keeper-locking-totally) / CVL Researcher] at node: initial; tool calls: [cvl_keyword_search, cvl_manual_search]
[ConsensusLayerDepositManager (15 properties) (frozen-keeper-locking-totally) / CVL Researcher] at node: tools
[ConsensusLayerDepositManager (15 properties) (frozen-keeper-locking-totally) / CVL Researcher] at node: tool_result; tool calls: [cvl_manual_search, cvl_keyword_search]
[ConsensusLayerDepositManager (15 properties) (frozen-keeper-locking-totally) / CVL Researcher] at node: tools
[ConsensusLayerDepositManager (15 properties) (frozen-keeper-locking-totally) / CVL Researcher] at node: tool_result; tool calls: [get_cvl_manual_section, cvl_manual_search]
[ConsensusLayerDepositManager (15 properties) (frozen-keeper-locking-totally) / CVL Researcher] at node: tools
[ConsensusLayerDepositManager (15 properties) (frozen-keeper-locking-totally) / CVL Researcher] at node: tool_result; tool calls: [cvl_keyword_search, scan_knowledge_base]
[ConsensusLayerDepositManager (15 properties) (frozen-keeper-locking-totally) / CVL Researcher] at node: tools
[ConsensusLayerDepositManager (15 properties) (frozen-keeper-locking-totally) / CVL Researcher] at node: tool_result; tool calls: [get_cvl_manual_section]
[ConsensusLayerDepositManager (15 properties) (frozen-keeper-locking-totally) / CVL Researcher] at node: tools
[ConsensusLayerDepositManager (15 properties) (frozen-keeper-locking-totally) / CVL Researcher] at node: tool_result; tool calls: [cvl_keyword_search]
[ConsensusLayerDepositManager (15 properties) (frozen-keeper-locking-totally) / CVL Researcher] at node: tools
[ConsensusLayerDepositManager (15 properties) (frozen-keeper-locking-totally) / CVL Researcher] at node: tool_result; tool calls: [get_cvl_manual_section]
[ConsensusLayerDepositManager (15 properties) (frozen-keeper-locking-totally) / CVL Researcher] at node: tools
[ConsensusLayerDepositManager (15 properties) (frozen-keeper-locking-totally) / CVL Researcher] at node: tool_result; tool calls: [cvl_keyword_search]
[ConsensusLayerDepositManager (15 properties) (frozen-keeper-locking-totally) / CVL Researcher] at node: tools
[ConsensusLayerDepositManager (15 properties) (frozen-keeper-locking-totally) / CVL Researcher] at node: tool_result; tool calls: [cvl_manual_search]
[ConsensusLayerDepositManager (15 properties) (frozen-keeper-locking-totally) / CVL Researcher] at node: tools
[ConsensusLayerDepositManager (15 properties) (frozen-keeper-locking-totally) / CVL Researcher] at node: tool_result; tool calls: [cvl_manual_search]
[ConsensusLayerDepositManager (15 properties) (frozen-keeper-locking-totally) / CVL Researcher] at node: tools
[ConsensusLayerDepositManager (15 properties) (frozen-keeper-locking-totally) / CVL Researcher] at node: tool_result; tool calls: [cvl_manual_search, cvl_keyword_search]
[ConsensusLayerDepositManager (15 properties) (frozen-keeper-locking-totally) / CVL Researcher] at node: tools
[ConsensusLayerDepositManager (15 properties) (frozen-keeper-locking-totally) / CVL Researcher] at node: tool_result; tool calls: [cvl_manual_search]
[ConsensusLayerDepositManager (15 properties) (frozen-keeper-locking-totally) / CVL Researcher] at node: tools
[ConsensusLayerDepositManager (15 properties) (frozen-keeper-locking-totally) / CVL Researcher] at node: tool_result; tool calls: [scan_knowledge_base, cvl_manual_search]
[ConsensusLayerDepositManager (15 properties) (frozen-keeper-locking-totally) / CVL Researcher] at node: tools
[ConsensusLayerDepositManager (15 properties) (frozen-keeper-locking-totally) / CVL Researcher] at node: tool_result; tool calls: [write_rough_draft]
[ConsensusLayerDepositManager (15 properties) (frozen-keeper-locking-totally) / CVL Researcher] at node: tools
[ConsensusLayerDepositManager (15 properties) (frozen-keeper-locking-totally) / CVL Researcher] at node: tool_result; tool calls: [read_rough_draft]
[ConsensusLayerDepositManager (15 properties) (frozen-keeper-locking-totally) / CVL Researcher] at node: tools
[ConsensusLayerDepositManager (15 properties) (frozen-keeper-locking-totally) / CVL Researcher] at node: tool_result; tool calls: [result]
[ConsensusLayerDepositManager (15 properties) (frozen-keeper-locking-totally) / CVL Researcher] at node: tools
[ConsensusLayerDepositManager (15 properties) (frozen-keeper-locking-totally) / CVL Researcher] end
[ConsensusLayerDepositManager (15 properties) (frozen-keeper-locking-totally)] at node: tools
[ConsensusLayerDepositManager (15 properties) (frozen-keeper-locking-totally)] at node: tool_result; tool calls: [grep_files]
[ConsensusLayerDepositManager (15 properties) (frozen-keeper-locking-totally)] at node: tools
[ConsensusLayerDepositManager (15 properties) (frozen-keeper-locking-totally)] at node: tool_result; tool calls: [grep_files]
[ConsensusLayerDepositManager (15 properties) (frozen-keeper-locking-totally)] at node: tools
[ConsensusLayerDepositManager (15 properties) (frozen-keeper-locking-totally)] at node: tool_result; tool calls: [grep_files]
[ConsensusLayerDepositManager (15 properties) (frozen-keeper-locking-totally)] at node: tools
[ConsensusLayerDepositManager (15 properties) (frozen-keeper-locking-totally)] at node: tool_result; tool calls: [grep_files]
[ConsensusLayerDepositManager (15 properties) (frozen-keeper-locking-totally)] at node: tools
[ConsensusLayerDepositManager (15 properties) (frozen-keeper-locking-totally)] at node: tool_result; tool calls: [get_file]
[ConsensusLayerDepositManager (15 properties) (frozen-keeper-locking-totally)] at node: tools
[ConsensusLayerDepositManager (15 properties) (frozen-keeper-locking-totally)] at node: tool_result; tool calls: [grep_files]
[ConsensusLayerDepositManager (15 properties) (frozen-keeper-locking-totally)] at node: tools
[ConsensusLayerDepositManager (15 properties) (frozen-keeper-locking-totally)] at node: tool_result; tool calls: [grep_files]
[ConsensusLayerDepositManager (15 properties) (frozen-keeper-locking-totally)] at node: tools
[ConsensusLayerDepositManager (15 properties) (frozen-keeper-locking-totally)] at node: tool_result; tool calls: [list_files]
[River Core (Admin & Redemptions) (20 properties) (golden-proof-signing-greedily)]; prover complete
[ConsensusLayerDepositManager (15 properties) (frozen-keeper-locking-totally)] at node: tools
[River Core (Admin & Redemptions) (20 properties) (golden-proof-signing-greedily)] at node: tools
[River Core (Admin & Redemptions) (20 properties) (golden-proof-signing-greedily)] at node: tool_result; tool calls: [feedback_tool]
[River Core (Admin & Redemptions) (20 properties) (golden-proof-signing-greedily) / Property feedback judge] start  (via tool: toolu_013JBNscLmQPxuUq5KpkaPpB)
[River Core (Admin & Redemptions) (20 properties) (golden-proof-signing-greedily) / Property feedback judge] at node: initial; tool calls: [memory]
[River Core (Admin & Redemptions) (20 properties) (golden-proof-signing-greedily) / Property feedback judge] at node: tools
[River Core (Admin & Redemptions) (20 properties) (golden-proof-signing-greedily) / Property feedback judge] at node: tool_result; tool calls: [memory]
[River Core (Admin & Redemptions) (20 properties) (golden-proof-signing-greedily) / Property feedback judge] at node: tools
[ConsensusLayerDepositManager (15 properties) (frozen-keeper-locking-totally)] at node: tool_result; tool calls: [get_file]
[ConsensusLayerDepositManager (15 properties) (frozen-keeper-locking-totally)] at node: tools
[River Core (Admin & Redemptions) (20 properties) (golden-proof-signing-greedily) / Property feedback judge] at node: tool_result; tool calls: [get_cvl]
[River Core (Admin & Redemptions) (20 properties) (golden-proof-signing-greedily) / Property feedback judge] at node: tools
[River Core (Admin & Redemptions) (20 properties) (golden-proof-signing-greedily) / Property feedback judge] at node: tool_result; tool calls: [write_rough_draft]
[River Core (Admin & Redemptions) (20 properties) (golden-proof-signing-greedily) / Property feedback judge] at node: tools
[River Core (Admin & Redemptions) (20 properties) (golden-proof-signing-greedily) / Property feedback judge] at node: tool_result; tool calls: [read_rough_draft]
[River Core (Admin & Redemptions) (20 properties) (golden-proof-signing-greedily) / Property feedback judge] at node: tools
[River Core (Admin & Redemptions) (20 properties) (golden-proof-signing-greedily) / Property feedback judge] at node: tool_result; tool calls: [memory]
[River Core (Admin & Redemptions) (20 properties) (golden-proof-signing-greedily) / Property feedback judge] at node: tools
[River Core (Admin & Redemptions) (20 properties) (golden-proof-signing-greedily) / Property feedback judge] at node: tool_result; tool calls: [memory]
[River Core (Admin & Redemptions) (20 properties) (golden-proof-signing-greedily) / Property feedback judge] at node: tools
[River Core (Admin & Redemptions) (20 properties) (golden-proof-signing-greedily) / Property feedback judge] at node: tool_result; tool calls: [result]
[River Core (Admin & Redemptions) (20 properties) (golden-proof-signing-greedily) / Property feedback judge] at node: tools
[River Core (Admin & Redemptions) (20 properties) (golden-proof-signing-greedily) / Property feedback judge] end
[River Core (Admin & Redemptions) (20 properties) (golden-proof-signing-greedily)] at node: tools
[River Core (Admin & Redemptions) (20 properties) (golden-proof-signing-greedily)] at node: tool_result; tool calls: [memory]
[River Core (Admin & Redemptions) (20 properties) (golden-proof-signing-greedily)] at node: tools
[River Core (Admin & Redemptions) (20 properties) (golden-proof-signing-greedily)] at node: tool_result; tool calls: [result]
[River Core (Admin & Redemptions) (20 properties) (golden-proof-signing-greedily)] at node: tools
[River Core (Admin & Redemptions) (20 properties) (golden-proof-signing-greedily)] end
[River Core (Admin & Redemptions) (20 properties)] ✓ done
[ConsensusLayerDepositManager (15 properties) (frozen-keeper-locking-totally)] at node: tool_result; tool calls: [put_cvl_raw]
[ConsensusLayerDepositManager (15 properties) (frozen-keeper-locking-totally)] at node: tools
[ConsensusLayerDepositManager (15 properties) (frozen-keeper-locking-totally)] at node: tool_result; tool calls: [feedback_tool]
[ConsensusLayerDepositManager (15 properties) (frozen-keeper-locking-totally) / Property feedback judge] start  (via tool: toolu_015PYbLNVY6ZXg4xjYFAYnEr)
[ConsensusLayerDepositManager (15 properties) (frozen-keeper-locking-totally) / Property feedback judge] at node: initial; tool calls: [memory]
[ConsensusLayerDepositManager (15 properties) (frozen-keeper-locking-totally) / Property feedback judge] at node: tools
[ConsensusLayerDepositManager (15 properties) (frozen-keeper-locking-totally) / Property feedback judge] at node: tool_result; tool calls: [memory]
[ConsensusLayerDepositManager (15 properties) (frozen-keeper-locking-totally) / Property feedback judge] at node: tools
[ConsensusLayerDepositManager (15 properties) (frozen-keeper-locking-totally) / Property feedback judge] at node: tool_result; tool calls: [get_cvl]
[ConsensusLayerDepositManager (15 properties) (frozen-keeper-locking-totally) / Property feedback judge] at node: tools
[ConsensusLayerDepositManager (15 properties) (frozen-keeper-locking-totally) / Property feedback judge] at node: tool_result; tool calls: [write_rough_draft]
[ConsensusLayerDepositManager (15 properties) (frozen-keeper-locking-totally) / Property feedback judge] at node: tools
[ConsensusLayerDepositManager (15 properties) (frozen-keeper-locking-totally) / Property feedback judge] at node: tool_result; tool calls: [read_rough_draft]
[ConsensusLayerDepositManager (15 properties) (frozen-keeper-locking-totally) / Property feedback judge] at node: tools
[ConsensusLayerDepositManager (15 properties) (frozen-keeper-locking-totally) / Property feedback judge] at node: tool_result; tool calls: [memory]
[ConsensusLayerDepositManager (15 properties) (frozen-keeper-locking-totally) / Property feedback judge] at node: tools
[ConsensusLayerDepositManager (15 properties) (frozen-keeper-locking-totally) / Property feedback judge] at node: tool_result; tool calls: [result]
[ConsensusLayerDepositManager (15 properties) (frozen-keeper-locking-totally) / Property feedback judge] at node: tools
[ConsensusLayerDepositManager (15 properties) (frozen-keeper-locking-totally) / Property feedback judge] end
[ConsensusLayerDepositManager (15 properties) (frozen-keeper-locking-totally)] at node: tools
[ConsensusLayerDepositManager (15 properties) (frozen-keeper-locking-totally)] at node: tool_result; tool calls: [memory]
[ConsensusLayerDepositManager (15 properties) (frozen-keeper-locking-totally)] at node: tools
[ConsensusLayerDepositManager (15 properties) (frozen-keeper-locking-totally)] at node: tool_result; tool calls: [verify_spec]
[ConsensusLayerDepositManager (15 properties) (frozen-keeper-locking-totally)]: prover start
[ConsensusLayerDepositManager (15 properties) (frozen-keeper-locking-totally)]; prover complete
[ConsensusLayerDepositManager (15 properties) (frozen-keeper-locking-totally)] at node: tools
[ConsensusLayerDepositManager (15 properties) (frozen-keeper-locking-totally)] at node: tool_result; tool calls: [cvl_research]
[ConsensusLayerDepositManager (15 properties) (frozen-keeper-locking-totally) / CVL Researcher] start  (via tool: toolu_01S7CqiVFtyypLyQV5szW3M1)
[ConsensusLayerDepositManager (15 properties) (frozen-keeper-locking-totally) / CVL Researcher] at node: initial; tool calls: [cvl_manual_search, cvl_keyword_search]
[ConsensusLayerDepositManager (15 properties) (frozen-keeper-locking-totally) / CVL Researcher] at node: tools
[ConsensusLayerDepositManager (15 properties) (frozen-keeper-locking-totally) / CVL Researcher] at node: tool_result; tool calls: [get_cvl_manual_section, get_cvl_manual_section]
[ConsensusLayerDepositManager (15 properties) (frozen-keeper-locking-totally) / CVL Researcher] at node: tools
[ConsensusLayerDepositManager (15 properties) (frozen-keeper-locking-totally) / CVL Researcher] at node: tool_result; tool calls: [cvl_keyword_search, cvl_manual_search]
[ConsensusLayerDepositManager (15 properties) (frozen-keeper-locking-totally) / CVL Researcher] at node: tools
[ConsensusLayerDepositManager (15 properties) (frozen-keeper-locking-totally) / CVL Researcher] at node: tool_result; tool calls: [cvl_keyword_search]
[ConsensusLayerDepositManager (15 properties) (frozen-keeper-locking-totally) / CVL Researcher] at node: tools
[ConsensusLayerDepositManager (15 properties) (frozen-keeper-locking-totally) / CVL Researcher] at node: tool_result; tool calls: [cvl_keyword_search]
[ConsensusLayerDepositManager (15 properties) (frozen-keeper-locking-totally) / CVL Researcher] at node: tools
[ConsensusLayerDepositManager (15 properties) (frozen-keeper-locking-totally) / CVL Researcher] at node: tool_result; tool calls: [cvl_manual_search, scan_knowledge_base]
[ConsensusLayerDepositManager (15 properties) (frozen-keeper-locking-totally) / CVL Researcher] at node: tools
[ConsensusLayerDepositManager (15 properties) (frozen-keeper-locking-totally) / CVL Researcher] at node: tool_result; tool calls: [cvl_keyword_search]
[ConsensusLayerDepositManager (15 properties) (frozen-keeper-locking-totally) / CVL Researcher] at node: tools
[ConsensusLayerDepositManager (15 properties) (frozen-keeper-locking-totally) / CVL Researcher] at node: tool_result; tool calls: [cvl_keyword_search]
[ConsensusLayerDepositManager (15 properties) (frozen-keeper-locking-totally) / CVL Researcher] at node: tools
[ConsensusLayerDepositManager (15 properties) (frozen-keeper-locking-totally) / CVL Researcher] at node: tool_result; tool calls: [cvl_keyword_search]
[ConsensusLayerDepositManager (15 properties) (frozen-keeper-locking-totally) / CVL Researcher] at node: tools
[ConsensusLayerDepositManager (15 properties) (frozen-keeper-locking-totally) / CVL Researcher] at node: tool_result; tool calls: [get_cvl_manual_section]
[ConsensusLayerDepositManager (15 properties) (frozen-keeper-locking-totally) / CVL Researcher] at node: tools
[ConsensusLayerDepositManager (15 properties) (frozen-keeper-locking-totally) / CVL Researcher] at node: tool_result; tool calls: [cvl_manual_search]
[ConsensusLayerDepositManager (15 properties) (frozen-keeper-locking-totally) / CVL Researcher] at node: tools
[ConsensusLayerDepositManager (15 properties) (frozen-keeper-locking-totally) / CVL Researcher] at node: tool_result; tool calls: [cvl_keyword_search, scan_knowledge_base]
[ConsensusLayerDepositManager (15 properties) (frozen-keeper-locking-totally) / CVL Researcher] at node: tools
[ConsensusLayerDepositManager (15 properties) (frozen-keeper-locking-totally) / CVL Researcher] at node: tool_result; tool calls: [get_knowledge_base_article]
[ConsensusLayerDepositManager (15 properties) (frozen-keeper-locking-totally) / CVL Researcher] at node: tools
[ConsensusLayerDepositManager (15 properties) (frozen-keeper-locking-totally) / CVL Researcher] at node: tool_result; tool calls: [cvl_keyword_search, cvl_keyword_search]
[ConsensusLayerDepositManager (15 properties) (frozen-keeper-locking-totally) / CVL Researcher] at node: tools
[ConsensusLayerDepositManager (15 properties) (frozen-keeper-locking-totally) / CVL Researcher] at node: tool_result; tool calls: [cvl_keyword_search]
[ConsensusLayerDepositManager (15 properties) (frozen-keeper-locking-totally) / CVL Researcher] at node: tools
[ConsensusLayerDepositManager (15 properties) (frozen-keeper-locking-totally) / CVL Researcher] at node: tool_result; tool calls: [cvl_manual_search]
[ConsensusLayerDepositManager (15 properties) (frozen-keeper-locking-totally) / CVL Researcher] at node: tools
[ConsensusLayerDepositManager (15 properties) (frozen-keeper-locking-totally) / CVL Researcher] at node: tool_result; tool calls: [cvl_keyword_search, cvl_keyword_search]
[ConsensusLayerDepositManager (15 properties) (frozen-keeper-locking-totally) / CVL Researcher] at node: tools
[ConsensusLayerDepositManager (15 properties) (frozen-keeper-locking-totally) / CVL Researcher] at node: tool_result; tool calls: [cvl_keyword_search]
[ConsensusLayerDepositManager (15 properties) (frozen-keeper-locking-totally) / CVL Researcher] at node: tools
[ConsensusLayerDepositManager (15 properties) (frozen-keeper-locking-totally) / CVL Researcher] at node: tool_result; tool calls: [cvl_keyword_search]
[ConsensusLayerDepositManager (15 properties) (frozen-keeper-locking-totally) / CVL Researcher] at node: tools
[ConsensusLayerDepositManager (15 properties) (frozen-keeper-locking-totally) / CVL Researcher] at node: tool_result; tool calls: [cvl_manual_search]
[ConsensusLayerDepositManager (15 properties) (frozen-keeper-locking-totally) / CVL Researcher] at node: tools
[ConsensusLayerDepositManager (15 properties) (frozen-keeper-locking-totally) / CVL Researcher] at node: tool_result; tool calls: [cvl_keyword_search, cvl_keyword_search]
[ConsensusLayerDepositManager (15 properties) (frozen-keeper-locking-totally) / CVL Researcher] at node: tools
[ConsensusLayerDepositManager (15 properties) (frozen-keeper-locking-totally) / CVL Researcher] at node: summarize
[ConsensusLayerDepositManager (15 properties) (frozen-keeper-locking-totally) / CVL Researcher] at node: tool_result; tool calls: [write_rough_draft]
[ConsensusLayerDepositManager (15 properties) (frozen-keeper-locking-totally) / CVL Researcher] at node: tools
[ConsensusLayerDepositManager (15 properties) (frozen-keeper-locking-totally) / CVL Researcher] at node: tool_result; tool calls: [read_rough_draft]
[ConsensusLayerDepositManager (15 properties) (frozen-keeper-locking-totally) / CVL Researcher] at node: tools
[ConsensusLayerDepositManager (15 properties) (frozen-keeper-locking-totally) / CVL Researcher] at node: tool_result; tool calls: [result]
[ConsensusLayerDepositManager (15 properties) (frozen-keeper-locking-totally) / CVL Researcher] at node: tools
[ConsensusLayerDepositManager (15 properties) (frozen-keeper-locking-totally) / CVL Researcher] end
[ConsensusLayerDepositManager (15 properties) (frozen-keeper-locking-totally)] at node: tools
[ConsensusLayerDepositManager (15 properties) (frozen-keeper-locking-totally)] at node: tool_result; tool calls: [put_cvl_raw]
[ConsensusLayerDepositManager (15 properties) (frozen-keeper-locking-totally)] at node: tools
[ConsensusLayerDepositManager (15 properties) (frozen-keeper-locking-totally)] at node: tool_result; tool calls: [feedback_tool]
[ConsensusLayerDepositManager (15 properties) (frozen-keeper-locking-totally) / Property feedback judge] start  (via tool: toolu_01CzRQYHMNKtwiBy48CRZL6k)
[ConsensusLayerDepositManager (15 properties) (frozen-keeper-locking-totally) / Property feedback judge] at node: initial; tool calls: [memory]
[ConsensusLayerDepositManager (15 properties) (frozen-keeper-locking-totally) / Property feedback judge] at node: tools
[ConsensusLayerDepositManager (15 properties) (frozen-keeper-locking-totally) / Property feedback judge] at node: tool_result; tool calls: [memory]
[ConsensusLayerDepositManager (15 properties) (frozen-keeper-locking-totally) / Property feedback judge] at node: tools
[ConsensusLayerDepositManager (15 properties) (frozen-keeper-locking-totally) / Property feedback judge] at node: tool_result; tool calls: [get_cvl]
[ConsensusLayerDepositManager (15 properties) (frozen-keeper-locking-totally) / Property feedback judge] at node: tools
[ConsensusLayerDepositManager (15 properties) (frozen-keeper-locking-totally) / Property feedback judge] at node: tool_result; tool calls: [write_rough_draft]
[ConsensusLayerDepositManager (15 properties) (frozen-keeper-locking-totally) / Property feedback judge] at node: tools
[ConsensusLayerDepositManager (15 properties) (frozen-keeper-locking-totally) / Property feedback judge] at node: tool_result; tool calls: [memory]
[ConsensusLayerDepositManager (15 properties) (frozen-keeper-locking-totally) / Property feedback judge] at node: tools
[ConsensusLayerDepositManager (15 properties) (frozen-keeper-locking-totally) / Property feedback judge] at node: tool_result; tool calls: [result]
[ConsensusLayerDepositManager (15 properties) (frozen-keeper-locking-totally) / Property feedback judge] at node: tools
[ConsensusLayerDepositManager (15 properties) (frozen-keeper-locking-totally) / Property feedback judge] at node: tool_result; tool calls: [read_rough_draft]
[ConsensusLayerDepositManager (15 properties) (frozen-keeper-locking-totally) / Property feedback judge] at node: tools
[ConsensusLayerDepositManager (15 properties) (frozen-keeper-locking-totally) / Property feedback judge] at node: tool_result; tool calls: [result]
[ConsensusLayerDepositManager (15 properties) (frozen-keeper-locking-totally) / Property feedback judge] at node: tools
[ConsensusLayerDepositManager (15 properties) (frozen-keeper-locking-totally) / Property feedback judge] end
[ConsensusLayerDepositManager (15 properties) (frozen-keeper-locking-totally)] at node: tools
[ConsensusLayerDepositManager (15 properties) (frozen-keeper-locking-totally)] at node: tool_result; tool calls: [memory]
[ConsensusLayerDepositManager (15 properties) (frozen-keeper-locking-totally)] at node: tools
[ConsensusLayerDepositManager (15 properties) (frozen-keeper-locking-totally)] at node: tool_result; tool calls: [verify_spec]
[ConsensusLayerDepositManager (15 properties) (frozen-keeper-locking-totally)]: prover start
[ConsensusLayerDepositManager (15 properties) (frozen-keeper-locking-totally)]; prover complete
[ConsensusLayerDepositManager (15 properties) (frozen-keeper-locking-totally)] at node: tools
[ConsensusLayerDepositManager (15 properties) (frozen-keeper-locking-totally)] at node: tool_result; tool calls: [memory]
[ConsensusLayerDepositManager (15 properties) (frozen-keeper-locking-totally)] at node: tools
[ConsensusLayerDepositManager (15 properties) (frozen-keeper-locking-totally)] at node: summarize
[ConsensusLayerDepositManager (15 properties) (frozen-keeper-locking-totally)] at node: tool_result; tool calls: [memory]
[ConsensusLayerDepositManager (15 properties) (frozen-keeper-locking-totally)] at node: tools
[ConsensusLayerDepositManager (15 properties) (frozen-keeper-locking-totally)] at node: tool_result; tool calls: [memory]
[ConsensusLayerDepositManager (15 properties) (frozen-keeper-locking-totally)] at node: tools
[ConsensusLayerDepositManager (15 properties) (frozen-keeper-locking-totally)] at node: tool_result; tool calls: [get_cvl]
[ConsensusLayerDepositManager (15 properties) (frozen-keeper-locking-totally)] at node: tools
[ConsensusLayerDepositManager (15 properties) (frozen-keeper-locking-totally)] at node: tool_result; tool calls: [record_skip, record_skip]
[ConsensusLayerDepositManager (15 properties) (frozen-keeper-locking-totally)] at node: tool_result; tool calls: [verify_spec]
[ConsensusLayerDepositManager (15 properties) (frozen-keeper-locking-totally)]: prover start
[ConsensusLayerDepositManager (15 properties) (frozen-keeper-locking-totally)]; prover complete
[ConsensusLayerDepositManager (15 properties) (frozen-keeper-locking-totally)] at node: tools
[ConsensusLayerDepositManager (15 properties) (frozen-keeper-locking-totally)] at node: tool_result; tool calls: [feedback_tool]
[ConsensusLayerDepositManager (15 properties) (frozen-keeper-locking-totally) / Property feedback judge] start  (via tool: toolu_01WhXD31LukpFoCUiPESSXaq)
[ConsensusLayerDepositManager (15 properties) (frozen-keeper-locking-totally) / Property feedback judge] at node: initial; tool calls: [memory]
[ConsensusLayerDepositManager (15 properties) (frozen-keeper-locking-totally) / Property feedback judge] at node: tools
[ConsensusLayerDepositManager (15 properties) (frozen-keeper-locking-totally) / Property feedback judge] at node: tool_result; tool calls: [memory]
[ConsensusLayerDepositManager (15 properties) (frozen-keeper-locking-totally) / Property feedback judge] at node: tools
[ConsensusLayerDepositManager (15 properties) (frozen-keeper-locking-totally) / Property feedback judge] at node: tool_result; tool calls: [get_cvl]
[ConsensusLayerDepositManager (15 properties) (frozen-keeper-locking-totally) / Property feedback judge] at node: tools
[ConsensusLayerDepositManager (15 properties) (frozen-keeper-locking-totally) / Property feedback judge] at node: tool_result; tool calls: [write_rough_draft]
[ConsensusLayerDepositManager (15 properties) (frozen-keeper-locking-totally) / Property feedback judge] at node: tools
[ConsensusLayerDepositManager (15 properties) (frozen-keeper-locking-totally) / Property feedback judge] at node: tool_result; tool calls: [read_rough_draft]
[ConsensusLayerDepositManager (15 properties) (frozen-keeper-locking-totally) / Property feedback judge] at node: tools
[ConsensusLayerDepositManager (15 properties) (frozen-keeper-locking-totally) / Property feedback judge] at node: tool_result; tool calls: [memory]
[ConsensusLayerDepositManager (15 properties) (frozen-keeper-locking-totally) / Property feedback judge] at node: tools
[ConsensusLayerDepositManager (15 properties) (frozen-keeper-locking-totally) / Property feedback judge] at node: tool_result; tool calls: [result]
[ConsensusLayerDepositManager (15 properties) (frozen-keeper-locking-totally) / Property feedback judge] at node: tools
[ConsensusLayerDepositManager (15 properties) (frozen-keeper-locking-totally) / Property feedback judge] end
[ConsensusLayerDepositManager (15 properties) (frozen-keeper-locking-totally)] at node: tools
[ConsensusLayerDepositManager (15 properties) (frozen-keeper-locking-totally)] at node: tool_result; tool calls: [memory]
[ConsensusLayerDepositManager (15 properties) (frozen-keeper-locking-totally)] at node: tools
[ConsensusLayerDepositManager (15 properties) (frozen-keeper-locking-totally)] at node: tool_result; tool calls: [result]
[ConsensusLayerDepositManager (15 properties) (frozen-keeper-locking-totally)] at node: tools
[ConsensusLayerDepositManager (15 properties) (frozen-keeper-locking-totally)] end
[ConsensusLayerDepositManager (15 properties)] ✓ done

============================================================
Auto-prove complete
  Components:  5
  Properties:  93
============================================================
